member_id,first_name,last_name,gender,date_of_birth,age,city,membership_type,registration_date,phone_number,email
M000001,Kavita,Malhotra,Female,1996-10-20,29,Pune,Individual,2025-01-20,8963974119,kavita.malhotra52@gmail.com
M000002,Puneet,Ahluwalia,Male,1970-03-10,55,Vijayawada,Individual,2023-06-20,8001900664,puneet.ahluwalia57@outlook.com
M000003,Kirti,Patel,Female,2003-03-26,22,Bengaluru,Individual,2021-06-22,8070401062,kirti.patel57@gmail.com
M000004,Vivek,Reddy,Male,1983-12-17,42,Madurai,Family,2023-02-12,8918400525,vivek.reddy29@outlook.com
M000005,Saurabh,Nair,Male,1971-04-11,54,Gurugram,Corporate,2020-11-10,8763550243,saurabh.nair15@gmail.com
M000006,Priyal,Verma,Female,2004-07-27,21,Coimbatore,Family,2020-02-11,8025442511,priyal.verma68@outlook.com
M000007,Dev,Chawla,Male,1979-07-21,46,Kozhikode,Individual,2025-08-31,8028264506,dev.chawla88@outlook.com
M000008,Sameer,Patel,Male,1989-11-23,36,Kozhikode,Individual,2021-01-26,8356014339,sameer.patel18@yahoo.com
M000009,Isha,Kulkarni,Female,2000-07-17,25,Ahmedabad,Family,2023-06-12,8301208505,isha.kulkarni54@gmail.com
M000010,Aditya,Shah,Male,1995-12-16,30,Hyderabad,Individual,2022-02-07,8753658632,aditya.shah99@outlook.com
M000011,Rohan,Sharma,Female,1998-12-02,27,Vijayawada,Family,2020-03-29,8836317387,rohan.sharma94@yahoo.com
M000012,Sanjay,Bansal,Male,1994-06-30,31,Gurugram,Individual,2025-02-05,8112550775,sanjay.bansal9@yahoo.com
M000013,Ishaan,Chawla,Male,1977-06-04,48,Pune,Family,2021-06-27,8119255950,ishaan.chawla50@gmail.com
M000014,Ritu,Kapoor,Female,1976-10-01,49,Delhi,Corporate,2024-08-12,8267934410,ritu.kapoor6@yahoo.com
M000015,Nikhil,Mishra,Male,1995-01-16,30,Mumbai,Corporate,2023-07-18,8066045067,nikhil.mishra74@outlook.com
M000016,Aditya,Shah,Male,1956-04-26,69,Kochi,Individual,2021-07-08,8367156728,aditya.shah40@yahoo.com
M000017,Tanvi,Nair,Female,1958-03-28,67,Mangaluru,Corporate,2022-09-07,8614154104,tanvi.nair85@outlook.com
M000018,Shaurya,Agarwal,Male,1995-10-14,30,Visakhapatnam,Individual,2024-06-07,8802057213,shaurya.agarwal75@outlook.com
M000019,Puneet,Sharma,Male,1971-06-13,54,Delhi,Individual,2021-01-30,8558234291,puneet.sharma36@outlook.com
M000020,Charu,Choudhary,Female,1972-07-06,53,Chennai,Individual,2020-07-02,8316081560,charu.choudhary7@outlook.com
M000021,Ritu,Khanna,Female,1959-06-01,66,Bengaluru,Individual,2023-11-23,8328048327,ritu.khanna63@gmail.com
M000022,Esha,Chawla,Female,1965-10-24,60,Chennai,Corporate,2022-03-16,8566310851,esha.chawla45@outlook.com
M000023,Riya,Ahluwalia,Female,2001-12-13,24,Mangaluru,Family,2020-01-24,8230395389,riya.ahluwalia69@yahoo.com
M000024,Karan,Chopra,Male,1997-09-15,28,Kozhikode,Individual,2024-12-02,8854933496,karan.chopra43@yahoo.com
M000025,Puneet,Agarwal,Male,1994-07-21,31,Kozhikode,Family,2025-06-12,8845664523,puneetagarwalgmail.com
M000026,Shaurya,Pandey,Male,1989-01-20,36,Gurugram,Family,2021-04-24,8287419069,shaurya.pandey80@outlook.com
M000027,Juhi,Pandey,Female,1994-04-02,31,Gurugram,Family,2023-01-15,8198254530,juhi.pandey81@yahoo.com
M000028,Dev,Kapoor,Male,1977-02-01,48,Pune,Family,2025-11-01,8291166542,dev.kapoor45@yahoo.com
M000029,Ankit,Joshi,Male,1960-06-15,65,Warangal,Family,2024-02-21,8217282166,ankit.joshi26@gmail.com
M000030,Rohit,Chawla,Male,1999-05-15,26,Madurai,Family,2023-03-03,8889665631,rohit.chawla60@outlook.com
M000031,Saurabh,Mishra,Male,2005-12-10,20,Delhi,Individual,2025-04-24,8243877504,saurabh.mishra29@outlook.com
M000032,Sanjay,Patel,Male,1969-05-29,56,Bengaluru,Family,2022-11-24,8083712218,sanjay.patel14@gmail.com
M000033,Arvind,Agarwal,Male,1984-04-26,41,Vijayawada,Corporate,2025-07-30,8292496178,arvindagarwal@@gmail.com
M000034,Aryan,Kapoor,Male,1999-02-11,26,Warangal,Family,2022-09-17,8960730830,aryan.kapoor68@outlook.com
M000035,Shaurya,Sharma,Male,1995-08-11,30,Bengaluru,Corporate,2020-09-15,8111799844,shaurya.sharma53@outlook.com
M000036,Ojasvi,Khanna,Female,1990-01-16,35,Kochi,Individual,2020-06-13,8008469179,ojasvi.khanna87@outlook.com
M000037,Nikhil,Saxena,Male,2003-10-08,22,Chennai,Individual,2024-09-09,8819955571,nikhil.saxena79@gmail.com
M000038,Kabir,Sharma,Male,1963-02-05,62,Mysuru,Family,2025-12-20,8458937064,kabir.sharma10@outlook.com
M000039,Vikram,Saxena,Male,1971-04-11,54,Mysuru,Individual,2025-08-04,8131186953,vikram.saxena3@yahoo.com
M000040,Riya,Chopra,Female,2000-11-25,25,Bengaluru,Corporate,2023-05-02,8262992680,riya.chopra87@yahoo.com
M000041,Ankit,Pandey,Male,1958-08-05,67,Bengaluru,Corporate,2022-06-16,8174162012,ankit.pandey40@gmail.com
M000042,Saurabh,Sharma,Male,1960-10-27,65,Madurai,Family,2024-07-09,8243010592,saurabh.sharma74@gmail.com
M000043,Saurabh,Nair,Male,1976-03-10,49,Pune,Family,2025-01-30,8217004295,saurabh.nair86@gmail.com
M000044,Vikram,Agarwal,Male,1990-06-12,35,Delhi,Corporate,2023-04-08,8103787001,vikram.agarwal23@outlook.com
M000045,Aditya,Chawla,F,1960-11-12,65,Mumbai,Corporate,2021-09-02,8737340942,aditya.chawla36@gmail.com
M000046,Vihaan,Agarwal,Male,2000-04-12,25,Pune,Family,2025-06-13,8931576730,vihaan.agarwal21@yahoo.com
M000047,Ojasvi,Kapoor,Female,1976-10-16,49,Warangal,Individual,2025-04-17,8830093481,ojasvi.kapoor69@outlook.com
M000048,Rohit,Bhatia,Male,2000-03-22,25,Kozhikode,Corporate,2023-09-28,8181846195,rohit.bhatia2@outlook.com
M000049,Manish,Bhatia,Male,1995-03-09,30,Delhi,Corporate,2023-03-06,8160832995,manish.bhatia92@outlook.com
M000050,Amit,Sharma,Male,1989-08-22,36,Gurugram,Corporate,2021-10-16,8054760064,
M000051,Siddharth,Mishra,M,1984-01-30,41,Madurai,Individual,2022-02-12,8486278239,siddharth.mishra20@gmail.com
M000052,Garima,Kulkarni,F,1997-12-23,28,Mumbai,Corporate,2025-02-15,8610800736,garima.kulkarni43@outlook.com
M000053,Pooja,Menon,Female,1977-09-18,48,Bengaluru,Corporate,2024-04-29,8684453785,pooja.menon21@gmail.com
M000054,Neha,Iyer,Female,1990-10-17,35,Ahmedabad,Corporate,2024-04-25,8495069655,neha.iyer43@outlook.com
M000055,Meghna,Tiwari,Female,1995-08-19,30,Vijayawada,Individual,2022-10-15,8309667667,meghna.tiwari85@yahoo.com
M000056,Tanvi,Kapoor,Female,1998-11-27,27,Delhi,Corporate,2024-07-26,8229819388,tanvi.kapoor20@outlook.com
M000057,Kirti,Khanna,Female,1959-09-03,66,Pune,Family,2022-04-08,8763935651,kirti.khanna1@outlook.com
M000058,Shaurya,Chawla,Male,1993-05-25,32,Bengaluru,Family,2023-01-05,8115812426,shaurya.chawla20@outlook.com
M000059,Isha,Choudhary,Female,2005-08-28,20,Ahmedabad,Individual,2025-10-16,8899873490,isha.choudhary53@outlook.com
M000060,Charu,Ahluwalia,Female,1959-08-03,66,Mumbai,Individual,2021-12-15,8793857984,charu.ahluwalia47@outlook.com
M000061,Rohit,Mehta,Male,1964-05-17,61,Mangaluru,Family,2023-07-10,8119828452,rohit.mehta1@yahoo.com
M000062,Rakesh,Khanna,Female,1998-12-23,27,Visakhapatnam,Individual,2023-05-15,8040871442,rakesh.khanna83@yahoo.com
M000063,Sneha,Sharma,Female,1956-07-27,69,Gurugram,Corporate,2020-05-19,8345314514,sneha.sharma22@gmail.com
M000064,Vikram,Kulkarni,Male,2000-01-29,25,Delhi,Corporate,2025-06-02,8641883959,vikram.kulkarni23@gmail.com
M000065,Tushar,Saxena,Male,1989-06-18,36,Kozhikode,Corporate,2022-06-10,8195591006,tushar.saxena92@yahoo.com
M000066,Tushar,Verma,Male,1970-06-18,55,Kochi,Corporate,2024-11-30,8058567855,tusharvermagmail.com
M000067,Kavita,Bhatia,Female,1965-01-28,60,Mumbai,Individual,2021-08-03,8495013330,kavita.bhatia7@gmail.com
M000068,Charu,Desai,Female,1974-03-30,51,Mumbai,Individual,2022-06-15,8863871276,charu.desai74@yahoo.com
M000069,Pooja,Agarwal,Female,1981-09-12,44,Hyderabad,Family,2022-06-14,8600133668,pooja.agarwal30@outlook.com
M000070,Charu,Choudhary,Female,1978-01-22,47,Kochi,Corporate,2025-06-13,8028590593,charu.choudhary51@gmail.com
M000071,Nikhil,Patel,Male,1974-03-30,51,Kozhikode,Individual,2023-05-08,8311275498,nikhil.patel73@yahoo.com
M000072,Aditya,Bhatia,Male,1992-12-07,33,Madurai,Individual,2022-10-05,8046833141,aditya.bhatia66@outlook.com
M000073,Esha,Iyer,Female,1964-09-04,61,Madurai,Family,2025-12-01,8989055605,esha.iyer36@gmail.com
M000074,Shaurya,Nair,Male,1991-05-13,34,Ahmedabad,Family,2023-01-17,8864571179,shaurya.nair76@yahoo.com
M000075,Dev,Malhotra,Male,1969-12-06,56,Mumbai,Family,2021-09-03,8831466975,dev.malhotra70@outlook.com
M000076,Rakesh,Saxena,Male,1970-05-05,55,Ahmedabad,Corporate,2022-04-03,8922709437,rakesh.saxena53@gmail.com
M000077,Kirti,Tiwari,Female,1961-09-02,64,Delhi,Corporate,2022-08-15,8562320525,kirti.tiwari82@outlook.com
M000078,Meghna,Ahluwalia,Female,1995-12-30,30,Mangaluru,Family,2022-05-18,8674190316,meghna.ahluwalia35@yahoo.com
M000079,Gaurav,Rao,Male,2001-06-27,24,Kochi,Corporate,2023-12-10,8131244995,gaurav.rao48@yahoo.com
M000080,Shweta,Mishra,Female,1982-10-28,43,Visakhapatnam,Corporate,2025-06-22,8359644414,shweta.mishra91@yahoo.com
M000081,Shweta,Shah,Female,1997-08-03,28,Coimbatore,Individual,2022-01-08,8709337086,shweta.shah73@yahoo.com
M000082,Pooja,Menon,Female,1967-05-25,58,Kozhikode,Family,2021-11-18,8080711057,pooja.menon34@yahoo.com
M000083,Bhavna,Khanna,Female,1974-04-18,51,Mumbai,Individual,2020-02-23,8164897962,bhavna.khanna57@outlook.com
M000084,Neha,Patel,Female,1957-06-21,68,Visakhapatnam,Family,2024-10-12,8389907418,neha.patel33@yahoo.com
M000085,Siddharth,Pandey,Male,1981-03-18,44,Delhi,Individual,2023-02-17,8252029885,siddharth.pandey98@yahoo.com
M000086,Priyal,Saxena,Female,1978-12-15,47,Vijayawada,Individual,2025-12-09,8103993823,
M000087,Nisha,Pandey,Female,2001-02-17,24,Chennai,Individual,2024-04-07,8353304508,nisha.pandey41@yahoo.com
M000088,Riya,Pandey,Female,1976-12-19,49,Delhi,Individual,2023-03-13,8395192777,riya.pandey63@outlook.com
M000089,Priyal,Kapoor,Female,2002-11-21,23,Mumbai,Individual,2020-08-31,8903998644,priyal.kapoor19@outlook.com
M000090,Yash,Gupta,Male,1998-05-31,27,Mumbai,Individual,2023-12-05,8028672292,yash.gupta58@outlook.com
M000091,Nisha,Agarwal,Female,1956-01-10,69,Warangal,Individual,2023-11-30,8482860016,nisha.agarwal20@outlook.com
M000092,Neha,Joshi,Female,1981-12-25,44,Warangal,Family,2021-11-23,8714645671,neha.joshi83@outlook.com
M000093,Vikram,Desai,Male,2003-10-27,22,Mumbai,Corporate,2024-07-15,8033301711,vikramdesai@@gmail.com
M000094,Amit,Menon,Male,1972-06-14,53,Madurai,Family,2020-10-12,8534489356,amit.menon93@yahoo.com
M000095,Riya,Verma,Female,1973-02-13,52,Chennai,Individual,2024-06-28,8837437064,riya.verma17@gmail.com
M000096,Vihaan,Verma,Male,1997-04-09,28,Visakhapatnam,Individual,2022-11-17,8691808945,vihaan.verma83@gmail.com
M000097,Neha,Gupta,Female,1999-10-02,26,Madurai,Corporate,2024-05-23,8127294109,neha.gupta40@yahoo.com
M000098,Siddharth,Chawla,M,2002-09-28,23,Kozhikode,Individual,2020-04-01,8132465594,siddharth.chawla98@gmail.com
M000099,Anjali,Rao,Female,1963-12-19,62,Ahmedabad,Corporate,2023-08-23,8068536347,anjali.rao23@gmail.com
M000100,Rohit,Sharma,Male,1966-05-13,59,Coimbatore,Individual,2021-11-10,8302252387,rohit.sharma93@outlook.com
M000101,Manish,Choudhary,Male,1976-03-20,49,Delhi,Family,2023-04-06,8583345213,manish.choudhary58@gmail.com
M000102,Nisha,Chawla,Female,1990-01-05,35,Vijayawada,Individual,2025-04-03,8297306234,nisha.chawla51@yahoo.com
M000103,Ankit,Tiwari,Male,1975-04-06,50,Coimbatore,Family,2021-06-01,8777218342,ankit.tiwari36@yahoo.com
M000104,Shweta,Kulkarni,Female,2004-10-26,21,Ahmedabad,Corporate,2022-11-07,8554692486,shweta.kulkarni82@yahoo.com
M000105,Rajat,Desai,Male,1962-11-30,63,Bengaluru,Individual,2022-05-03,8023079562,rajat.desai54@yahoo.com
M000106,Ishaan,Bansal,Male,1986-10-22,39,Coimbatore,Family,2020-07-15,8245575841,ishaanbansal@@gmail.com
M000107,Swati,Chawla,Female,1984-01-27,41,Delhi,Individual,2020-09-04,8778448747,swati.chawla42@yahoo.com
M000108,Diya,Desai,Female,1976-10-22,49,Kochi,Corporate,2024-04-17,8423994642,diya.desai49@gmail.com
M000109,Sanjay,Desai,Male,1979-07-06,46,Bengaluru,Individual,2021-07-25,8300236116,sanjay.desai76@yahoo.com
M000110,Manish,Choudhary,Male,2002-10-09,23,Ahmedabad,Corporate,2020-04-20,8204347678,manish.choudhary12@gmail.com
M000111,Puneet,Tiwari,Male,1970-03-31,55,Pune,Individual,2022-06-14,8524944538,puneet.tiwari84@outlook.com
M000112,Ojasvi,Ahluwalia,Female,1970-01-29,55,Kozhikode,Individual,2022-06-20,8573983352,ojasvi.ahluwalia35@outlook.com
M000113,Ankit,Desai,Male,1975-03-14,50,Gurugram,Family,2023-09-17,8324248835,ankit.desai22@gmail.com
M000114,Kirti,Tiwari,Female,1985-10-19,40,Hyderabad,Family,2020-10-24,8663521691,kirti.tiwari53@outlook.com
M000115,Shweta,Gupta,Female,1978-03-15,47,Thiruvananthapuram,Corporate,2021-07-22,8720439492,shweta.gupta63@gmail.com
M000116,Yash,Sharma,Male,1968-10-10,57,Hyderabad,Individual,2024-11-03,8077960471,yash.sharma10@outlook.com
M000117,Preeti,Kapoor,Female,1964-01-07,61,Hyderabad,Individual,2025-11-19,8422213145,preeti.kapoor74@yahoo.com
M000118,Sameer,Joshi,Male,1976-01-05,49,Kochi,Individual,2021-03-27,8263415551,sameer.joshi40@yahoo.com
M000119,Sneha,Desai,Female,1971-12-11,54,Coimbatore,Individual,2022-03-15,8247032853,sneha.desai81@yahoo.com
M000120,Riya,Chopra,Female,1983-04-10,42,Delhi,Corporate,2025-09-30,8974893725,riyachopragmail.com
M000121,Esha,Khanna,Female,1991-03-10,34,Kochi,Family,2024-05-29,8780042744,esha.khanna1@yahoo.com
M000122,Arvind,Joshi,Male,1972-08-19,53,Coimbatore,Individual,2021-11-14,8314902286,arvind.joshi58@outlook.com
M000123,Kirti,Kulkarni,Female,1970-03-22,55,Mumbai,Individual,2022-02-15,8034887844,kirti.kulkarni76@gmail.com
M000124,Saurabh,Saxena,Male,1959-12-17,66,Mumbai,Family,2022-08-25,8077833681,saurabh.saxena91@yahoo.com
M000125,Aditi,Chawla,Female,1992-07-19,33,Gurugram,Individual,2021-03-15,8496212616,aditi.chawla22@gmail.com
M000126,Rahul,Mehta,Male,1970-05-13,55,Mumbai,Individual,2021-09-10,8965964864,rahul.mehta48@outlook.com
M000127,Kabir,Khanna,Male,1986-06-27,39,Chennai,Individual,2022-03-07,8451650558,kabir.khanna46@outlook.com
M000128,Swati,Rao,Female,1957-09-25,68,Hyderabad,Individual,2022-03-21,8074756864,swati.rao76@yahoo.com
M000129,Ishaan,Agarwal,Male,1979-06-22,46,Chennai,Individual,2023-03-26,8663617587,ishaan.agarwal79@yahoo.com
M000130,Arvind,Khanna,Male,1980-05-12,45,Hyderabad,Corporate,2025-04-11,8254093502,arvind.khanna71@yahoo.com
M000131,Amit,Choudhary,Male,1979-10-21,46,Bengaluru,Corporate,2022-04-18,8727085211,amit.choudhary50@yahoo.com
M000132,Nisha,Patel,Female,1975-03-11,50,Thiruvananthapuram,Individual,2023-02-17,8522719835,nisha.patel22@gmail.com
M000133,Nidhi,Mishra,Female,1959-11-13,66,Visakhapatnam,Family,2022-05-26,8662015392,nidhi.mishra40@gmail.com
M000134,Sanya,Bansal,F,1971-02-27,54,Vijayawada,Family,2021-07-28,8433811157,sanya.bansal78@yahoo.com
M000135,Swati,Gupta,Female,2002-07-26,23,Pune,Corporate,2020-05-23,8552222419,swati.gupta3@gmail.com
M000136,Nidhi,Rao,Female,1956-06-04,69,Bengaluru,Individual,2020-08-02,8262719178,nidhi.rao47@gmail.com
M000137,Sameer,Khanna,Male,1973-01-14,52,Pune,Individual,2020-04-12,8290481904,sameer.khanna27@yahoo.com
M000138,Rohan,Bhatia,Male,1982-08-04,43,Gurugram,Family,2022-05-24,8504269989,rohan.bhatia67@outlook.com
M000139,Rakesh,Bhatia,Male,1998-02-17,27,Thiruvananthapuram,Family,2024-05-03,8517453835,rakesh.bhatia58@yahoo.com
M000140,Arvind,Chawla,Male,1956-06-21,69,Warangal,Individual,2025-04-29,8813838753,arvind.chawla36@outlook.com
M000141,Kabir,Reddy,Male,1978-10-26,47,Gurugram,Individual,2024-01-15,8522948227,kabir.reddy53@outlook.com
M000142,Anjali,Malhotra,Female,1973-07-23,52,Bengaluru,Corporate,2024-10-26,8572151033,anjali.malhotra44@outlook.com
M000143,Ankit,Gupta,Male,1958-04-13,67,Vijayawada,Family,2022-07-18,8195418815,ankit.gupta37@gmail.com
M000144,Aryan,Desai,Male,2000-05-03,25,Gurugram,Individual,2021-02-12,8983975667,aryan.desai36@gmail.com
M000145,Riya,Bansal,Female,1955-02-14,70,Kozhikode,Individual,2023-07-09,8253873561,riya.bansal28@yahoo.com
M000146,Falguni,Joshi,Female,1972-08-03,53,Gurugram,Individual,2023-11-24,8625754227,falguni.joshi89@yahoo.com
M000147,Kirti,Menon,Female,1969-07-05,56,Mumbai,Corporate,2022-09-13,8594899934,kirti.menon3@gmail.com
M000148,Esha,Mehta,Female,1982-08-28,43,Mumbai,Family,2020-09-18,8456816515,esha.mehta79@yahoo.com
M000149,Anjali,Joshi,Female,1983-02-16,42,Ahmedabad,Family,2020-01-17,8245317722,anjali.joshi43@gmail.com
M000150,Saurabh,Agarwal,M,2001-03-26,24,Warangal,Individual,2023-12-07,8585145292,saurabh.agarwal99@yahoo.com
M000151,Pooja,Bhatia,Female,2001-06-12,24,Kochi,Family,2023-01-23,8285777554,pooja.bhatia4@gmail.com
M000152,Puneet,Agarwal,Male,2005-02-23,20,Gurugram,Corporate,2024-03-12,8001960244,puneet.agarwal11@yahoo.com
M000153,Dev,Bansal,Male,1971-10-16,54,Madurai,Corporate,2023-02-15,8465174368,dev.bansal45@yahoo.com
M000154,Ishaan,Mishra,Male,1982-12-27,43,Warangal,Individual,2023-04-13,8002857644,ishaan.mishra33@outlook.com
M000155,Vihaan,Desai,Male,2001-01-05,24,Hyderabad,Corporate,2024-10-16,8633252591,vihaan.desai49@outlook.com
M000156,Shweta,Khanna,Female,2000-10-29,25,Mysuru,Corporate,2023-01-20,8460275805,shweta.khanna5@outlook.com
M000157,Kirti,Joshi,F,1956-02-25,69,Mumbai,Corporate,2024-02-09,8089705831,kirti.joshi20@outlook.com
M000158,Aryan,Kulkarni,Male,1974-08-14,51,Mysuru,Individual,2021-05-09,8577226622,aryan.kulkarni18@yahoo.com
M000159,Priyal,Kulkarni,Female,1973-08-10,52,Hyderabad,Individual,2020-11-15,8039246315,priyal.kulkarni47@yahoo.com
M000160,Manish,Chopra,Male,1998-07-14,27,Chennai,Individual,2022-02-07,8390631202,manish.chopra12@gmail.com
M000161,Falguni,Nair,Female,1995-06-10,30,Thiruvananthapuram,Family,2023-04-29,8378443471,falguni.nair34@outlook.com
M000162,Esha,Agarwal,Female,1982-05-10,43,Kochi,Individual,2023-02-10,8823397522,esha.agarwal42@gmail.com
M000163,Riya,Sharma,Female,1978-12-14,47,Kozhikode,Individual,2023-08-12,8055916091,
M000164,Kavita,Sharma,Female,1990-07-08,35,Pune,Family,2025-10-09,8811009078,kavita.sharma54@gmail.com
M000165,Ritu,Agarwal,Female,1982-03-28,43,Pune,Corporate,2022-02-15,8201516427,ritu.agarwal90@outlook.com
M000166,Dev,Chawla,Male,1961-10-14,64,Madurai,Individual,2024-08-20,8245977926,dev.chawla41@yahoo.com
M000167,Gaurav,Menon,Male,1965-09-20,60,Mumbai,Individual,2024-12-13,8362860846,gaurav.menon65@outlook.com
M000168,Sanjay,Desai,Male,1976-05-05,49,Mumbai,Corporate,2022-11-27,8227893643,sanjay.desai34@outlook.com
M000169,Shweta,Tiwari,Female,1955-12-12,70,Delhi,Corporate,2025-11-09,8427204814,shweta.tiwari15@gmail.com
M000170,Falguni,Bhatia,Female,1960-08-02,65,Madurai,Family,2022-08-29,8699961432,falguni.bhatia96@outlook.com
M000171,Vihaan,Mishra,Male,1984-04-20,41,Chennai,Individual,2025-05-05,8589019805,vihaan.mishra69@gmail.com
M000172,Kirti,Choudhary,Male,2005-11-15,20,Gurugram,Individual,2022-05-02,8494995053,kirti.choudhary25@yahoo.com
M000173,Vikram,Mishra,Male,1998-07-02,27,Gurugram,Individual,2025-08-02,8297292500,vikram.mishra31@yahoo.com
M000174,Ritu,Kapoor,F,1992-04-08,33,Mysuru,Corporate,2021-11-14,8217064845,ritu.kapoor55@gmail.com
M000175,Siddharth,Bansal,Male,1973-08-22,52,Pune,Individual,2024-02-10,8531056045,siddharth.bansal31@outlook.com
M000176,Shweta,Malhotra,Female,1965-11-06,60,Mumbai,Corporate,2023-01-30,8043943221,
M000177,Bhavna,Iyer,Female,1975-06-10,50,Bengaluru,Individual,2023-03-14,8057536902,bhavna.iyer76@outlook.com
M000178,Nisha,Saxena,Female,1986-07-11,39,Gurugram,Family,2022-03-19,8985997655,nisha.saxena5@gmail.com
M000179,Neha,Joshi,Female,1987-09-21,38,Mumbai,Individual,2025-10-09,8986333600,neha.joshi84@outlook.com
M000180,Aditi,Menon,Female,1973-10-31,52,Gurugram,Corporate,2021-06-23,8063247987,aditi.menon35@yahoo.com
M000181,Rohit,Ahluwalia,Male,1956-11-08,69,Pune,Individual,2025-02-28,8180008691,rohit.ahluwalia33@gmail.com
M000182,Shweta,Malhotra,Female,1999-10-13,26,Visakhapatnam,Individual,2020-01-09,8756737598,shweta.malhotra5@gmail.com
M000183,Aryan,Mishra,Male,1996-10-05,29,Thiruvananthapuram,Individual,2024-05-03,8048651090,aryan.mishra57@gmail.com
M000184,Juhi,Kapoor,Female,1956-11-04,69,Mysuru,Family,2024-06-20,8654179777,juhikapoor@@gmail.com
M000185,Bhavna,Choudhary,Female,1958-10-18,67,Hyderabad,Corporate,2025-07-28,8351199126,bhavna.choudhary85@outlook.com
M000186,Rohit,Verma,Male,1964-05-22,61,Visakhapatnam,Family,2023-05-08,8227459967,rohit.verma67@outlook.com
M000187,Kirti,Tiwari,Female,1963-01-14,62,Mumbai,Family,2025-11-01,8074014475,kirti.tiwari39@gmail.com
M000188,Diya,Iyer,Female,1999-10-24,26,Kozhikode,Family,2023-11-16,8104823135,diya.iyer84@outlook.com
M000189,Ankit,Iyer,Male,1987-06-20,38,Mumbai,Family,2025-04-22,8344408949,ankit.iyer53@gmail.com
M000190,Vivek,Bansal,Male,1994-02-09,31,Mangaluru,Corporate,2022-07-07,8868829719,
M000191,Riya,Chawla,Female,1962-12-27,63,Visakhapatnam,Family,2022-11-18,8149137449,riya.chawla9@outlook.com
M000192,Mansi,Menon,Female,1980-01-05,45,Thiruvananthapuram,Individual,2024-12-04,8368737153,mansi.menon48@yahoo.com
M000193,Aryan,Bansal,Male,1971-03-27,54,Visakhapatnam,Corporate,2022-08-14,8379319711,aryan.bansal22@gmail.com
M000194,Shweta,Saxena,Female,1965-01-21,60,Madurai,Corporate,2022-05-17,8883649290,shweta.saxena50@gmail.com
M000195,Kabir,Mehta,Male,1984-03-02,41,Delhi,Individual,2021-06-07,8855512281,kabir.mehta38@outlook.com
M000196,Karan,Agarwal,M,1968-06-11,57,Mumbai,Individual,2025-05-22,8825053980,karan.agarwal83@gmail.com
M000197,Aryan,Nair,Male,1962-01-16,63,Warangal,Corporate,2025-03-08,8434588130,aryan.nair11@outlook.com
M000198,Tushar,Gupta,Male,1975-06-06,50,Mumbai,Family,2023-12-09,8776649698,tushar.gupta78@yahoo.com
M000199,Ankit,Choudhary,Male,1979-03-27,46,Kochi,Individual,2021-01-07,8096690321,ankit.choudhary50@yahoo.com
M000200,Vivek,Nair,Male,1980-11-27,45,Ahmedabad,Individual,2024-01-04,8218207538,vivek.nair80@yahoo.com
M000201,Charu,Bansal,Female,1961-06-08,64,Pune,Corporate,2024-02-03,8370088916,charu.bansal56@yahoo.com
M000202,Kirti,Menon,F,1979-04-05,46,Madurai,Individual,2022-09-06,8429057198,kirti.menon54@outlook.com
M000203,Sneha,Patel,Female,2002-12-26,23,Delhi,Individual,2024-08-31,8076291229,sneha.patel51@outlook.com
M000204,Shaurya,Iyer,Male,1994-05-30,31,Visakhapatnam,Individual,2021-03-25,8774653276,shaurya.iyer2@yahoo.com
M000205,Sanya,Kulkarni,Female,1971-02-10,54,Thiruvananthapuram,Individual,2023-07-19,8454653296,sanya.kulkarni43@outlook.com
M000206,Aryan,Iyer,Male,1962-04-15,63,Kochi,Family,2025-05-20,8008645694,aryan.iyer45@gmail.com
M000207,Saurabh,Desai,Male,1958-01-24,67,Mangaluru,Family,2021-12-22,8522163935,saurabh.desai67@outlook.com
M000208,Rohan,Rao,Male,1989-02-22,36,Madurai,Family,2021-07-13,8858583742,rohan.rao72@yahoo.com
M000209,Rajat,Ahluwalia,Male,1957-01-06,68,Coimbatore,Family,2023-08-01,8584483503,rajat.ahluwalia89@outlook.com
M000210,Aryan,Khanna,Male,2001-04-26,24,Mangaluru,Individual,2024-02-11,8577558377,aryan.khanna16@outlook.com
M000211,Saurabh,Chawla,Male,1982-11-30,43,Chennai,Individual,2023-06-15,8924182677,saurabh.chawla10@outlook.com
M000212,Tushar,Rao,Male,1999-04-28,26,Kochi,Family,2020-05-26,8481177355,tushar.rao94@gmail.com
M000213,Nidhi,Chopra,Female,1961-09-19,64,Mumbai,Individual,2025-11-11,8042863821,nidhi.chopra52@outlook.com
M000214,Karan,Bhatia,Male,1956-04-28,69,Bengaluru,Corporate,2024-02-17,8396193734,
M000215,Kavita,Shah,Female,1968-08-14,57,Vijayawada,Corporate,2025-04-23,8698151079,kavita.shah60@outlook.com
M000216,Vihaan,Khanna,Male,1989-05-12,36,Vijayawada,Corporate,2022-06-15,8193079694,vihaan.khanna65@outlook.com
M000217,Falguni,Saxena,Female,1973-01-31,52,Warangal,Family,2024-11-18,8257161486,falguni.saxena48@yahoo.com
M000218,Nikhil,Verma,F,1957-02-13,68,Ahmedabad,Corporate,2024-06-05,8719450087,nikhil.verma60@yahoo.com
M000219,Nikhil,Gupta,Male,1988-03-13,37,Coimbatore,Family,2025-10-07,8845419552,nikhil.gupta74@outlook.com
M000220,Esha,Nair,Female,2002-11-09,23,Mysuru,Family,2021-08-03,8046521763,esha.nair62@yahoo.com
M000221,Amit,Bansal,Male,1974-01-04,51,Vijayawada,Corporate,2023-06-11,8871651489,amit.bansal92@gmail.com
M000222,Rohan,Desai,Male,1993-10-20,32,Ahmedabad,Individual,2020-05-29,8032351298,rohan.desai24@outlook.com
M000223,Rajat,Chawla,Male,2004-09-10,21,Kozhikode,Family,2024-06-23,8635567255,rajat.chawla28@gmail.com
M000224,Esha,Patel,Female,1992-03-19,33,Bengaluru,Individual,2024-10-11,8595883968,esha.patel45@yahoo.com
M000225,Ojasvi,Bhatia,Female,1959-07-21,66,Thiruvananthapuram,Corporate,2023-02-05,8293642157,ojasvi.bhatia13@yahoo.com
M000226,Nisha,Joshi,Female,1967-08-19,58,Hyderabad,Corporate,2020-11-15,8794480103,nisha.joshi48@outlook.com
M000227,Karan,Kulkarni,Male,1966-08-06,59,Delhi,Corporate,2024-12-15,8557990716,karan.kulkarni68@yahoo.com
M000228,Sanjay,Patel,Male,1998-04-08,27,Madurai,Corporate,2024-04-06,8866689891,sanjay.patel28@outlook.com
M000229,Arvind,Tiwari,Male,1962-01-09,63,Coimbatore,Family,2022-07-29,8665263977,arvind.tiwari13@yahoo.com
M000230,Ritu,Bansal,Female,1984-12-14,41,Ahmedabad,Individual,2025-08-11,8989341564,ritu.bansal58@outlook.com
M000231,Siddharth,Chawla,Male,1961-06-16,64,Ahmedabad,Individual,2025-11-24,8160251342,siddharth.chawla37@outlook.com
M000232,Nikhil,Rao,Male,1967-04-18,58,Pune,Family,2022-08-04,8401593132,nikhil.rao7@gmail.com
M000233,Rohit,Rao,Male,1959-11-29,66,Mysuru,Family,2025-10-01,8923438394,rohit.rao44@outlook.com
M000234,Tushar,Bansal,Male,1966-10-11,59,Chennai,Individual,2024-08-05,8019335856,tusharbansalgmail.com
M000235,Shaurya,Kapoor,Male,1971-01-21,54,Mysuru,Individual,2020-01-06,8924196200,shaurya.kapoor5@outlook.com
M000236,Vihaan,Agarwal,Male,1974-02-25,51,Ahmedabad,Family,2025-06-02,8378561981,vihaan.agarwal3@yahoo.com
M000237,Rohan,Choudhary,F,2005-11-27,20,Bengaluru,Individual,2020-06-19,8423477434,rohan.choudhary54@outlook.com
M000238,Rahul,Agarwal,Male,1956-10-20,69,Chennai,Corporate,2020-09-04,8956345405,rahul.agarwal67@outlook.com
M000239,Tushar,Tiwari,Male,1958-06-19,67,Ahmedabad,Family,2025-09-29,8563009104,tushar.tiwari70@gmail.com
M000240,Aryan,Bansal,Male,1992-06-16,33,Hyderabad,Family,2022-09-30,8367255471,aryan.bansal58@yahoo.com
M000241,Garima,Bhatia,Female,1992-01-27,33,Thiruvananthapuram,Corporate,2020-03-10,8890488034,garima.bhatia74@outlook.com
M000242,Sanya,Kapoor,Female,1993-01-27,32,Madurai,Individual,2020-12-23,8652089170,sanyakapoor@@gmail.com
M000243,Sameer,Menon,Male,1957-08-30,68,Thiruvananthapuram,Family,2022-05-31,8321706891,sameer.menon14@gmail.com
M000244,Manish,Pandey,Male,1964-06-12,61,Pune,Corporate,2023-02-10,8597100920,manish.pandey56@yahoo.com
M000245,Dev,Mehta,Male,1992-09-06,33,Bengaluru,Individual,2023-06-27,8142155228,dev.mehta90@gmail.com
M000246,Manish,Saxena,Male,1990-08-25,35,Mumbai,Family,2025-10-19,8060681611,manish.saxena31@gmail.com
M000247,Vikram,Khanna,Male,1957-01-12,68,Mangaluru,Individual,2022-03-13,8321509528,vikram.khanna47@outlook.com
M000248,Siddharth,Bhatia,Male,1999-01-01,26,Gurugram,Corporate,2021-06-20,8077948712,siddharth.bhatia27@gmail.com
M000249,Rohit,Saxena,Male,1988-02-10,37,Bengaluru,Corporate,2020-07-02,8110970148,rohit.saxena8@outlook.com
M000250,Karan,Kapoor,F,1975-08-15,50,Vijayawada,Family,2024-10-19,8724742587,karan.kapoor4@outlook.com
M000251,Rohan,Rao,Male,1982-08-06,43,Thiruvananthapuram,Individual,2024-10-23,8555228284,rohan.rao11@outlook.com
M000252,Ritu,Mishra,F,1972-03-08,53,Madurai,Individual,2020-11-01,8145679286,ritu.mishra61@outlook.com
M000253,Mansi,Kapoor,Female,1977-09-17,48,Coimbatore,Corporate,2022-03-23,8035909511,mansi.kapoor12@outlook.com
M000254,Rohit,Saxena,Male,1977-01-16,48,Mumbai,Family,2024-04-23,8281493434,rohit.saxena1@outlook.com
M000255,Aryan,Chawla,Male,1964-02-18,61,Delhi,Family,2023-08-02,8311339897,aryan.chawla16@yahoo.com
M000256,Dev,Pandey,Male,2005-08-24,20,Vijayawada,Individual,2024-05-05,8725265298,dev.pandey68@gmail.com
M000257,Nidhi,Ahluwalia,Female,1990-12-14,35,Mysuru,Individual,2022-03-31,8529476041,nidhi.ahluwalia44@yahoo.com
M000258,Manish,Mehta,Male,2000-05-10,25,Coimbatore,Family,2024-04-12,8222856522,manish.mehta76@gmail.com
M000259,Manish,Menon,Male,1957-12-07,68,Pune,Corporate,2022-08-10,8760089594,manish.menon10@outlook.com
M000260,Sameer,Gupta,Male,2001-04-08,24,Chennai,Corporate,2020-07-31,8637683423,sameer.gupta45@outlook.com
M000261,Sameer,Patel,Male,1972-11-08,53,Coimbatore,Family,2025-07-08,8556126215,sameer.patel65@gmail.com
M000262,Falguni,Patel,Female,1977-05-06,48,Gurugram,Corporate,2020-11-07,8244143899,falguni.patel94@yahoo.com
M000263,Preeti,Tiwari,Female,1983-01-28,42,Mangaluru,Family,2022-06-16,8634362562,preeti.tiwari84@outlook.com
M000264,Diya,Tiwari,Female,1995-04-18,30,Coimbatore,Corporate,2023-09-16,8237372954,diya.tiwari39@outlook.com
M000265,Shweta,Nair,Female,1958-04-20,67,Coimbatore,Family,2024-01-15,8442951126,shweta.nair97@outlook.com
M000266,Rajat,Gupta,Male,1971-04-03,54,Mumbai,Corporate,2023-08-02,8719568930,
M000267,Rakesh,Bansal,Male,1964-07-25,61,Kozhikode,Individual,2022-10-22,8970305967,rakesh.bansal71@outlook.com
M000268,Karan,Menon,Male,1982-03-12,43,Visakhapatnam,Individual,2025-09-23,8054874752,karan.menon84@yahoo.com
M000269,Esha,Malhotra,Female,1970-11-04,55,Gurugram,Corporate,2021-08-18,8370318498,esha.malhotra2@yahoo.com
M000270,Falguni,Ahluwalia,Female,1976-09-07,49,Pune,Corporate,2021-07-28,8133831847,falguni.ahluwalia56@gmail.com
M000271,Shweta,Nair,Female,1999-09-11,26,Hyderabad,Family,2025-08-20,8492788829,shweta.nair81@yahoo.com
M000272,Vivek,Patel,Male,1983-05-18,42,Visakhapatnam,Family,2025-05-15,8605285664,vivek.patel58@outlook.com
M000273,Rahul,Reddy,Male,1991-12-03,34,Bengaluru,Family,2020-08-14,8173984375,rahul.reddy22@outlook.com
M000274,Tushar,Bhatia,Male,2004-05-29,21,Mysuru,Individual,2020-03-13,8042095973,tushar.bhatia58@gmail.com
M000275,Sanjay,Reddy,Male,1998-01-03,27,Mumbai,Individual,2025-07-23,8983624598,sanjay.reddy62@gmail.com
M000276,Rohan,Saxena,Male,1963-12-27,62,Warangal,Individual,2022-04-29,8199077895,rohan.saxena81@gmail.com
M000277,Saurabh,Rao,Male,1970-07-12,55,Mangaluru,Individual,2025-08-27,8738452193,saurabh.rao40@outlook.com
M000278,Nikhil,Malhotra,Male,1982-05-09,43,Delhi,Family,2020-11-05,8277365808,nikhil.malhotra73@yahoo.com
M000279,Shaurya,Kapoor,Male,1989-03-10,36,Ahmedabad,Individual,2024-02-06,8333054218,shaurya.kapoor28@gmail.com
M000280,Vivek,Agarwal,Male,1958-06-23,67,Kochi,Family,2023-05-23,8285328779,vivek.agarwal54@outlook.com
M000281,Karan,Malhotra,Male,1971-11-23,54,Madurai,Individual,2020-05-18,8909812026,karan.malhotra79@yahoo.com
M000282,Diya,Gupta,Female,1978-01-08,47,Chennai,Individual,2020-12-24,8473996044,diya.gupta78@gmail.com
M000283,Neha,Bansal,Female,1997-02-23,28,Visakhapatnam,Individual,2021-08-11,8192880430,neha.bansal39@gmail.com
M000284,Aditya,Mishra,Male,1976-11-03,49,Ahmedabad,Individual,2023-08-13,8975786066,aditya.mishra29@yahoo.com
M000285,Esha,Khanna,Female,1999-06-27,26,Visakhapatnam,Family,2022-08-08,8291181509,esha.khanna29@gmail.com
M000286,Kirti,Iyer,Female,1984-12-15,41,Thiruvananthapuram,Individual,2021-08-26,8612483623,kirti.iyer78@gmail.com
M000287,Aditi,Rao,Female,1957-09-05,68,Mumbai,Corporate,2024-10-11,8361685427,aditi.rao59@gmail.com
M000288,Meghna,Khanna,Female,2003-06-30,22,Kozhikode,Corporate,2021-02-07,8261142194,meghna.khanna84@gmail.com
M000289,Tanvi,Verma,Female,1972-04-19,53,Pune,Individual,2024-11-20,8623115689,tanvi.verma17@outlook.com
M000290,Sanjay,Pandey,Male,1998-02-27,27,Chennai,Family,2022-10-09,8796811378,sanjay.pandey96@outlook.com
M000291,Kirti,Joshi,Female,2002-12-07,23,Visakhapatnam,Individual,2025-01-11,8989999163,kirti.joshi3@yahoo.com
M000292,Preeti,Patel,Female,1973-10-03,52,Madurai,Corporate,2025-12-04,8544833898,preeti.patel35@gmail.com
M000293,Sneha,Kapoor,Female,1992-05-29,33,Gurugram,Corporate,2022-05-01,8021797122,sneha.kapoor4@gmail.com
M000294,Gaurav,Sharma,Male,1983-11-02,42,Madurai,Family,2022-12-07,8021365436,gaurav.sharma81@gmail.com
M000295,Sanjay,Bansal,Male,1999-02-16,26,Gurugram,Corporate,2022-11-04,8154540996,sanjay.bansal99@gmail.com
M000296,Preeti,Mehta,Female,1961-01-16,64,Warangal,Family,2025-10-11,8063800390,preeti.mehta68@gmail.com
M000297,Esha,Nair,Female,2004-03-04,21,Gurugram,Corporate,2021-01-02,8273846203,esha.nair41@gmail.com
M000298,Meghna,Mishra,Female,1972-08-18,53,Thiruvananthapuram,Corporate,2022-11-30,8549338248,meghna.mishra48@outlook.com
M000299,Sameer,Iyer,Male,1967-12-24,58,Vijayawada,Individual,2024-10-20,8161123095,sameer.iyer96@yahoo.com
M000300,Garima,Kapoor,F,1978-10-12,47,Kozhikode,Individual,2024-09-29,8585555238,garima.kapoor83@outlook.com
M000301,Riya,Desai,Female,1997-10-08,28,Delhi,Corporate,2021-05-19,8590084516,riya.desai74@outlook.com
M000302,Ojasvi,Chopra,Female,2001-08-03,24,Bengaluru,Corporate,2021-06-01,8861727309,ojasvi.chopra46@yahoo.com
M000303,Siddharth,Ahluwalia,Male,1967-01-26,58,Ahmedabad,Family,2025-09-25,8221639824,siddharth.ahluwalia28@yahoo.com
M000304,Bhavna,Kulkarni,Female,1963-03-05,62,Bengaluru,Individual,2024-10-13,8940991186,bhavnakulkarnigmail.com
M000305,Yash,Bhatia,Male,1967-01-06,58,Warangal,Family,2021-06-22,8035236918,yash.bhatia41@gmail.com
M000306,Ankit,Kapoor,Male,1984-07-20,41,Mumbai,Family,2021-11-28,8779117243,ankit.kapoor77@gmail.com
M000307,Priyal,Verma,Female,1971-03-12,54,Thiruvananthapuram,Family,2025-01-07,8131995563,priyal.verma15@outlook.com
M000308,Gaurav,Verma,Male,1957-04-15,68,Mangaluru,Individual,2021-06-25,8597855105,gaurav.verma50@yahoo.com
M000309,Juhi,Mehta,Female,1997-04-17,28,Chennai,Individual,2022-08-08,8684192540,juhimehta@@gmail.com
M000310,Vihaan,Mehta,Male,1957-12-17,68,Pune,Individual,2020-02-23,8206969401,vihaan.mehta66@yahoo.com
M000311,Nidhi,Rao,Female,1983-12-15,42,Madurai,Individual,2021-04-14,8589074768,nidhi.rao20@yahoo.com
M000312,Isha,Kapoor,Female,1996-05-06,29,Mumbai,Individual,2021-02-06,8908386136,isha.kapoor51@yahoo.com
M000313,Charu,Mishra,Female,1996-02-08,29,Visakhapatnam,Family,2025-05-25,8165051370,charu.mishra72@gmail.com
M000314,Puneet,Nair,Male,1998-12-22,27,Delhi,Family,2025-11-19,8840212849,puneet.nair70@outlook.com
M000315,Tushar,Choudhary,Male,1982-05-02,43,Mysuru,Family,2023-03-12,8708390030,tushar.choudhary60@outlook.com
M000316,Dev,Pandey,Female,1991-12-14,34,Mumbai,Individual,2022-08-11,8673140390,dev.pandey75@outlook.com
M000317,Pooja,Chawla,Female,1957-03-14,68,Kozhikode,Family,2020-01-30,8027691544,pooja.chawla26@outlook.com
M000318,Rahul,Desai,Male,1968-02-05,57,Bengaluru,Individual,2021-09-03,8691944845,rahul.desai10@gmail.com
M000319,Amit,Agarwal,M,1985-08-23,40,Mumbai,Individual,2023-05-20,8628663934,amit.agarwal15@gmail.com
M000320,Priyal,Bansal,Female,1979-06-18,46,Madurai,Individual,2023-03-20,8934143703,priyal.bansal77@gmail.com
M000321,Mansi,Saxena,Female,1973-02-08,52,Hyderabad,Family,2021-12-05,8861607202,mansi.saxena10@outlook.com
M000322,Ankit,Sharma,Male,1994-02-14,31,Kozhikode,Individual,2020-10-10,8237638636,ankit.sharma80@yahoo.com
M000323,Riya,Chopra,Female,2003-03-18,22,Gurugram,Corporate,2022-10-12,8326493813,riya.chopra99@gmail.com
M000324,Gaurav,Desai,Male,1996-07-25,29,Mysuru,Individual,2025-03-09,8359926962,gaurav.desai22@outlook.com
M000325,Isha,Mishra,Female,1972-04-13,53,Pune,Individual,2022-09-02,8042861247,ishamishra@@gmail.com
M000326,Ishaan,Rao,Male,2003-06-04,22,Thiruvananthapuram,Corporate,2020-09-20,8975082165,ishaan.rao59@yahoo.com
M000327,Esha,Choudhary,Female,1971-09-03,54,Delhi,Family,2023-04-26,8215180837,esha.choudhary13@yahoo.com
M000328,Rohan,Bhatia,Male,2001-09-15,24,Warangal,Family,2025-10-31,8185069057,rohan.bhatia43@outlook.com
M000329,Falguni,Khanna,Female,1997-05-31,28,Hyderabad,Individual,2023-05-25,8571139520,falguni.khanna91@gmail.com
M000330,Saurabh,Bhatia,Male,1981-06-02,44,Mumbai,Individual,2023-07-20,8615514353,saurabh.bhatia19@outlook.com
M000331,Rajat,Nair,Male,1968-05-21,57,Gurugram,Individual,2024-11-18,8963687457,rajat.nair82@outlook.com
M000332,Arvind,Choudhary,Male,1974-02-27,51,Pune,Family,2022-12-30,8939283622,arvind.choudhary51@yahoo.com
M000333,Aditya,Ahluwalia,M,1958-08-21,67,Warangal,Individual,2025-08-27,8369420282,aditya.ahluwalia9@outlook.com
M000334,Kirti,Sharma,Female,1971-03-11,54,Mysuru,Corporate,2022-01-01,8251035526,kirti.sharma50@gmail.com
M000335,Tanvi,Menon,Female,1956-03-15,69,Gurugram,Corporate,2022-08-18,8368137813,tanvi.menon9@gmail.com
M000336,Rahul,Mishra,M,1984-11-12,41,Ahmedabad,Family,2025-05-15,8453039293,rahul.mishra64@yahoo.com
M000337,Anjali,Agarwal,Female,1993-06-03,32,Thiruvananthapuram,Individual,2023-11-19,8374801334,anjali.agarwal26@gmail.com
M000338,Nisha,Chawla,Female,1978-07-28,47,Kochi,Individual,2023-07-17,8604691153,nisha.chawla62@yahoo.com
M000339,Kirti,Kulkarni,M,1988-05-29,37,Thiruvananthapuram,Individual,2020-05-13,8639563911,kirti.kulkarni74@yahoo.com
M000340,Sanya,Mishra,Female,1994-06-17,31,Delhi,Family,2023-06-27,8239725065,sanya.mishra25@outlook.com
M000341,Aryan,Pandey,Male,1968-05-14,57,Madurai,Family,2022-06-22,8338986836,
M000342,Rohit,Chawla,Male,1995-09-11,30,Delhi,Family,2021-08-26,8417615217,rohit.chawla65@outlook.com
M000343,Swati,Agarwal,Female,2003-07-12,22,Thiruvananthapuram,Individual,2024-04-26,8818009314,swati.agarwal63@yahoo.com
M000344,Bhavna,Desai,Female,1957-06-01,68,Madurai,Individual,2022-12-11,8064335228,bhavna.desai29@gmail.com
M000345,Esha,Kapoor,Female,1981-10-08,44,Kozhikode,Corporate,2020-05-21,8385119191,esha.kapoor51@gmail.com
M000346,Pooja,Menon,Female,1994-07-11,31,Hyderabad,Individual,2025-01-10,8496630508,pooja.menon68@gmail.com
M000347,Vihaan,Reddy,Male,1994-06-19,31,Mangaluru,Individual,2022-04-21,8171356989,vihaan.reddy92@yahoo.com
M000348,Riya,Kulkarni,Female,1957-06-14,68,Thiruvananthapuram,Corporate,2025-03-02,8037614588,riya.kulkarni14@outlook.com
M000349,Kabir,Desai,Male,1990-11-11,35,Mumbai,Family,2023-11-26,8028679248,kabir.desai38@yahoo.com
M000350,Kabir,Agarwal,F,1994-09-10,31,Bengaluru,Corporate,2022-04-06,8302309245,kabir.agarwal34@outlook.com
M000351,Diya,Kulkarni,M,1964-06-26,61,Gurugram,Individual,2024-11-10,8221801012,diya.kulkarni62@yahoo.com
M000352,Amit,Menon,Male,1957-06-06,68,Pune,Individual,2023-04-06,8252243679,amit.menon75@yahoo.com
M000353,Meghna,Verma,Male,1963-03-15,62,Chennai,Individual,2023-01-10,8993727815,meghna.verma79@yahoo.com
M000354,Saurabh,Agarwal,Male,1968-07-10,57,Mysuru,Family,2020-06-13,8897844750,saurabh.agarwal72@gmail.com
M000355,Kavita,Reddy,Female,1967-11-14,58,Gurugram,Family,2023-07-31,8323897926,kavita.reddy97@outlook.com
M000356,Vikram,Desai,Male,1958-01-27,67,Gurugram,Individual,2021-05-02,8720035638,vikram.desai92@yahoo.com
M000357,Puneet,Saxena,Male,1963-08-31,62,Mumbai,Corporate,2023-12-21,8964623774,puneetsaxena@@gmail.com
M000358,Manish,Bhatia,Male,1991-03-25,34,Ahmedabad,Individual,2023-02-15,8421573099,manish.bhatia9@outlook.com
M000359,Ishaan,Chopra,Male,1957-08-28,68,Mysuru,Individual,2024-02-23,8804677383,ishaan.chopra12@yahoo.com
M000360,Swati,Tiwari,Female,1989-07-12,36,Kozhikode,Family,2020-11-08,8175587967,swati.tiwari35@gmail.com
M000361,Amit,Mishra,Male,2004-12-04,21,Mangaluru,Individual,2020-01-15,8014785802,amit.mishra19@gmail.com
M000362,Vivek,Mishra,Male,1986-04-15,39,Mumbai,Individual,2024-04-29,8336416040,vivek.mishra14@yahoo.com
M000363,Meghna,Joshi,Female,1989-10-01,36,Coimbatore,Family,2020-02-16,8502779125,meghna.joshi86@gmail.com
M000364,Kirti,Mishra,Female,1971-06-16,54,Madurai,Individual,2021-10-31,8069920306,kirti.mishra66@outlook.com
M000365,Rahul,Verma,F,1970-05-03,55,Thiruvananthapuram,Corporate,2024-06-29,8408415759,rahul.verma48@yahoo.com
M000366,Nikhil,Joshi,Male,1987-12-12,38,Chennai,Corporate,2023-02-23,8196376847,nikhil.joshi16@yahoo.com
M000367,Preeti,Khanna,Female,1992-04-16,33,Hyderabad,Individual,2022-08-15,8343824214,preeti.khanna98@yahoo.com
M000368,Esha,Mishra,Female,1962-01-02,63,Hyderabad,Corporate,2025-06-07,8870303679,esha.mishra88@yahoo.com
M000369,Swati,Verma,Female,1972-10-11,53,Bengaluru,Family,2021-12-16,8475212923,swati.verma51@gmail.com
M000370,Falguni,Nair,Female,1979-12-02,46,Chennai,Individual,2020-01-27,8564623621,falguni.nair33@gmail.com
M000371,Anjali,Tiwari,Female,1956-04-17,69,Delhi,Corporate,2024-04-08,8955929108,anjali.tiwari66@gmail.com
M000372,Anjali,Saxena,Female,1987-09-04,38,Kochi,Individual,2021-09-24,8304877942,anjali.saxena47@yahoo.com
M000373,Aditya,Patel,Male,2000-06-13,25,Bengaluru,Corporate,2021-04-19,8695238026,aditya.patel12@outlook.com
M000374,Nisha,Menon,Female,1997-10-12,28,Bengaluru,Individual,2023-11-26,8159395095,nisha.menon86@yahoo.com
M000375,Rohit,Pandey,Male,1981-09-10,44,Kochi,Individual,2022-04-12,8000431912,rohit.pandey39@gmail.com
M000376,Garima,Nair,Female,1981-12-28,44,Mysuru,Family,2020-04-13,8419446824,garima.nair75@yahoo.com
M000377,Neha,Gupta,Female,2001-06-30,24,Hyderabad,Family,2023-02-04,8290613420,neha.gupta34@gmail.com
M000378,Kabir,Bansal,Male,1984-12-18,41,Coimbatore,Individual,2022-07-28,8895228004,kabir.bansal27@gmail.com
M000379,Siddharth,Saxena,Male,1958-12-20,67,Vijayawada,Individual,2020-09-20,8560020942,siddharthsaxenagmail.com
M000380,Nidhi,Malhotra,Female,1959-07-25,66,Coimbatore,Family,2021-12-02,8758854834,nidhi.malhotra54@outlook.com
M000381,Isha,Bansal,Female,1980-12-28,45,Delhi,Family,2020-07-26,8348924086,isha.bansal96@yahoo.com
M000382,Rohan,Khanna,Male,1975-05-27,50,Bengaluru,Family,2025-01-16,8629040397,rohan.khanna96@gmail.com
M000383,Vivek,Rao,Male,1994-10-04,31,Chennai,Corporate,2020-08-24,8734612807,vivek.rao25@gmail.com
M000384,Nikhil,Rao,Male,2001-05-12,24,Delhi,Family,2020-02-23,8194409493,nikhil.rao42@outlook.com
M000385,Neha,Ahluwalia,Female,1992-08-17,33,Chennai,Corporate,2020-07-22,8730566191,neha.ahluwalia38@outlook.com
M000386,Ojasvi,Saxena,Female,1960-12-03,65,Madurai,Individual,2024-10-25,8256413767,ojasvi.saxena88@outlook.com
M000387,Vikram,Malhotra,Male,1998-01-22,27,Warangal,Individual,2023-08-24,8068050233,vikram.malhotra94@yahoo.com
M000388,Juhi,Mishra,Female,1955-10-26,70,Thiruvananthapuram,Family,2025-06-11,8308568949,juhi.mishra98@outlook.com
M000389,Bhavna,Tiwari,Female,1995-01-01,30,Hyderabad,Individual,2023-07-26,8732563749,bhavnatiwari@@gmail.com
M000390,Tanvi,Verma,Female,1979-08-30,46,Chennai,Family,2023-03-24,8950930460,tanvi.verma79@gmail.com
M000391,Neha,Reddy,Female,1995-05-04,30,Gurugram,Corporate,2025-07-26,8806948755,neha.reddy74@gmail.com
M000392,Ankit,Kapoor,Male,1970-07-05,55,Thiruvananthapuram,Family,2022-10-12,8814640204,ankit.kapoor2@gmail.com
M000393,Esha,Kulkarni,M,2001-07-13,24,Coimbatore,Individual,2025-11-29,8449122725,esha.kulkarni98@outlook.com
M000394,Isha,Nair,Female,1960-02-21,65,Bengaluru,Corporate,2023-09-03,8239283439,isha.nair46@gmail.com
M000395,Ishaan,Ahluwalia,Male,1964-10-30,61,Visakhapatnam,Corporate,2025-10-05,8269545404,ishaan.ahluwalia98@outlook.com
M000396,Aryan,Agarwal,Male,2000-07-23,25,Kochi,Family,2023-09-28,8142416023,
M000397,Esha,Verma,Female,1978-09-27,47,Mumbai,Individual,2025-07-05,8428454858,esha.verma84@outlook.com
M000398,Falguni,Menon,Female,1981-07-16,44,Delhi,Corporate,2022-12-29,8027619522,falguni.menon87@gmail.com
M000399,Pooja,Bhatia,M,2003-07-06,22,Kozhikode,Individual,2022-05-02,8736534900,pooja.bhatia80@gmail.com
M000400,Puneet,Menon,Male,2000-05-16,25,Kozhikode,Family,2022-03-10,8822685690,puneet.menon55@outlook.com
M000401,Rohan,Reddy,Male,1964-10-09,61,Warangal,Corporate,2022-03-14,8249393349,rohan.reddy65@gmail.com
M000402,Kabir,Tiwari,Male,2003-12-22,22,Thiruvananthapuram,Individual,2024-10-04,8170394533,kabir.tiwari60@yahoo.com
M000403,Aditya,Patel,Male,1997-07-13,28,Hyderabad,Family,2022-06-03,8794857247,aditya.patel72@yahoo.com
M000404,Juhi,Reddy,Female,1969-06-30,56,Warangal,Family,2021-01-11,8091145059,juhi.reddy21@outlook.com
M000405,Diya,Agarwal,Female,1977-03-03,48,Coimbatore,Individual,2022-07-09,8063417264,diya.agarwal61@gmail.com
M000406,Kavita,Mishra,Female,1984-09-27,41,Kochi,Individual,2023-12-27,8543327228,kavita.mishra94@outlook.com
M000407,Nisha,Tiwari,Female,1964-08-26,61,Bengaluru,Family,2024-10-15,8227849338,nishatiwari@@gmail.com
M000408,Charu,Joshi,Female,1968-02-01,57,Kochi,Corporate,2020-04-08,8068572636,charu.joshi61@outlook.com
M000409,Gaurav,Pandey,Male,1980-09-18,45,Hyderabad,Corporate,2020-05-24,8609108327,gaurav.pandey15@gmail.com
M000410,Nisha,Gupta,Female,1965-11-21,60,Hyderabad,Family,2025-02-25,8185574141,nisha.gupta36@yahoo.com
M000411,Mansi,Ahluwalia,Female,1979-08-07,46,Kozhikode,Corporate,2021-07-21,8771366092,mansi.ahluwalia16@yahoo.com
M000412,Charu,Nair,Female,1998-03-14,27,Mumbai,Family,2023-12-05,8009728397,charu.nair87@outlook.com
M000413,Vikram,Bansal,Male,1984-11-24,41,Kochi,Corporate,2021-03-06,8467806669,vikram.bansal39@outlook.com
M000414,Pooja,Nair,Female,1968-12-14,57,Delhi,Individual,2021-03-15,8502981704,pooja.nair57@gmail.com
M000415,Aditya,Sharma,Male,1978-08-09,47,Warangal,Corporate,2025-06-19,8204857108,aditya.sharma39@gmail.com
M000416,Preeti,Pandey,Female,1983-09-25,42,Madurai,Corporate,2021-12-05,8274417859,preeti.pandey56@outlook.com
M000417,Esha,Malhotra,Female,1993-11-14,32,Coimbatore,Family,2023-12-08,8660354124,esha.malhotra88@yahoo.com
M000418,Ritu,Desai,Female,1983-09-26,42,Gurugram,Corporate,2020-12-10,8504691747,ritu.desai17@yahoo.com
M000419,Tushar,Nair,Male,1958-04-03,67,Thiruvananthapuram,Individual,2025-01-04,8884581315,tushar.nair44@outlook.com
M000420,Meghna,Pandey,F,1965-07-01,60,Mangaluru,Corporate,2021-07-17,8646031052,meghna.pandey5@outlook.com
M000421,Shaurya,Mishra,Male,1996-07-27,29,Vijayawada,Family,2021-12-23,8838347863,shaurya.mishra51@yahoo.com
M000422,Kavita,Chopra,Female,1999-01-05,26,Chennai,Individual,2025-06-13,8095978017,kavita.chopra69@gmail.com
M000423,Isha,Verma,Female,1957-06-18,68,Mumbai,Individual,2023-08-27,8907947115,isha.verma48@outlook.com
M000424,Juhi,Verma,Female,1978-12-11,47,Hyderabad,Corporate,2022-01-06,8725423794,juhi.verma67@outlook.com
M000425,Aryan,Mishra,Male,1980-08-01,45,Delhi,Individual,2020-06-01,8336384166,aryan.mishra31@yahoo.com
M000426,Sameer,Bhatia,Male,1982-10-05,43,Bengaluru,Family,2022-12-06,8959225015,sameer.bhatia47@yahoo.com
M000427,Aditya,Bansal,Male,1988-01-22,37,Mangaluru,Family,2025-08-26,8246609341,aditya.bansal84@gmail.com
M000428,Vikram,Mehta,Male,1974-02-14,51,Visakhapatnam,Individual,2021-08-24,8344592790,vikram.mehta94@outlook.com
M000429,Aditi,Sharma,M,1967-04-21,58,Mysuru,Corporate,2021-10-18,8379643068,aditi.sharma99@outlook.com
M000430,Gaurav,Gupta,Male,2002-01-09,23,Mysuru,Corporate,2021-05-11,8592888752,gaurav.gupta99@yahoo.com
M000431,Karan,Khanna,Male,1995-08-27,30,Gurugram,Corporate,2022-03-07,8085546904,karankhanna@@gmail.com
M000432,Garima,Chopra,Female,2004-05-12,21,Chennai,Individual,2024-06-18,8559827118,garima.chopra82@outlook.com
M000433,Bhavna,Verma,F,1989-09-05,36,Coimbatore,Family,2025-05-10,8577811495,bhavna.verma11@yahoo.com
M000434,Nidhi,Reddy,Female,1967-11-05,58,Mumbai,Individual,2021-02-12,8943373443,nidhireddy@@gmail.com
M000435,Aditya,Mishra,Male,2002-06-23,23,Kochi,Family,2021-12-27,8921740554,aditya.mishra4@outlook.com
M000436,Nisha,Sharma,Female,1977-03-19,48,Kozhikode,Individual,2023-11-28,8629665414,nisha.sharma22@outlook.com
M000437,Tushar,Pandey,Male,1959-09-03,66,Bengaluru,Individual,2023-11-09,8295243690,tushar.pandey65@outlook.com
M000438,Nisha,Patel,Female,1986-04-28,39,Visakhapatnam,Family,2025-11-27,8887225178,nisha.patel51@outlook.com
M000439,Charu,Chopra,Female,1975-03-05,50,Bengaluru,Corporate,2024-07-15,8683606116,charu.chopra58@gmail.com
M000440,Aryan,Ahluwalia,Male,1955-06-08,70,Chennai,Individual,2020-11-03,8591262902,aryan.ahluwalia33@gmail.com
M000441,Karan,Saxena,Male,1969-02-19,56,Mumbai,Individual,2022-08-11,8095136413,karan.saxena3@yahoo.com
M000442,Aditi,Malhotra,Female,1998-05-26,27,Coimbatore,Individual,2025-03-30,8364086993,aditi.malhotra32@gmail.com
M000443,Priyal,Mishra,Female,1976-11-27,49,Kozhikode,Family,2025-10-03,8221034698,priyal.mishra87@yahoo.com
M000444,Garima,Ahluwalia,Female,1959-07-30,66,Warangal,Family,2020-08-15,8989480655,garima.ahluwalia94@outlook.com
M000445,Puneet,Ahluwalia,Male,2002-05-21,23,Mysuru,Individual,2020-01-09,8358676267,puneet.ahluwalia61@yahoo.com
M000446,Rakesh,Iyer,Male,1961-03-09,64,Ahmedabad,Individual,2025-12-17,8484909170,rakesh.iyer23@gmail.com
M000447,Puneet,Joshi,Male,1982-12-13,43,Kozhikode,Individual,2021-06-21,8377139847,puneet.joshi36@gmail.com
M000448,Aryan,Saxena,Male,1960-03-30,65,Delhi,Family,2025-12-02,8327711304,aryan.saxena67@outlook.com
M000449,Rajat,Khanna,Male,1997-10-26,28,Gurugram,Individual,2025-08-25,8769333841,rajat.khanna67@gmail.com
M000450,Priyal,Chopra,Female,1962-08-28,63,Pune,Individual,2025-05-05,8076788108,priyal.chopra89@yahoo.com
M000451,Sanjay,Verma,Male,1972-04-06,53,Hyderabad,Corporate,2021-12-12,8039987531,sanjay.verma28@gmail.com
M000452,Charu,Malhotra,Female,1972-03-14,53,Kochi,Individual,2021-05-21,8883545657,charumalhotragmail.com
M000453,Aditya,Kapoor,Male,1970-07-17,55,Visakhapatnam,Corporate,2025-08-04,8733216792,aditya.kapoor76@outlook.com
M000454,Meghna,Kulkarni,Female,1996-01-03,29,Delhi,Individual,2020-07-18,8502904520,meghna.kulkarni88@yahoo.com
M000455,Kavita,Chopra,Female,1975-04-23,50,Ahmedabad,Corporate,2022-08-17,8662478369,kavita.chopra23@gmail.com
M000456,Sneha,Sharma,Female,2001-02-22,24,Ahmedabad,Family,2020-05-13,8948754635,sneha.sharma81@yahoo.com
M000457,Charu,Bansal,Female,2005-03-21,20,Kochi,Family,2025-09-11,8236146138,charu.bansal12@yahoo.com
M000458,Amit,Nair,Male,1959-03-29,66,Chennai,Corporate,2021-08-18,8623840175,amit.nair77@yahoo.com
M000459,Isha,Kapoor,Female,2002-04-28,23,Mangaluru,Individual,2021-04-03,8151031234,isha.kapoor12@outlook.com
M000460,Swati,Mehta,Female,1970-05-22,55,Thiruvananthapuram,Individual,2022-01-16,8186980978,swati.mehta68@gmail.com
M000461,Priyal,Menon,Female,1960-04-20,65,Bengaluru,Individual,2025-08-23,8383230862,priyal.menon90@yahoo.com
M000462,Bhavna,Shah,Female,1995-05-10,30,Bengaluru,Corporate,2021-07-18,8610751366,bhavna.shah74@outlook.com
M000463,Kabir,Bansal,Male,1970-09-13,55,Coimbatore,Family,2023-11-18,8695211613,kabir.bansal51@outlook.com
M000464,Rajat,Nair,Male,1977-11-24,48,Mysuru,Corporate,2025-11-16,8651372917,rajat.nair85@gmail.com
M000465,Sameer,Desai,Male,1966-01-17,59,Gurugram,Individual,2025-02-23,8730515451,sameer.desai20@outlook.com
M000466,Preeti,Agarwal,Female,1961-02-05,64,Bengaluru,Family,2025-01-16,8049493489,preeti.agarwal35@yahoo.com
M000467,Sanjay,Kulkarni,Male,1977-07-07,48,Madurai,Family,2021-01-13,8695747436,sanjay.kulkarni48@gmail.com
M000468,Garima,Bhatia,Female,1975-01-19,50,Mysuru,Family,2020-09-16,8943438240,garima.bhatia13@gmail.com
M000469,Siddharth,Desai,M,1957-02-10,68,Mangaluru,Individual,2020-08-25,8450759130,siddharth.desai74@yahoo.com
M000470,Tanvi,Pandey,Female,1988-06-25,37,Pune,Individual,2023-07-18,8698229274,tanvi.pandey34@yahoo.com
M000471,Aditya,Chawla,Male,1995-07-15,30,Pune,Family,2021-07-23,8191104595,aditya.chawla83@gmail.com
M000472,Meghna,Tiwari,Female,2000-08-14,25,Pune,Corporate,2020-10-29,8643458818,meghna.tiwari19@yahoo.com
M000473,Puneet,Verma,Male,1969-05-14,56,Gurugram,Family,2020-07-09,8297402646,puneet.verma50@outlook.com
M000474,Priyal,Patel,Female,1997-12-27,28,Chennai,Family,2024-04-03,8950244396,priyal.patel16@outlook.com
M000475,Vihaan,Mishra,Male,1969-02-11,56,Gurugram,Family,2021-08-22,8532869190,vihaan.mishra17@outlook.com
M000476,Priyal,Patel,Female,1964-07-20,61,Coimbatore,Individual,2025-11-14,8342489958,priyal.patel14@yahoo.com
M000477,Kavita,Bhatia,Female,1999-10-26,26,Visakhapatnam,Corporate,2022-04-17,8886192727,kavita.bhatia55@outlook.com
M000478,Preeti,Chawla,Female,1980-10-29,45,Mysuru,Individual,2022-02-17,8804954936,preeti.chawla44@gmail.com
M000479,Sneha,Khanna,Female,1984-05-29,41,Thiruvananthapuram,Individual,2021-01-25,8581984435,sneha.khanna2@yahoo.com
M000480,Rajat,Menon,Female,1988-07-21,37,Thiruvananthapuram,Family,2024-08-23,8418466565,rajat.menon63@outlook.com
M000481,Ritu,Mishra,Female,1972-09-03,53,Gurugram,Family,2021-04-17,8510293632,ritu.mishra43@yahoo.com
M000482,Arvind,Shah,Male,1976-08-09,49,Kochi,Corporate,2025-09-14,8128483752,arvind.shah37@outlook.com
M000483,Aditi,Ahluwalia,Female,1978-05-10,47,Pune,Individual,2022-07-26,8421317432,aditi.ahluwalia37@yahoo.com
M000484,Rahul,Gupta,Male,2002-08-29,23,Warangal,Individual,2022-11-18,8234183895,rahul.gupta23@yahoo.com
M000485,Juhi,Sharma,Female,1966-10-28,59,Warangal,Individual,2024-07-22,8634079488,juhi.sharma90@gmail.com
M000486,Preeti,Choudhary,F,1965-03-21,60,Mangaluru,Individual,2025-10-17,8301999766,preeti.choudhary51@outlook.com
M000487,Arvind,Chopra,Male,1959-07-06,66,Chennai,Individual,2025-08-30,8445234679,arvind.chopra2@yahoo.com
M000488,Preeti,Desai,Female,1991-01-20,34,Coimbatore,Individual,2020-04-19,8085253447,preeti.desai72@gmail.com
M000489,Kavita,Iyer,Female,2001-07-17,24,Kochi,Individual,2022-01-01,8704867186,kavita.iyer15@gmail.com
M000490,Arvind,Chawla,Male,1983-11-12,42,Ahmedabad,Individual,2024-06-25,8161660602,arvind.chawla67@gmail.com
M000491,Shaurya,Kapoor,Male,1963-05-29,62,Delhi,Family,2021-11-11,8186310515,shaurya.kapoor4@outlook.com
M000492,Sameer,Mishra,Male,1961-02-23,64,Thiruvananthapuram,Family,2022-06-23,8680312138,sameer.mishra21@gmail.com
M000493,Siddharth,Iyer,Male,1974-09-06,51,Kozhikode,Family,2024-10-16,8232310181,siddharth.iyer42@gmail.com
M000494,Kavita,Bhatia,Female,2005-11-28,20,Chennai,Individual,2020-10-13,8585918484,kavita.bhatia51@yahoo.com
M000495,Aryan,Menon,Female,1958-09-02,67,Madurai,Individual,2023-08-24,8581031809,aryanmenon@@gmail.com
M000496,Aryan,Ahluwalia,Male,1984-10-02,41,Kozhikode,Individual,2022-09-08,8179447045,aryan.ahluwalia90@gmail.com
M000497,Rahul,Mishra,Male,1993-03-27,32,Mangaluru,Individual,2020-02-03,8346430199,rahul.mishra48@outlook.com
M000498,Diya,Bhatia,Female,1956-03-21,69,Mumbai,Individual,2024-07-12,8406616802,diya.bhatia43@gmail.com
M000499,Tanvi,Khanna,Female,1983-07-20,42,Mumbai,Corporate,2020-06-25,8461586467,tanvi.khanna15@outlook.com
M000500,Esha,Shah,Female,1956-09-03,69,Delhi,Individual,2021-04-20,8989297183,eshashah@@gmail.com
M000501,Shaurya,Kapoor,Male,2005-11-17,20,Bengaluru,Individual,2020-05-10,8829128048,shaurya.kapoor11@yahoo.com
M000502,Kirti,Menon,Female,1994-06-06,31,Thiruvananthapuram,Corporate,2021-02-17,8219647473,kirti.menon17@gmail.com
M000503,Pooja,Agarwal,Female,1976-12-05,49,Chennai,Family,2022-09-11,8257153464,pooja.agarwal45@outlook.com
M000504,Sanya,Shah,Female,1989-02-22,36,Bengaluru,Individual,2024-11-07,8244947288,sanya.shah51@yahoo.com
M000505,Falguni,Kulkarni,Female,1977-11-14,48,Delhi,Individual,2021-01-08,8520815303,falguni.kulkarni17@outlook.com
M000506,Diya,Bansal,Female,2005-07-17,20,Bengaluru,Individual,2023-11-25,8224620738,diya.bansal29@gmail.com
M000507,Shaurya,Khanna,Male,1970-03-17,55,Pune,Individual,2021-06-17,8000454991,shaurya.khanna23@outlook.com
M000508,Rajat,Gupta,Male,1965-07-02,60,Delhi,Individual,2022-09-28,8210768545,rajat.gupta97@outlook.com
M000509,Vikram,Kapoor,Male,2003-01-08,22,Hyderabad,Corporate,2020-02-06,8218511361,vikram.kapoor44@outlook.com
M000510,Nisha,Joshi,Female,1976-09-01,49,Visakhapatnam,Individual,2023-05-04,8085619265,nisha.joshi28@yahoo.com
M000511,Kirti,Pandey,Female,1956-06-09,69,Kozhikode,Individual,2025-06-24,8908300232,kirti.pandey1@outlook.com
M000512,Rakesh,Bhatia,Male,1995-06-06,30,Pune,Individual,2025-08-20,8607605059,rakesh.bhatia91@outlook.com
M000513,Ishaan,Reddy,Male,1973-04-09,52,Vijayawada,Corporate,2021-08-20,8466625106,ishaan.reddy96@gmail.com
M000514,Falguni,Ahluwalia,Female,1974-01-02,51,Coimbatore,Individual,2021-01-12,8505079736,falguni.ahluwalia99@gmail.com
M000515,Puneet,Rao,Male,1986-05-27,39,Warangal,Family,2025-06-14,8879862033,puneet.rao82@yahoo.com
M000516,Puneet,Saxena,Male,1973-01-21,52,Mangaluru,Individual,2020-12-20,8790887659,puneet.saxena73@yahoo.com
M000517,Sneha,Khanna,M,1969-06-05,56,Vijayawada,Individual,2024-09-05,8589367781,sneha.khanna10@outlook.com
M000518,Riya,Shah,Female,1957-12-29,68,Ahmedabad,Corporate,2021-07-09,8466805064,riya.shah61@outlook.com
M000519,Kavita,Ahluwalia,Female,1994-07-30,31,Gurugram,Family,2025-12-21,8937415277,kavita.ahluwalia70@outlook.com
M000520,Ritu,Pandey,Female,1994-04-26,31,Warangal,Family,2022-03-11,8951941476,ritu.pandey94@yahoo.com
M000521,Meghna,Tiwari,M,1986-09-07,39,Kozhikode,Corporate,2023-01-14,8297418534,meghna.tiwari49@yahoo.com
M000522,Arvind,Malhotra,Male,1982-03-15,43,Mysuru,Family,2020-09-20,8906441466,arvind.malhotra87@yahoo.com
M000523,Swati,Mishra,Female,1979-05-16,46,Kozhikode,Corporate,2020-12-15,8504796388,swati.mishra85@outlook.com
M000524,Swati,Chopra,Female,1984-12-27,41,Kochi,Individual,2020-06-16,8197683475,swatichopragmail.com
M000525,Vihaan,Mehta,Male,1981-05-22,44,Mangaluru,Individual,2022-03-11,8948172967,vihaan.mehta28@yahoo.com
M000526,Nikhil,Tiwari,Male,1994-01-29,31,Hyderabad,Family,2025-12-09,8351864215,nikhil.tiwari67@yahoo.com
M000527,Nisha,Bansal,Female,1958-03-11,67,Warangal,Family,2023-08-16,8811414367,nisha.bansal86@yahoo.com
M000528,Neha,Mehta,Female,1968-06-03,57,Ahmedabad,Individual,2024-09-21,8608827074,neha.mehta53@yahoo.com
M000529,Nikhil,Verma,F,1995-04-15,30,Gurugram,Family,2021-09-07,8921430081,nikhil.verma10@gmail.com
M000530,Diya,Saxena,Female,2003-10-31,22,Ahmedabad,Individual,2023-07-18,8076089140,diya.saxena55@yahoo.com
M000531,Isha,Shah,Female,1967-02-06,58,Vijayawada,Individual,2023-05-25,8155125269,isha.shah97@yahoo.com
M000532,Nisha,Mehta,Female,1976-05-03,49,Chennai,Individual,2020-04-11,8142170108,nisha.mehta3@outlook.com
M000533,Ojasvi,Chawla,Female,1993-11-08,32,Pune,Family,2025-01-28,8618832710,ojasvi.chawla66@gmail.com
M000534,Aryan,Kulkarni,Male,2005-11-03,20,Kochi,Corporate,2022-12-24,8612394856,aryan.kulkarni6@outlook.com
M000535,Rajat,Khanna,Male,1994-08-24,31,Mumbai,Family,2022-05-08,8379818374,rajat.khanna42@yahoo.com
M000536,Rakesh,Kapoor,Male,1957-06-27,68,Gurugram,Family,2021-01-06,8486591251,
M000537,Kabir,Pandey,Male,2004-03-04,21,Bengaluru,Individual,2024-01-20,8840717915,kabir.pandey62@yahoo.com
M000538,Ojasvi,Ahluwalia,Female,1962-10-25,63,Warangal,Family,2024-06-01,8969276033,ojasviahluwaliagmail.com
M000539,Isha,Shah,Female,1970-02-23,55,Ahmedabad,Family,2025-08-17,8096766843,isha.shah86@outlook.com
M000540,Tushar,Sharma,Male,1994-01-09,31,Kozhikode,Family,2024-07-24,8302644875,tushar.sharma86@yahoo.com
M000541,Juhi,Khanna,Male,1981-08-19,44,Coimbatore,Family,2023-07-15,8768363801,juhi.khanna60@outlook.com
M000542,Yash,Tiwari,Male,1982-07-03,43,Hyderabad,Family,2025-04-12,8448482517,yash.tiwari22@outlook.com
M000543,Ankit,Sharma,Male,1959-11-24,66,Mumbai,Family,2021-09-24,8578392819,ankit.sharma57@gmail.com
M000544,Kavita,Chawla,Female,1995-05-23,30,Thiruvananthapuram,Family,2025-02-14,8964761919,kavita.chawla33@yahoo.com
M000545,Karan,Sharma,Male,1971-07-24,54,Visakhapatnam,Individual,2020-03-13,8393965930,karan.sharma9@outlook.com
M000546,Yash,Rao,Male,1968-01-05,57,Thiruvananthapuram,Family,2025-11-18,8879050475,yash.rao87@yahoo.com
M000547,Esha,Reddy,F,1958-02-22,67,Mumbai,Family,2025-04-22,8819046136,esha.reddy54@yahoo.com
M000548,Dev,Sharma,Male,1989-02-14,36,Mysuru,Individual,2022-06-01,8838041974,dev.sharma61@outlook.com
M000549,Nidhi,Tiwari,Female,1958-08-05,67,Mangaluru,Individual,2023-01-19,8705719484,nidhi.tiwari99@gmail.com
M000550,Dev,Ahluwalia,Male,1985-01-31,40,Hyderabad,Family,2020-02-16,8518604038,dev.ahluwalia10@outlook.com
M000551,Karan,Mehta,Male,1957-12-15,68,Visakhapatnam,Individual,2022-10-07,8500443633,karan.mehta25@outlook.com
M000552,Isha,Joshi,Female,1967-07-12,58,Chennai,Corporate,2020-06-10,8088524906,isha.joshi20@outlook.com
M000553,Priyal,Reddy,Female,1995-07-16,30,Ahmedabad,Family,2021-09-28,8027190537,priyal.reddy67@outlook.com
M000554,Siddharth,Saxena,Male,1971-07-25,54,Warangal,Family,2020-06-07,8687431336,siddharth.saxena74@gmail.com
M000555,Charu,Saxena,Female,1973-03-27,52,Pune,Family,2020-04-03,8877043337,
M000556,Shaurya,Nair,Male,1976-01-16,49,Chennai,Individual,2022-09-03,8278559384,shaurya.nair3@gmail.com
M000557,Sneha,Kulkarni,Female,1993-05-25,32,Chennai,Individual,2025-07-29,8837662803,sneha.kulkarni75@outlook.com
M000558,Swati,Joshi,Female,1959-08-20,66,Thiruvananthapuram,Family,2025-07-09,8251111383,swati.joshi53@gmail.com
M000559,Swati,Chopra,Female,1959-05-20,66,Kozhikode,Individual,2020-11-06,8966953170,swati.chopra5@gmail.com
M000560,Vihaan,Gupta,Male,1992-03-17,33,Mangaluru,Individual,2024-01-02,8719347931,vihaan.gupta58@gmail.com
M000561,Shaurya,Tiwari,M,1965-10-01,60,Vijayawada,Individual,2023-07-10,8065217645,shaurya.tiwari63@gmail.com
M000562,Vihaan,Patel,Male,1985-09-01,40,Coimbatore,Individual,2022-04-21,8073281097,vihaan.patel51@outlook.com
M000563,Sanjay,Iyer,Male,1990-05-07,35,Delhi,Family,2025-05-17,8776267814,sanjay.iyer67@gmail.com
M000564,Riya,Kulkarni,Female,1981-02-02,44,Madurai,Family,2025-10-30,8195119612,riya.kulkarni88@gmail.com
M000565,Juhi,Bansal,Male,1955-11-29,70,Coimbatore,Family,2023-11-24,8431251824,juhi.bansal80@gmail.com
M000566,Nisha,Gupta,Female,1968-02-19,57,Chennai,Corporate,2023-04-12,8497464364,nisha.gupta43@yahoo.com
M000567,Charu,Kapoor,Female,1987-08-13,38,Bengaluru,Individual,2022-06-09,8491163414,charu.kapoor76@gmail.com
M000568,Anjali,Ahluwalia,Female,1966-10-31,59,Mangaluru,Individual,2024-01-17,8348924929,
M000569,Tushar,Mishra,Male,1977-05-09,48,Ahmedabad,Corporate,2024-06-05,8749855456,tushar.mishra78@gmail.com
M000570,Nikhil,Bhatia,Male,1982-08-25,43,Kochi,Corporate,2020-02-02,8012485227,nikhil.bhatia42@yahoo.com
M000571,Shaurya,Kulkarni,Male,1976-01-09,49,Kochi,Individual,2023-01-10,8778369422,shaurya.kulkarni36@outlook.com
M000572,Puneet,Agarwal,Male,2002-03-14,23,Warangal,Individual,2024-12-05,8430227945,puneet.agarwal29@gmail.com
M000573,Rahul,Bansal,Male,1999-11-06,26,Mumbai,Corporate,2021-10-04,8436434233,rahulbansal@@gmail.com
M000574,Anjali,Iyer,Female,1982-07-01,43,Kozhikode,Individual,2022-12-23,8747135689,anjali.iyer81@outlook.com
M000575,Mansi,Mishra,Female,1957-08-20,68,Ahmedabad,Family,2021-04-23,8962429641,mansi.mishra16@yahoo.com
M000576,Sameer,Saxena,Male,2000-01-27,25,Mumbai,Individual,2021-12-14,8618962566,sameer.saxena63@yahoo.com
M000577,Manish,Kapoor,Male,1993-12-05,32,Pune,Individual,2022-03-24,8829131937,manish.kapoor61@yahoo.com
M000578,Priyal,Patel,Female,2005-04-13,20,Coimbatore,Corporate,2023-09-08,8598428468,priyal.patel65@yahoo.com
M000579,Juhi,Menon,Female,1999-09-17,26,Chennai,Individual,2024-04-07,8762643807,juhi.menon97@gmail.com
M000580,Riya,Bansal,Female,1959-12-25,66,Mumbai,Individual,2024-07-11,8111046752,riya.bansal36@outlook.com
M000581,Rajat,Ahluwalia,Male,1993-10-29,32,Mumbai,Individual,2021-11-07,8881554809,rajat.ahluwalia14@yahoo.com
M000582,Sanya,Menon,Female,1956-06-09,69,Coimbatore,Individual,2025-04-02,8862493166,sanya.menon98@gmail.com
M000583,Ritu,Shah,Female,1974-03-19,51,Mumbai,Family,2021-12-19,8062345290,ritu.shah37@yahoo.com
M000584,Rahul,Iyer,Male,1978-10-24,47,Visakhapatnam,Individual,2025-07-13,8273933024,rahul.iyer76@gmail.com
M000585,Kirti,Verma,Female,2001-12-09,24,Madurai,Individual,2021-07-02,8265112466,kirti.verma22@outlook.com
M000586,Saurabh,Iyer,Male,1968-03-24,57,Kozhikode,Corporate,2022-05-13,8550483665,saurabh.iyer28@outlook.com
M000587,Ankit,Kapoor,Female,1977-12-15,48,Madurai,Corporate,2022-07-17,8066434883,ankit.kapoor75@gmail.com
M000588,Pooja,Patel,Female,1995-04-17,30,Kozhikode,Corporate,2021-07-06,8806280761,poojapatelgmail.com
M000589,Charu,Menon,Female,1955-08-16,70,Warangal,Family,2021-06-20,8609138393,charu.menon8@gmail.com
M000590,Aditya,Kapoor,Male,1993-07-19,32,Chennai,Individual,2021-01-26,8349217741,aditya.kapoor40@yahoo.com
M000591,Charu,Kulkarni,Female,1961-07-08,64,Kozhikode,Corporate,2025-03-02,8136777903,charu.kulkarni40@yahoo.com
M000592,Sameer,Agarwal,Male,2002-08-18,23,Warangal,Individual,2021-11-23,8694508671,sameer.agarwal61@gmail.com
M000593,Preeti,Choudhary,Female,1988-04-28,37,Warangal,Individual,2025-05-24,8848987592,preeti.choudhary35@yahoo.com
M000594,Aryan,Desai,Male,2000-01-13,25,Mysuru,Individual,2023-11-05,8354665720,aryan.desai31@yahoo.com
M000595,Ankit,Kapoor,Male,1965-12-19,60,Hyderabad,Family,2021-08-30,8624634675,ankit.kapoor39@outlook.com
M000596,Shaurya,Desai,Male,1985-04-12,40,Ahmedabad,Corporate,2023-03-01,8003545949,shauryadesaigmail.com
M000597,Sanya,Tiwari,Female,1982-02-10,43,Kozhikode,Individual,2024-11-13,8286863249,sanya.tiwari29@outlook.com
M000598,Karan,Pandey,Male,1987-03-22,38,Kochi,Corporate,2025-07-15,8498514467,karan.pandey37@yahoo.com
M000599,Karan,Kulkarni,Male,1973-12-29,52,Visakhapatnam,Family,2024-11-25,8837263380,karan.kulkarni57@outlook.com
M000600,Aditi,Rao,Female,1977-05-15,48,Delhi,Corporate,2024-10-04,8267730000,aditi.rao16@yahoo.com
M000601,Aditi,Desai,Female,2003-05-10,22,Warangal,Corporate,2023-08-01,8740754795,aditi.desai6@gmail.com
M000602,Garima,Patel,Female,1968-08-13,57,Warangal,Family,2024-02-13,8841741330,
M000603,Juhi,Sharma,Female,2003-04-16,22,Coimbatore,Individual,2020-05-09,8788238903,juhi.sharma78@yahoo.com
M000604,Puneet,Mehta,Male,1995-02-11,30,Chennai,Individual,2024-10-22,8911469670,puneet.mehta86@yahoo.com
M000605,Rahul,Desai,Male,1977-01-23,48,Kochi,Individual,2025-10-07,8461072875,rahul.desai50@gmail.com
M000606,Siddharth,Shah,Male,1958-10-29,67,Hyderabad,Family,2023-02-25,8261548824,siddharth.shah26@gmail.com
M000607,Mansi,Gupta,Female,1959-10-27,66,Mysuru,Corporate,2024-09-01,8642514633,mansi.gupta49@outlook.com
M000608,Nikhil,Chopra,Male,1955-02-13,70,Delhi,Family,2024-05-30,8347836283,nikhil.chopra47@yahoo.com
M000609,Arvind,Patel,Male,1960-10-05,65,Delhi,Corporate,2023-06-17,8400012041,arvind.patel27@yahoo.com
M000610,Charu,Malhotra,Female,1992-12-04,33,Kozhikode,Individual,2023-12-07,8352138627,charu.malhotra81@outlook.com
M000611,Riya,Kulkarni,Female,1991-12-26,34,Hyderabad,Family,2025-04-17,8531118562,riya.kulkarni10@yahoo.com
M000612,Bhavna,Kapoor,Female,1974-07-09,51,Ahmedabad,Family,2025-12-25,8360604510,bhavna.kapoor62@outlook.com
M000613,Ritu,Bansal,Female,1963-10-18,62,Vijayawada,Family,2022-07-22,8098629606,ritu.bansal36@gmail.com
M000614,Tanvi,Saxena,Female,2005-08-11,20,Vijayawada,Corporate,2020-04-22,8216748862,tanvi.saxena13@yahoo.com
M000615,Vivek,Bhatia,Male,1994-09-15,31,Hyderabad,Individual,2025-10-12,8513759744,vivek.bhatia62@outlook.com
M000616,Manish,Saxena,Male,1995-04-21,30,Warangal,Family,2024-04-14,8045657816,manish.saxena37@gmail.com
M000617,Gaurav,Patel,F,1968-01-29,57,Gurugram,Family,2020-07-14,8005864741,gaurav.patel12@yahoo.com
M000618,Anjali,Chopra,Female,1957-07-18,68,Madurai,Individual,2023-06-04,8343390038,anjali.chopra57@yahoo.com
M000619,Sanjay,Mishra,Male,1972-04-23,53,Thiruvananthapuram,Corporate,2022-03-16,8033454192,
M000620,Vihaan,Verma,Male,2005-07-10,20,Visakhapatnam,Corporate,2022-11-01,8517144265,vihaan.verma68@yahoo.com
M000621,Sanya,Gupta,Female,1973-05-30,52,Mysuru,Individual,2024-10-26,8228917985,sanya.gupta62@gmail.com
M000622,Kabir,Bhatia,Male,1972-05-10,53,Vijayawada,Individual,2021-10-23,8898483407,kabir.bhatia16@outlook.com
M000623,Kavita,Agarwal,Female,1984-11-07,41,Mangaluru,Individual,2024-09-27,8431439145,kavita.agarwal83@outlook.com
M000624,Vikram,Agarwal,Male,1971-11-06,54,Visakhapatnam,Family,2025-12-12,8545901220,vikram.agarwal15@gmail.com
M000625,Garima,Choudhary,Female,1988-08-05,37,Chennai,Individual,2022-01-19,8114868600,garima.choudhary77@outlook.com
M000626,Aryan,Mishra,Male,1986-05-21,39,Delhi,Individual,2022-11-09,8187190482,aryan.mishra88@outlook.com
M000627,Kirti,Chopra,Female,1988-11-23,37,Pune,Individual,2021-09-02,8576318415,kirti.chopra45@yahoo.com
M000628,Aditi,Tiwari,Female,1982-05-27,43,Bengaluru,Family,2023-03-07,8737419482,aditi.tiwari7@outlook.com
M000629,Juhi,Agarwal,Female,1980-09-19,45,Coimbatore,Corporate,2022-03-22,8703999671,juhi.agarwal1@yahoo.com
M000630,Mansi,Patel,Female,1998-02-02,27,Coimbatore,Corporate,2021-12-01,8193342448,mansi.patel25@gmail.com
M000631,Shaurya,Reddy,Male,1972-02-14,53,Hyderabad,Family,2025-03-26,8913068770,shaurya.reddy51@outlook.com
M000632,Ankit,Bhatia,Male,1970-03-17,55,Coimbatore,Individual,2020-09-02,8770745720,ankit.bhatia12@gmail.com
M000633,Rohan,Bhatia,Male,1982-06-02,43,Mysuru,Corporate,2024-10-26,8540748527,rohan.bhatia64@outlook.com
M000634,Swati,Reddy,Female,1985-06-16,40,Kozhikode,Individual,2022-09-22,8287541578,swatireddygmail.com
M000635,Kavita,Malhotra,M,1976-01-16,49,Mysuru,Individual,2024-05-27,8443647091,kavita.malhotra46@outlook.com
M000636,Neha,Reddy,Female,1959-07-05,66,Visakhapatnam,Individual,2020-11-09,8884429272,neha.reddy33@yahoo.com
M000637,Nidhi,Agarwal,Female,1980-11-22,45,Warangal,Corporate,2020-02-16,8637661983,nidhi.agarwal82@outlook.com
M000638,Sanjay,Gupta,Male,1998-04-18,27,Chennai,Corporate,2020-08-26,8599877631,sanjay.gupta72@outlook.com
M000639,Swati,Mehta,Female,1983-02-21,42,Coimbatore,Individual,2020-06-23,8296187644,swati.mehta44@outlook.com
M000640,Aryan,Tiwari,Male,1974-02-28,51,Pune,Corporate,2020-01-02,8710795863,aryan.tiwari10@outlook.com
M000641,Puneet,Verma,Male,1974-05-03,51,Kochi,Family,2022-05-13,8364680042,puneet.verma90@outlook.com
M000642,Kabir,Chopra,Male,1971-04-20,54,Coimbatore,Individual,2022-03-07,8505122928,kabir.chopra76@yahoo.com
M000643,Diya,Kulkarni,Female,1973-12-13,52,Pune,Family,2020-06-28,8239001702,diya.kulkarni26@outlook.com
M000644,Vivek,Bhatia,Male,1970-11-09,55,Chennai,Individual,2025-10-31,8512465239,vivek.bhatia16@outlook.com
M000645,Tanvi,Tiwari,Female,1999-09-10,26,Hyderabad,Corporate,2021-09-30,8672310391,tanvi.tiwari96@outlook.com
M000646,Vikram,Menon,Male,1985-08-27,40,Mangaluru,Corporate,2022-03-17,8100449968,vikram.menon13@gmail.com
M000647,Sanjay,Pandey,Male,1994-07-17,31,Mysuru,Family,2020-04-19,8677206374,sanjay.pandey83@yahoo.com
M000648,Isha,Reddy,Female,1995-10-05,30,Visakhapatnam,Individual,2024-08-28,8721555645,
M000649,Sneha,Patel,Female,1999-01-17,26,Kochi,Individual,2020-09-04,8029399998,sneha.patel89@yahoo.com
M000650,Rohan,Bhatia,Male,1979-08-10,46,Warangal,Individual,2022-10-23,8768600993,rohan.bhatia42@outlook.com
M000651,Nikhil,Bhatia,M,1962-07-01,63,Chennai,Corporate,2025-10-09,8861023770,nikhil.bhatia25@outlook.com
M000652,Ishaan,Iyer,Male,2001-08-03,24,Warangal,Individual,2022-02-04,8948919360,ishaan.iyer45@outlook.com
M000653,Tushar,Kapoor,Female,1971-11-27,54,Pune,Family,2025-03-07,8193551031,tushar.kapoor73@yahoo.com
M000654,Aryan,Bhatia,Male,1968-04-03,57,Kochi,Corporate,2025-10-28,8811104053,aryan.bhatia81@gmail.com
M000655,Meghna,Sharma,Female,1991-10-10,34,Hyderabad,Family,2024-09-10,8988863779,meghna.sharma90@gmail.com
M000656,Diya,Choudhary,Female,1957-06-02,68,Visakhapatnam,Corporate,2022-05-28,8417420627,diya.choudhary72@outlook.com
M000657,Rahul,Joshi,Male,1964-01-30,61,Hyderabad,Corporate,2020-05-09,8021113556,rahul.joshi81@gmail.com
M000658,Tushar,Verma,Male,1978-12-31,47,Gurugram,Family,2021-01-17,8252645875,tushar.verma92@gmail.com
M000659,Anjali,Pandey,Female,1987-12-30,38,Mangaluru,Individual,2025-03-05,8289240934,anjali.pandey70@outlook.com
M000660,Aryan,Bansal,Male,2000-05-09,25,Pune,Individual,2021-10-13,8775951015,aryan.bansal34@gmail.com
M000661,Rahul,Choudhary,Male,1992-08-22,33,Warangal,Individual,2023-12-16,8914272801,rahul.choudhary65@gmail.com
M000662,Amit,Tiwari,Male,1986-03-12,39,Gurugram,Family,2022-08-04,8789270578,amit.tiwari35@yahoo.com
M000663,Puneet,Ahluwalia,Male,2002-08-01,23,Chennai,Individual,2022-08-04,8664978405,puneet.ahluwalia13@yahoo.com
M000664,Riya,Verma,Female,1977-08-23,48,Chennai,Family,2023-11-11,8550312505,riya.verma2@outlook.com
M000665,Ritu,Saxena,Female,2004-03-28,21,Ahmedabad,Family,2021-07-01,8549134017,ritu.saxena21@yahoo.com
M000666,Preeti,Patel,Female,1971-02-21,54,Coimbatore,Individual,2024-11-04,8320501992,preeti.patel80@outlook.com
M000667,Tanvi,Agarwal,Female,1972-05-12,53,Kozhikode,Family,2023-10-06,8838825302,
M000668,Aryan,Joshi,Male,1986-11-19,39,Coimbatore,Family,2024-12-29,8521167503,aryan.joshi62@gmail.com
M000669,Ojasvi,Joshi,Female,1974-08-19,51,Hyderabad,Individual,2021-10-09,8693884510,ojasvi.joshi71@gmail.com
M000670,Nidhi,Kapoor,Female,1975-08-07,50,Bengaluru,Individual,2023-03-28,8552131088,nidhi.kapoor71@outlook.com
M000671,Falguni,Mehta,Female,1987-05-17,38,Warangal,Corporate,2023-01-22,8178222424,falguni.mehta23@outlook.com
M000672,Kavita,Reddy,Female,1977-11-17,48,Chennai,Individual,2021-01-07,8555691380,kavita.reddy53@yahoo.com
M000673,Meghna,Joshi,Female,2000-01-19,25,Gurugram,Corporate,2020-06-28,8051299430,meghna.joshi70@yahoo.com
M000674,Manish,Kapoor,Male,1964-11-26,61,Chennai,Individual,2025-04-03,8453674008,manish.kapoor37@yahoo.com
M000675,Tushar,Verma,Male,1988-11-28,37,Chennai,Individual,2023-10-12,8711562392,tushar.verma59@outlook.com
M000676,Pooja,Malhotra,Female,1970-12-29,55,Pune,Individual,2021-10-14,8537715244,pooja.malhotra36@yahoo.com
M000677,Kabir,Joshi,Male,1974-09-04,51,Thiruvananthapuram,Corporate,2022-12-21,8547290344,kabir.joshi83@gmail.com
M000678,Rajat,Shah,Male,1995-09-06,30,Chennai,Individual,2020-07-16,8197270289,rajat.shah54@outlook.com
M000679,Manish,Verma,Male,1980-10-10,45,Ahmedabad,Individual,2022-08-16,8773644624,manish.verma82@yahoo.com
M000680,Anjali,Verma,M,1988-03-17,37,Visakhapatnam,Individual,2020-05-09,8132678637,anjali.verma68@gmail.com
M000681,Kabir,Mehta,Male,1958-05-19,67,Pune,Corporate,2020-06-29,8471564582,kabir.mehta77@yahoo.com
M000682,Bhavna,Iyer,Female,1976-02-28,49,Mumbai,Family,2020-11-21,8504521254,
M000683,Gaurav,Rao,Male,1958-06-10,67,Warangal,Family,2025-05-21,8168893508,gaurav.rao82@yahoo.com
M000684,Nidhi,Kapoor,Female,1972-09-12,53,Kozhikode,Family,2021-06-02,8165894634,nidhi.kapoor84@gmail.com
M000685,Vihaan,Nair,Male,2000-01-25,25,Ahmedabad,Family,2025-10-13,8690559915,vihaan.nair41@gmail.com
M000686,Aditya,Joshi,Male,1967-08-27,58,Mangaluru,Corporate,2023-03-27,8671908043,aditya.joshi66@gmail.com
M000687,Ritu,Gupta,Female,1990-09-30,35,Vijayawada,Corporate,2024-11-13,8094348203,ritu.gupta26@yahoo.com
M000688,Sneha,Khanna,Female,1964-12-05,61,Gurugram,Individual,2021-12-25,8128270445,sneha.khanna20@outlook.com
M000689,Falguni,Kapoor,Female,1993-04-21,32,Vijayawada,Family,2021-03-21,8182607499,falguni.kapoor53@outlook.com
M000690,Arvind,Sharma,Male,1961-05-23,64,Mangaluru,Corporate,2022-09-01,8147867597,arvind.sharma23@outlook.com
M000691,Riya,Chawla,Female,1958-08-10,67,Bengaluru,Corporate,2020-10-28,8585466533,riya.chawla57@yahoo.com
M000692,Kirti,Agarwal,Female,1997-01-31,28,Vijayawada,Individual,2022-05-12,8885251474,kirti.agarwal11@yahoo.com
M000693,Rajat,Saxena,Male,1998-02-23,27,Delhi,Individual,2022-10-21,8257830539,rajat.saxena23@outlook.com
M000694,Neha,Patel,Female,2002-03-26,23,Hyderabad,Corporate,2023-07-06,8735444720,neha.patel8@outlook.com
M000695,Priyal,Chopra,Female,1955-05-12,70,Delhi,Family,2020-05-21,8321247091,priyal.chopra86@yahoo.com
M000696,Priyal,Verma,Female,1974-12-09,51,Madurai,Individual,2021-08-01,8923888164,priyal.verma15@gmail.com
M000697,Tushar,Nair,Male,1972-10-31,53,Madurai,Family,2022-02-21,8459042378,tushar.nair50@yahoo.com
M000698,Mansi,Iyer,Female,2003-12-30,22,Pune,Corporate,2021-08-05,8833953046,mansi.iyer75@outlook.com
M000699,Charu,Iyer,Female,1964-09-24,61,Ahmedabad,Individual,2025-11-05,8813742941,charu.iyer35@outlook.com
M000700,Saurabh,Chawla,Male,1995-03-31,30,Thiruvananthapuram,Family,2021-08-01,8103921592,saurabh.chawla64@outlook.com
M000701,Ritu,Nair,Female,1986-05-14,39,Gurugram,Corporate,2022-09-04,8038896663,ritu.nair85@outlook.com
M000702,Sneha,Rao,Female,1973-06-15,52,Mumbai,Family,2022-03-31,8694674876,sneha.rao86@yahoo.com
M000703,Sneha,Nair,Female,1965-01-21,60,Delhi,Individual,2025-11-17,8267018745,sneha.nair98@outlook.com
M000704,Juhi,Chopra,Female,1986-12-11,39,Mysuru,Family,2025-09-13,8868492840,juhi.chopra1@gmail.com
M000705,Sneha,Mishra,Female,1981-01-24,44,Visakhapatnam,Individual,2021-06-06,8298823199,sneha.mishra89@yahoo.com
M000706,Kirti,Bansal,Female,1965-12-13,60,Gurugram,Individual,2025-06-26,8342476077,kirti.bansal60@yahoo.com
M000707,Rakesh,Desai,Male,2000-12-25,25,Kozhikode,Family,2025-06-23,8690825375,rakesh.desai25@outlook.com
M000708,Nikhil,Tiwari,Male,1962-12-11,63,Mysuru,Family,2022-09-16,8567119815,nikhil.tiwari61@outlook.com
M000709,Neha,Sharma,Female,1990-07-13,35,Mysuru,Family,2023-09-13,8038254486,neha.sharma67@gmail.com
M000710,Vikram,Choudhary,Male,1988-08-31,37,Chennai,Family,2025-09-25,8127409307,
M000711,Mansi,Desai,Female,1959-04-14,66,Ahmedabad,Individual,2025-03-19,8641048671,mansi.desai48@yahoo.com
M000712,Arvind,Choudhary,Male,1977-04-15,48,Mumbai,Individual,2023-02-28,8681748073,arvind.choudhary91@outlook.com
M000713,Nikhil,Joshi,F,1956-06-01,69,Thiruvananthapuram,Family,2022-05-27,8760080675,nikhil.joshi70@outlook.com
M000714,Mansi,Ahluwalia,Female,1998-07-31,27,Kochi,Individual,2022-07-05,8939082659,mansi.ahluwalia83@outlook.com
M000715,Aryan,Iyer,Male,2004-03-25,21,Gurugram,Corporate,2024-01-18,8483955657,aryan.iyer50@outlook.com
M000716,Meghna,Mishra,Female,1998-08-02,27,Bengaluru,Individual,2023-12-23,8285234264,meghna.mishra89@yahoo.com
M000717,Rahul,Joshi,Male,1985-05-04,40,Coimbatore,Corporate,2025-03-15,8046054586,rahul.joshi82@gmail.com
M000718,Puneet,Chopra,Male,1970-12-13,55,Kochi,Family,2022-12-21,8616941601,puneet.chopra56@yahoo.com
M000719,Amit,Sharma,Male,2003-05-30,22,Hyderabad,Individual,2022-10-21,8821515096,amit.sharma72@outlook.com
M000720,Amit,Patel,Male,1980-11-30,45,Kozhikode,Individual,2022-11-16,8972001018,amit.patel48@yahoo.com
M000721,Riya,Rao,Female,1994-10-20,31,Mumbai,Family,2021-10-23,8493492281,riya.rao83@yahoo.com
M000722,Priyal,Desai,Female,1972-10-25,53,Ahmedabad,Individual,2025-12-05,8788318770,priyal.desai54@yahoo.com
M000723,Rohit,Ahluwalia,Male,1974-08-21,51,Vijayawada,Individual,2024-11-15,8927803365,rohit.ahluwalia42@outlook.com
M000724,Ishaan,Reddy,Male,1963-10-19,62,Ahmedabad,Corporate,2020-09-29,8191930428,ishaan.reddy68@outlook.com
M000725,Mansi,Ahluwalia,Female,1999-07-03,26,Warangal,Individual,2021-11-27,8805585630,mansi.ahluwalia42@gmail.com
M000726,Kavita,Gupta,Female,1976-05-14,49,Kochi,Individual,2022-05-17,8438860182,kavita.gupta55@gmail.com
M000727,Gaurav,Chawla,Male,1955-02-13,70,Mysuru,Individual,2022-06-26,8504457891,gaurav.chawla78@outlook.com
M000728,Swati,Kapoor,Female,1990-11-08,35,Kozhikode,Corporate,2025-11-05,8849047610,swati.kapoor54@gmail.com
M000729,Sneha,Sharma,Female,1966-09-19,59,Visakhapatnam,Family,2023-04-15,8720076428,sneha.sharma72@gmail.com
M000730,Juhi,Shah,Female,1976-05-23,49,Hyderabad,Corporate,2021-03-14,8441268560,juhi.shah18@gmail.com
M000731,Kavita,Kulkarni,Female,1969-10-04,56,Mysuru,Individual,2020-10-13,8577016690,kavita.kulkarni46@outlook.com
M000732,Kavita,Saxena,Female,1974-07-19,51,Kochi,Family,2020-02-01,8549916646,kavita.saxena61@gmail.com
M000733,Pooja,Saxena,Female,1994-06-09,31,Coimbatore,Family,2023-09-18,8316209561,pooja.saxena92@gmail.com
M000734,Isha,Pandey,Female,2002-09-15,23,Bengaluru,Individual,2022-01-05,8400084692,isha.pandey76@outlook.com
M000735,Dev,Malhotra,Male,2004-12-01,21,Kochi,Individual,2022-06-11,8969892963,dev.malhotra56@outlook.com
M000736,Karan,Joshi,Male,1958-10-08,67,Chennai,Family,2021-02-10,8854434840,karan.joshi17@outlook.com
M000737,Neha,Verma,Female,1988-04-18,37,Chennai,Family,2022-01-02,8658194176,neha.verma9@outlook.com
M000738,Tanvi,Rao,Female,1967-04-10,58,Chennai,Individual,2023-10-16,8931276071,tanvi.rao86@outlook.com
M000739,Aditi,Bansal,Female,1965-01-27,60,Bengaluru,Individual,2022-03-19,8113334842,aditi.bansal11@outlook.com
M000740,Charu,Sharma,Female,2003-09-23,22,Gurugram,Corporate,2025-11-08,8732728685,charu.sharma96@gmail.com
M000741,Preeti,Nair,Female,1973-04-17,52,Mangaluru,Corporate,2023-06-27,8875865999,preeti.nair95@gmail.com
M000742,Aditya,Khanna,Male,1969-07-11,56,Kozhikode,Family,2020-01-20,8048920453,adityakhanna@@gmail.com
M000743,Rohan,Bhatia,Male,1988-03-19,37,Visakhapatnam,Individual,2021-09-30,8777099627,rohanbhatia@@gmail.com
M000744,Amit,Bansal,Male,1975-03-24,50,Mysuru,Individual,2024-10-12,8946580872,amit.bansal75@gmail.com
M000745,Puneet,Mehta,Male,1978-11-28,47,Pune,Family,2024-08-08,8078167113,puneet.mehta58@yahoo.com
M000746,Ankit,Shah,Male,1955-04-09,70,Madurai,Corporate,2025-01-28,8368598535,ankit.shah37@yahoo.com
M000747,Sameer,Sharma,Male,1955-05-03,70,Vijayawada,Corporate,2020-04-11,8066999274,sameer.sharma63@gmail.com
M000748,Garima,Ahluwalia,F,1991-12-25,34,Warangal,Individual,2020-07-07,8247303807,garima.ahluwalia33@gmail.com
M000749,Meghna,Patel,F,1964-01-31,61,Kozhikode,Individual,2025-03-14,8191090848,meghna.patel48@gmail.com
M000750,Diya,Chopra,Female,1966-10-18,59,Hyderabad,Family,2022-07-18,8508613305,diya.chopra49@yahoo.com
M000751,Arvind,Saxena,M,1988-09-30,37,Hyderabad,Family,2021-05-08,8681324049,arvind.saxena24@gmail.com
M000752,Aryan,Menon,Male,2004-09-22,21,Mangaluru,Corporate,2023-08-26,8911490075,aryan.menon4@yahoo.com
M000753,Rajat,Verma,Male,1972-12-08,53,Kozhikode,Individual,2021-10-17,8501648794,rajat.verma86@yahoo.com
M000754,Priyal,Bhatia,Female,1998-06-01,27,Visakhapatnam,Individual,2020-09-15,8846818937,priyal.bhatia66@gmail.com
M000755,Aditi,Mehta,Female,1985-08-02,40,Gurugram,Individual,2025-09-06,8816455401,aditi.mehta13@outlook.com
M000756,Nisha,Shah,Female,1980-06-14,45,Mangaluru,Corporate,2020-06-06,8206830654,nisha.shah67@yahoo.com
M000757,Neha,Ahluwalia,Female,1979-10-19,46,Coimbatore,Family,2024-06-13,8408605550,neha.ahluwalia53@gmail.com
M000758,Nidhi,Desai,Female,1973-04-17,52,Thiruvananthapuram,Individual,2023-11-27,8712444564,nidhi.desai73@gmail.com
M000759,Kirti,Kapoor,Female,1990-11-12,35,Vijayawada,Family,2021-01-15,8223920320,kirti.kapoor48@outlook.com
M000760,Ishaan,Joshi,Male,1964-12-17,61,Ahmedabad,Family,2024-08-25,8647677246,ishaan.joshi21@outlook.com
M000761,Esha,Ahluwalia,Female,2004-10-10,21,Warangal,Family,2023-02-01,8600336664,esha.ahluwalia17@yahoo.com
M000762,Aryan,Khanna,Male,1965-07-12,60,Bengaluru,Individual,2021-07-16,8438931255,aryan.khanna3@yahoo.com
M000763,Priyal,Shah,Female,1997-10-14,28,Mysuru,Family,2020-07-03,8929281576,priyal.shah32@gmail.com
M000764,Nikhil,Patel,Male,1981-03-18,44,Coimbatore,Corporate,2020-02-10,8911868138,nikhil.patel70@gmail.com
M000765,Vivek,Mehta,Male,1989-02-28,36,Thiruvananthapuram,Corporate,2023-07-01,8955506804,vivek.mehta67@gmail.com
M000766,Vihaan,Bhatia,Male,1958-07-10,67,Mysuru,Individual,2025-07-15,8945762115,vihaan.bhatia23@gmail.com
M000767,Dev,Kapoor,Male,1959-06-22,66,Visakhapatnam,Individual,2024-12-28,8918259808,dev.kapoor82@outlook.com
M000768,Neha,Menon,Female,1964-03-11,61,Delhi,Corporate,2023-09-17,8402887750,neha.menon43@gmail.com
M000769,Falguni,Mishra,Female,1978-02-07,47,Madurai,Family,2020-03-11,8172902293,falguni.mishra35@gmail.com
M000770,Sanjay,Bhatia,Male,2002-08-17,23,Warangal,Individual,2020-04-01,8358584314,sanjay.bhatia82@gmail.com
M000771,Bhavna,Patel,Female,1986-07-26,39,Mangaluru,Individual,2021-08-25,8248985928,bhavna.patel46@outlook.com
M000772,Preeti,Nair,Female,2000-01-05,25,Gurugram,Individual,2022-05-05,8215170692,preeti.nair25@yahoo.com
M000773,Vivek,Khanna,Male,1966-03-03,59,Warangal,Family,2021-05-25,8126901403,vivek.khanna83@yahoo.com
M000774,Sameer,Mehta,Male,1964-03-23,61,Delhi,Corporate,2020-10-20,8390331891,sameer.mehta81@outlook.com
M000775,Amit,Mishra,Male,1965-01-23,60,Thiruvananthapuram,Corporate,2025-02-05,8513603673,amit.mishra74@outlook.com
M000776,Sanjay,Iyer,Male,1999-07-15,26,Bengaluru,Family,2024-11-09,8554514817,sanjay.iyer71@yahoo.com
M000777,Arvind,Desai,Male,1999-08-12,26,Ahmedabad,Family,2022-09-08,8566010668,arvind.desai12@yahoo.com
M000778,Dev,Mishra,Male,2005-04-10,20,Chennai,Corporate,2025-08-27,8605241578,dev.mishra3@yahoo.com
M000779,Saurabh,Sharma,Male,1960-06-02,65,Gurugram,Individual,2021-12-08,8477210539,saurabh.sharma37@gmail.com
M000780,Rajat,Sharma,Male,1979-10-14,46,Vijayawada,Individual,2023-02-24,8050401182,rajat.sharma19@gmail.com
M000781,Nisha,Joshi,Female,1991-04-14,34,Mumbai,Individual,2022-06-19,8079054496,nisha.joshi59@yahoo.com
M000782,Nidhi,Sharma,Female,1981-06-29,44,Thiruvananthapuram,Individual,2022-07-07,8669974784,nidhi.sharma58@gmail.com
M000783,Mansi,Mehta,Female,1999-07-07,26,Ahmedabad,Individual,2025-05-01,8787796802,mansi.mehta83@gmail.com
M000784,Pooja,Desai,Female,1967-11-13,58,Pune,Family,2020-03-14,8868100429,pooja.desai65@gmail.com
M000785,Juhi,Nair,Female,1984-02-08,41,Coimbatore,Family,2021-09-14,8872233514,juhi.nair45@gmail.com
M000786,Kirti,Patel,Female,1966-04-26,59,Hyderabad,Family,2022-04-08,8798559931,kirti.patel2@yahoo.com
M000787,Arvind,Khanna,Male,1999-10-27,26,Bengaluru,Individual,2025-03-06,8257096272,arvind.khanna95@yahoo.com
M000788,Anjali,Ahluwalia,Female,1987-04-10,38,Mumbai,Family,2023-10-18,8577743863,anjali.ahluwalia67@outlook.com
M000789,Pooja,Joshi,Female,1989-07-22,36,Coimbatore,Corporate,2024-07-03,8956436498,pooja.joshi80@gmail.com
M000790,Ritu,Khanna,Female,1974-07-04,51,Kochi,Corporate,2023-06-20,8894176226,ritu.khanna64@gmail.com
M000791,Neha,Verma,Male,1968-02-03,57,Bengaluru,Individual,2023-08-28,8251518418,neha.verma52@gmail.com
M000792,Yash,Tiwari,Male,1961-01-27,64,Delhi,Family,2020-12-31,8435316246,yash.tiwari98@gmail.com
M000793,Shweta,Sharma,Female,2001-12-04,24,Chennai,Family,2021-10-10,8611276611,shweta.sharma8@outlook.com
M000794,Rajat,Tiwari,Male,1965-07-28,60,Kozhikode,Corporate,2025-09-17,8548103802,rajat.tiwari11@yahoo.com
M000795,Tushar,Mishra,Male,2005-08-07,20,Coimbatore,Individual,2024-05-13,8061415582,tushar.mishra38@outlook.com
M000796,Priyal,Khanna,Female,1968-07-23,57,Bengaluru,Corporate,2021-09-19,8276911980,priyal.khanna90@gmail.com
M000797,Sanya,Reddy,Female,1968-07-07,57,Vijayawada,Family,2021-09-21,8821122638,sanya.reddy98@yahoo.com
M000798,Charu,Patel,Female,1973-09-08,52,Visakhapatnam,Family,2021-11-07,8837507099,charu.patel2@yahoo.com
M000799,Shweta,Kapoor,Female,1997-04-21,28,Hyderabad,Corporate,2025-09-19,8393703073,shweta.kapoor7@gmail.com
M000800,Tanvi,Rao,Female,1959-10-26,66,Ahmedabad,Individual,2025-04-12,8088975452,tanvi.rao84@yahoo.com
M000801,Gaurav,Pandey,Male,1973-01-04,52,Pune,Family,2020-12-11,8363012842,gaurav.pandey43@yahoo.com
M000802,Saurabh,Mehta,Male,1971-06-19,54,Warangal,Individual,2021-04-28,8625662394,
M000803,Yash,Kulkarni,Male,2004-01-04,21,Chennai,Family,2024-01-15,8077726161,yash.kulkarni6@outlook.com
M000804,Nidhi,Joshi,M,1960-07-13,65,Ahmedabad,Corporate,2020-02-01,8753075210,
M000805,Rakesh,Mishra,M,1990-12-08,35,Kochi,Individual,2023-05-04,8654061465,rakesh.mishra31@gmail.com
M000806,Vihaan,Sharma,Male,1998-06-27,27,Warangal,Individual,2020-02-08,8935954662,vihaan.sharma7@gmail.com
M000807,Sanya,Kulkarni,Female,1955-10-09,70,Chennai,Family,2020-09-05,8462567033,sanya.kulkarni9@outlook.com
M000808,Ojasvi,Chawla,Female,1991-04-15,34,Mysuru,Individual,2024-03-29,8324365433,ojasvi.chawla48@outlook.com
M000809,Riya,Menon,Female,1999-05-17,26,Visakhapatnam,Family,2020-06-14,8389724033,riya.menon80@outlook.com
M000810,Sanjay,Saxena,Male,1987-05-23,38,Mangaluru,Corporate,2025-12-28,8608294212,sanjay.saxena9@yahoo.com
M000811,Rohit,Bhatia,Male,1986-10-29,39,Madurai,Family,2022-10-22,8581724065,rohit.bhatia18@gmail.com
M000812,Juhi,Sharma,Female,1984-06-09,41,Gurugram,Individual,2021-07-19,8586087302,juhi.sharma57@outlook.com
M000813,Bhavna,Joshi,Female,1966-01-16,59,Pune,Family,2024-07-18,8485732968,bhavna.joshi81@yahoo.com
M000814,Dev,Bhatia,Male,1992-06-04,33,Thiruvananthapuram,Family,2022-11-09,8596634438,dev.bhatia6@gmail.com
M000815,Nidhi,Iyer,Female,1996-11-23,29,Madurai,Individual,2020-02-04,8620713085,nidhi.iyer76@yahoo.com
M000816,Rohit,Verma,Male,1973-04-21,52,Vijayawada,Corporate,2021-07-12,8313740681,rohit.verma7@outlook.com
M000817,Aditya,Desai,Male,1993-05-13,32,Thiruvananthapuram,Corporate,2021-01-03,8111957700,aditya.desai52@outlook.com
M000818,Kabir,Kapoor,Male,1985-07-24,40,Warangal,Corporate,2020-08-21,8467475141,kabirkapoor@@gmail.com
M000819,Amit,Malhotra,F,1960-09-06,65,Warangal,Individual,2024-02-21,8202692753,amit.malhotra58@outlook.com
M000820,Vikram,Agarwal,Male,1993-09-01,32,Coimbatore,Family,2024-05-18,8570392204,vikram.agarwal30@yahoo.com
M000821,Manish,Chawla,Male,1958-05-03,67,Vijayawada,Family,2024-10-01,8777341124,manishchawlagmail.com
M000822,Dev,Khanna,Male,1971-01-20,54,Kochi,Corporate,2021-02-11,8683172278,dev.khanna10@outlook.com
M000823,Sameer,Sharma,Male,1964-01-15,61,Madurai,Corporate,2023-07-19,8702743033,sameer.sharma22@yahoo.com
M000824,Nisha,Ahluwalia,Female,1996-01-03,29,Mumbai,Family,2023-07-07,8699164123,nisha.ahluwalia63@yahoo.com
M000825,Ishaan,Patel,Male,1955-04-29,70,Coimbatore,Corporate,2025-03-30,8971628668,ishaan.patel72@gmail.com
M000826,Gaurav,Saxena,Male,1988-06-27,37,Mysuru,Family,2024-12-24,8258435608,
M000827,Neha,Choudhary,Male,1997-12-12,28,Madurai,Corporate,2024-03-21,8663151906,neha.choudhary34@outlook.com
M000828,Preeti,Kapoor,Female,1998-03-23,27,Coimbatore,Family,2023-04-28,8957934044,preeti.kapoor77@yahoo.com
M000829,Ishaan,Kapoor,M,1974-05-21,51,Kochi,Individual,2024-09-29,8297743638,ishaan.kapoor1@yahoo.com
M000830,Shweta,Kulkarni,Female,1957-06-23,68,Thiruvananthapuram,Individual,2020-11-11,8399686577,shweta.kulkarni19@yahoo.com
M000831,Kabir,Iyer,F,1975-12-15,50,Vijayawada,Individual,2021-09-18,8225462987,kabir.iyer53@outlook.com
M000832,Juhi,Malhotra,Female,1970-05-07,55,Mumbai,Individual,2025-03-03,8496916832,juhi.malhotra50@gmail.com
M000833,Aryan,Menon,Male,1980-10-21,45,Madurai,Individual,2022-05-02,8734932977,aryan.menon7@gmail.com
M000834,Nikhil,Kapoor,Male,1980-03-09,45,Pune,Individual,2021-04-30,8397995141,nikhil.kapoor26@gmail.com
M000835,Saurabh,Bhatia,Male,1956-09-04,69,Ahmedabad,Individual,2024-02-15,8868121941,saurabh.bhatia31@gmail.com
M000836,Kabir,Mehta,Male,1957-07-03,68,Delhi,Family,2025-01-21,8441729228,kabirmehtagmail.com
M000837,Vikram,Verma,Male,1957-10-31,68,Kozhikode,Individual,2025-01-05,8457208995,vikram.verma99@gmail.com
M000838,Vikram,Menon,Male,1994-02-17,31,Kozhikode,Individual,2023-06-09,8964020278,vikram.menon94@gmail.com
M000839,Ojasvi,Agarwal,Female,1983-08-06,42,Bengaluru,Individual,2020-12-22,8936709381,ojasvi.agarwal81@outlook.com
M000840,Rohan,Choudhary,Male,1992-02-29,33,Kochi,Individual,2024-07-20,8313595200,rohan.choudhary95@outlook.com
M000841,Swati,Kapoor,Female,1960-02-05,65,Chennai,Individual,2024-11-28,8522094899,swati.kapoor56@yahoo.com
M000842,Yash,Chawla,Male,1959-12-15,66,Hyderabad,Family,2021-08-23,8113148222,yash.chawla79@gmail.com
M000843,Gaurav,Chawla,F,1955-03-14,70,Mysuru,Corporate,2020-01-09,8961646352,gaurav.chawla62@outlook.com
M000844,Mansi,Joshi,Female,1961-06-09,64,Bengaluru,Individual,2020-10-14,8982489151,mansi.joshi20@outlook.com
M000845,Riya,Chawla,Female,1962-02-28,63,Bengaluru,Individual,2021-08-12,8036827676,riya.chawla47@gmail.com
M000846,Puneet,Sharma,Male,1970-01-29,55,Hyderabad,Family,2024-09-09,8554547073,puneetsharmagmail.com
M000847,Aditya,Mishra,Male,1999-12-15,26,Gurugram,Family,2021-08-31,8637869032,
M000848,Tanvi,Bhatia,Female,1987-01-28,38,Madurai,Individual,2020-05-28,8780860157,tanvi.bhatia83@outlook.com
M000849,Kabir,Desai,Male,1958-05-20,67,Vijayawada,Family,2020-11-14,8591050715,kabir.desai73@outlook.com
M000850,Ankit,Kapoor,Male,1984-06-22,41,Ahmedabad,Corporate,2020-04-03,8542392271,ankit.kapoor33@yahoo.com
M000851,Vihaan,Chawla,Male,1958-10-12,67,Bengaluru,Family,2021-01-14,8824407388,vihaan.chawla19@gmail.com
M000852,Ishaan,Reddy,Male,1987-06-10,38,Mumbai,Individual,2021-04-28,8558862489,ishaan.reddy98@yahoo.com
M000853,Sneha,Mishra,Female,1970-02-12,55,Coimbatore,Individual,2023-11-07,8829884578,sneha.mishra16@gmail.com
M000854,Juhi,Pandey,Female,1959-01-02,66,Madurai,Individual,2025-06-02,8948684409,juhipandeygmail.com
M000855,Rohit,Desai,F,1961-06-18,64,Warangal,Individual,2022-02-17,8248824917,rohit.desai24@outlook.com
M000856,Yash,Patel,Male,1976-09-26,49,Mangaluru,Individual,2022-03-06,8122605474,yash.patel18@yahoo.com
M000857,Bhavna,Bhatia,Female,1989-08-21,36,Delhi,Family,2025-04-11,8903578892,bhavna.bhatia36@outlook.com
M000858,Vivek,Joshi,Male,1975-02-02,50,Delhi,Corporate,2023-04-03,8794085678,vivek.joshi30@gmail.com
M000859,Riya,Desai,Female,1963-08-15,62,Visakhapatnam,Family,2020-05-17,8191196215,riya.desai30@yahoo.com
M000860,Rohan,Mishra,Male,1980-04-30,45,Visakhapatnam,Family,2020-07-25,8682070341,rohan.mishra22@outlook.com
M000861,Rakesh,Verma,Male,1962-11-14,63,Coimbatore,Individual,2025-05-02,8887168378,rakesh.verma35@outlook.com
M000862,Swati,Pandey,Female,1958-05-11,67,Hyderabad,Individual,2023-01-11,8444181431,swati.pandey50@yahoo.com
M000863,Rohit,Pandey,Male,1977-10-07,48,Warangal,Individual,2020-07-30,8692234543,rohit.pandey92@gmail.com
M000864,Kirti,Sharma,Female,1996-06-13,29,Madurai,Corporate,2024-05-19,8891157643,kirti.sharma50@yahoo.com
M000865,Preeti,Kapoor,Female,1960-06-08,65,Kozhikode,Corporate,2025-04-29,8172985439,preeti.kapoor15@outlook.com
M000866,Sameer,Kulkarni,Male,1985-01-17,40,Mumbai,Individual,2025-04-08,8486595908,sameer.kulkarni92@outlook.com
M000867,Rajat,Malhotra,Male,1986-11-05,39,Visakhapatnam,Individual,2022-12-09,8817929974,rajat.malhotra29@gmail.com
M000868,Ritu,Khanna,Female,1962-12-04,63,Mangaluru,Family,2024-05-08,8459788439,ritu.khanna42@outlook.com
M000869,Esha,Bansal,Female,1989-04-26,36,Gurugram,Family,2022-07-01,8572288230,esha.bansal78@yahoo.com
M000870,Tanvi,Ahluwalia,Female,1979-09-29,46,Bengaluru,Individual,2020-10-03,8485508161,
M000871,Sanya,Menon,Female,2002-11-05,23,Coimbatore,Individual,2021-12-23,8819146607,sanya.menon8@gmail.com
M000872,Riya,Chawla,Female,1992-04-09,33,Bengaluru,Individual,2020-03-26,8486802225,riya.chawla52@yahoo.com
M000873,Rahul,Choudhary,Male,1974-05-31,51,Thiruvananthapuram,Individual,2024-05-30,8377591100,rahul.choudhary17@gmail.com
M000874,Riya,Pandey,Female,1975-08-14,50,Chennai,Family,2023-07-09,8935778180,
M000875,Sanya,Khanna,Female,1964-07-21,61,Vijayawada,Family,2023-08-21,8146926031,sanya.khanna97@yahoo.com
M000876,Pooja,Saxena,Female,2002-05-25,23,Vijayawada,Individual,2025-06-24,8368146502,pooja.saxena5@outlook.com
M000877,Sanya,Gupta,M,2002-11-06,23,Ahmedabad,Individual,2025-10-20,8937913327,sanya.gupta89@yahoo.com
M000878,Ojasvi,Verma,Female,1957-07-07,68,Mysuru,Corporate,2023-12-07,8176770479,ojasvi.verma37@outlook.com
M000879,Rohan,Chawla,Male,1997-12-24,28,Kochi,Family,2022-10-29,8896992225,rohan.chawla35@gmail.com
M000880,Pooja,Chawla,Female,1999-05-31,26,Mysuru,Individual,2021-10-25,8357956159,pooja.chawla64@outlook.com
M000881,Shweta,Tiwari,Female,1996-06-05,29,Hyderabad,Individual,2024-09-17,8500982114,shweta.tiwari87@outlook.com
M000882,Riya,Chawla,Female,1993-12-02,32,Bengaluru,Corporate,2022-03-11,8619583231,riya.chawla23@outlook.com
M000883,Meghna,Bhatia,Female,1962-08-08,63,Thiruvananthapuram,Family,2024-08-20,8726770776,meghna.bhatia50@yahoo.com
M000884,Sneha,Kapoor,Female,1963-02-13,62,Ahmedabad,Individual,2021-01-21,8437627056,sneha.kapoor42@outlook.com
M000885,Nisha,Patel,Female,2000-03-15,25,Coimbatore,Corporate,2021-11-16,8768341932,nisha.patel38@outlook.com
M000886,Manish,Shah,Male,1985-02-26,40,Mumbai,Family,2025-04-03,8893267402,manish.shah62@yahoo.com
M000887,Manish,Reddy,Male,1960-02-13,65,Chennai,Individual,2025-06-18,8300032108,manish.reddy43@yahoo.com
M000888,Ritu,Iyer,Female,1970-04-10,55,Madurai,Corporate,2023-05-21,8073921631,ritu.iyer95@outlook.com
M000889,Shweta,Chawla,Female,2004-12-12,21,Thiruvananthapuram,Individual,2025-01-14,8995494687,shweta.chawla49@yahoo.com
M000890,Swati,Mehta,Female,1980-04-23,45,Warangal,Individual,2020-03-22,8357780417,swati.mehta96@outlook.com
M000891,Juhi,Shah,F,1964-05-11,61,Kochi,Individual,2020-01-17,8794165853,juhi.shah33@gmail.com
M000892,Pooja,Patel,Female,1975-12-22,50,Mumbai,Individual,2024-05-19,8406300642,pooja.patel58@gmail.com
M000893,Nisha,Mishra,Female,1991-07-15,34,Mangaluru,Corporate,2022-03-14,8330111376,nisha.mishra88@yahoo.com
M000894,Preeti,Bhatia,Female,1967-07-14,58,Mumbai,Individual,2025-01-26,8286191571,preeti.bhatia69@yahoo.com
M000895,Isha,Mishra,Female,1968-06-09,57,Madurai,Individual,2020-05-06,8218408024,isha.mishra26@yahoo.com
M000896,Vivek,Chawla,Male,2002-04-16,23,Pune,Family,2023-01-18,8935756055,
M000897,Isha,Choudhary,Female,1986-10-09,39,Delhi,Individual,2022-02-25,8829693318,isha.choudhary63@outlook.com
M000898,Garima,Bhatia,Female,2000-04-03,25,Visakhapatnam,Family,2021-07-18,8613657138,garima.bhatia51@outlook.com
M000899,Meghna,Mishra,Female,1970-05-24,55,Vijayawada,Family,2020-01-25,8972640256,meghna.mishra1@yahoo.com
M000900,Tanvi,Bhatia,Female,1976-12-12,49,Mumbai,Family,2021-01-07,8814104403,tanvi.bhatia14@gmail.com
M000901,Vivek,Saxena,Male,1980-05-04,45,Kozhikode,Corporate,2020-11-18,8931932286,vivek.saxena25@gmail.com
M000902,Manish,Rao,Male,1955-04-17,70,Bengaluru,Family,2022-01-07,8576873751,manish.rao26@outlook.com
M000903,Rohit,Reddy,Male,1993-06-21,32,Kozhikode,Corporate,2024-09-24,8666856167,rohit.reddy17@gmail.com
M000904,Dev,Chawla,Male,1974-02-18,51,Gurugram,Corporate,2025-03-24,8639103444,dev.chawla23@gmail.com
M000905,Mansi,Kapoor,Female,2004-04-05,21,Hyderabad,Corporate,2022-11-20,8086243317,mansi.kapoor25@gmail.com
M000906,Priyal,Menon,Female,1969-08-21,56,Madurai,Family,2024-04-23,8065528220,priyal.menon88@gmail.com
M000907,Neha,Ahluwalia,Female,1969-09-04,56,Delhi,Individual,2025-03-03,8051381181,neha.ahluwalia83@outlook.com
M000908,Rohan,Chawla,Male,1965-08-26,60,Madurai,Family,2024-03-26,8456128559,rohan.chawla44@gmail.com
M000909,Sanjay,Menon,Male,1990-06-27,35,Warangal,Individual,2025-06-11,8666979390,sanjay.menon44@gmail.com
M000910,Karan,Shah,Male,1981-01-17,44,Delhi,Individual,2020-11-23,8829653911,karan.shah66@yahoo.com
M000911,Nikhil,Agarwal,M,1994-08-08,31,Mysuru,Individual,2020-10-16,8992021440,nikhil.agarwal65@gmail.com
M000912,Pooja,Mishra,Female,1985-12-17,40,Mumbai,Family,2020-02-15,8696794619,pooja.mishra77@gmail.com
M000913,Kirti,Desai,Male,1981-11-17,44,Hyderabad,Corporate,2023-01-28,8978421864,kirti.desai78@outlook.com
M000914,Preeti,Agarwal,Female,1959-12-12,66,Kochi,Family,2023-03-16,8297014147,
M000915,Falguni,Desai,Female,1999-06-18,26,Pune,Corporate,2023-12-07,8249315918,falguni.desai27@gmail.com
M000916,Dev,Khanna,Male,1991-01-17,34,Ahmedabad,Individual,2022-05-27,8715929770,dev.khanna56@yahoo.com
M000917,Puneet,Patel,Male,2002-12-03,23,Kozhikode,Corporate,2023-02-13,8069196431,puneet.patel99@yahoo.com
M000918,Arvind,Kulkarni,Female,1973-11-13,52,Hyderabad,Individual,2022-07-03,8418481296,arvind.kulkarni35@gmail.com
M000919,Ankit,Tiwari,Male,1989-09-22,36,Pune,Individual,2022-06-11,8105194432,ankit.tiwari27@gmail.com
M000920,Mansi,Bhatia,Female,1996-07-27,29,Coimbatore,Family,2021-07-15,8856386348,mansi.bhatia82@outlook.com
M000921,Rohit,Khanna,Male,1969-07-15,56,Chennai,Family,2023-03-29,8365245380,rohit.khanna35@yahoo.com
M000922,Diya,Shah,Female,1985-06-17,40,Mysuru,Corporate,2023-04-08,8771002829,diya.shah25@outlook.com
M000923,Shweta,Kapoor,Female,1972-10-06,53,Vijayawada,Individual,2024-10-15,8244737172,shweta.kapoor9@outlook.com
M000924,Priyal,Agarwal,Female,1976-08-20,49,Gurugram,Individual,2020-07-07,8010948362,priyal.agarwal97@gmail.com
M000925,Meghna,Sharma,Female,1995-10-27,30,Delhi,Family,2021-02-04,8187528798,meghna.sharma5@yahoo.com
M000926,Swati,Sharma,Female,1993-11-21,32,Mumbai,Individual,2023-03-14,8905166707,swati.sharma58@outlook.com
M000927,Tanvi,Desai,Female,1961-12-01,64,Madurai,Individual,2020-09-03,8062239943,tanvi.desai27@gmail.com
M000928,Charu,Chawla,Female,1966-07-12,59,Delhi,Individual,2024-01-05,8009707709,charu.chawla66@yahoo.com
M000929,Isha,Reddy,Female,1981-09-20,44,Chennai,Family,2025-09-19,8919171115,isha.reddy68@yahoo.com
M000930,Karan,Agarwal,Male,2005-02-03,20,Mysuru,Individual,2023-12-14,8159775220,karan.agarwal61@outlook.com
M000931,Pooja,Mehta,Male,1997-06-17,28,Mysuru,Family,2021-05-06,8061944606,pooja.mehta26@outlook.com
M000932,Sneha,Kapoor,Female,1987-11-10,38,Kozhikode,Family,2021-01-15,8604088586,sneha.kapoor53@yahoo.com
M000933,Tushar,Desai,Male,1971-04-10,54,Kochi,Individual,2021-08-30,8980297254,tushar.desai22@yahoo.com
M000934,Arvind,Agarwal,Male,2003-12-18,22,Mumbai,Corporate,2022-08-31,8955886867,arvind.agarwal52@yahoo.com
M000935,Aditya,Menon,Male,1985-03-26,40,Kochi,Individual,2024-09-25,8933221100,aditya.menon67@gmail.com
M000936,Swati,Rao,F,1976-09-27,49,Bengaluru,Family,2023-04-04,8561461793,swati.rao84@gmail.com
M000937,Rohan,Rao,Male,1956-03-03,69,Ahmedabad,Family,2020-04-08,8625894034,rohan.rao46@gmail.com
M000938,Aditi,Saxena,Female,2004-12-03,21,Pune,Individual,2025-04-03,8782821857,aditi.saxena46@gmail.com
M000939,Shaurya,Kapoor,Male,1999-02-04,26,Vijayawada,Individual,2022-12-09,8881648448,shaurya.kapoor18@yahoo.com
M000940,Riya,Chawla,Female,1976-02-15,49,Kochi,Family,2020-12-06,8659706460,riya.chawla45@gmail.com
M000941,Shaurya,Bhatia,Male,1972-02-27,53,Visakhapatnam,Individual,2025-08-21,8758298497,shaurya.bhatia57@outlook.com
M000942,Karan,Choudhary,Male,1993-08-17,32,Vijayawada,Family,2020-07-06,8954927692,karan.choudhary95@outlook.com
M000943,Vihaan,Menon,Male,1961-04-15,64,Thiruvananthapuram,Individual,2021-07-04,8766548262,vihaanmenongmail.com
M000944,Gaurav,Tiwari,Male,1989-08-27,36,Visakhapatnam,Corporate,2021-09-06,8593965583,gaurav.tiwari73@yahoo.com
M000945,Garima,Patel,Female,1979-01-27,46,Vijayawada,Individual,2023-08-24,8984910485,garima.patel39@gmail.com
M000946,Falguni,Tiwari,Female,1956-05-09,69,Gurugram,Corporate,2022-10-24,8108692260,falgunitiwari@@gmail.com
M000947,Shweta,Malhotra,Female,1988-05-18,37,Mangaluru,Corporate,2025-01-05,8564727209,shweta.malhotra21@outlook.com
M000948,Gaurav,Tiwari,Male,1983-03-06,42,Chennai,Corporate,2022-11-29,8360226209,gaurav.tiwari36@yahoo.com
M000949,Aditya,Saxena,Male,1986-01-10,39,Hyderabad,Individual,2021-07-16,8299319474,aditya.saxena64@yahoo.com
M000950,Nikhil,Iyer,Male,1957-01-09,68,Bengaluru,Family,2021-09-22,8652943832,nikhil.iyer36@yahoo.com
M000951,Priyal,Kapoor,Female,1962-12-09,63,Warangal,Family,2022-01-30,8488942277,priyal.kapoor77@gmail.com
M000952,Falguni,Ahluwalia,Female,1990-12-04,35,Ahmedabad,Corporate,2024-11-21,8180552835,falguni.ahluwalia79@gmail.com
M000953,Rajat,Iyer,Male,1964-10-04,61,Bengaluru,Individual,2020-12-17,8854227566,rajat.iyer69@outlook.com
M000954,Manish,Pandey,Male,1973-06-28,52,Thiruvananthapuram,Family,2024-05-03,8080365424,manish.pandey39@outlook.com
M000955,Meghna,Chopra,Female,1963-05-06,62,Mumbai,Individual,2025-09-08,8021515209,meghna.chopra15@outlook.com
M000956,Rohit,Desai,Male,1970-12-29,55,Bengaluru,Individual,2024-03-19,8952765558,rohitdesai@@gmail.com
M000957,Sanjay,Verma,Male,1989-02-26,36,Mumbai,Individual,2020-04-06,8165261871,sanjayvermagmail.com
M000958,Tushar,Mishra,Male,1963-12-02,62,Mangaluru,Corporate,2023-01-22,8065140248,tushar.mishra96@yahoo.com
M000959,Nikhil,Bhatia,Male,2002-02-05,23,Warangal,Family,2023-10-15,8805614040,nikhil.bhatia26@outlook.com
M000960,Priyal,Saxena,Female,1991-10-16,34,Gurugram,Individual,2025-08-07,8883440162,priyal.saxena19@outlook.com
M000961,Nidhi,Mishra,Female,1987-02-19,38,Delhi,Family,2022-11-12,8349426729,nidhi.mishra47@outlook.com
M000962,Nisha,Mishra,Female,1986-04-12,39,Madurai,Individual,2024-11-07,8205735561,nisha.mishra35@gmail.com
M000963,Priyal,Mehta,Female,1972-09-15,53,Thiruvananthapuram,Individual,2022-08-18,8034512663,priyal.mehta72@gmail.com
M000964,Aryan,Agarwal,Male,1972-11-18,53,Thiruvananthapuram,Individual,2023-04-10,8044453227,aryan.agarwal98@gmail.com
M000965,Dev,Tiwari,Male,1962-02-02,63,Mangaluru,Corporate,2024-12-03,8642184550,dev.tiwari98@outlook.com
M000966,Sanjay,Mehta,Male,1966-10-14,59,Mangaluru,Corporate,2021-10-17,8638147367,sanjay.mehta90@yahoo.com
M000967,Preeti,Gupta,Female,1993-08-09,32,Coimbatore,Family,2022-11-10,8440652253,preeti.gupta57@gmail.com
M000968,Vikram,Agarwal,Male,1988-05-14,37,Thiruvananthapuram,Family,2025-03-29,8379871530,vikram.agarwal57@yahoo.com
M000969,Sneha,Chawla,Female,1967-06-27,58,Bengaluru,Individual,2021-06-12,8383832408,sneha.chawla86@gmail.com
M000970,Tushar,Agarwal,Male,1969-08-18,56,Coimbatore,Individual,2024-06-08,8046649388,tushar.agarwal30@gmail.com
M000971,Pooja,Choudhary,Female,1978-07-11,47,Kozhikode,Family,2025-02-09,8265831598,pooja.choudhary65@gmail.com
M000972,Ritu,Menon,Female,1999-09-22,26,Madurai,Individual,2021-10-09,8229125328,ritu.menon93@gmail.com
M000973,Saurabh,Gupta,Male,1993-01-01,32,Mumbai,Corporate,2022-01-19,8579402740,saurabh.gupta64@yahoo.com
M000974,Anjali,Nair,Female,1986-11-15,39,Hyderabad,Family,2025-11-29,8303874150,anjali.nair14@outlook.com
M000975,Charu,Nair,Female,1998-08-17,27,Mysuru,Family,2025-04-25,8803283947,charu.nair65@yahoo.com
M000976,Nidhi,Iyer,Female,1999-09-29,26,Mangaluru,Individual,2020-11-17,8328988372,nidhi.iyer31@yahoo.com
M000977,Kirti,Kapoor,Female,1984-03-19,41,Mangaluru,Individual,2025-03-08,8148885818,kirti.kapoor55@yahoo.com
M000978,Gaurav,Saxena,F,1990-02-15,35,Visakhapatnam,Individual,2020-12-01,8521144429,gauravsaxena@@gmail.com
M000979,Aryan,Iyer,Male,2004-04-06,21,Visakhapatnam,Individual,2021-09-29,8260207151,aryaniyergmail.com
M000980,Swati,Mishra,Female,2003-05-14,22,Bengaluru,Individual,2025-12-15,8289432413,swatimishra@@gmail.com
M000981,Yash,Gupta,Male,1963-07-03,62,Vijayawada,Family,2020-09-15,8517221881,yash.gupta74@outlook.com
M000982,Ishaan,Joshi,Male,1997-07-11,28,Visakhapatnam,Corporate,2023-06-22,8349646035,ishaan.joshi98@outlook.com
M000983,Shweta,Menon,F,2002-03-30,23,Gurugram,Family,2023-08-28,8859845920,shweta.menon43@gmail.com
M000984,Vihaan,Chopra,Male,1996-05-21,29,Madurai,Individual,2024-12-10,8387988759,vihaan.chopra18@yahoo.com
M000985,Swati,Pandey,Female,2004-08-12,21,Warangal,Individual,2025-11-10,8039448322,swati.pandey33@outlook.com
M000986,Esha,Khanna,Female,1997-02-05,28,Warangal,Individual,2025-05-09,8524509918,esha.khanna77@outlook.com
M000987,Siddharth,Ahluwalia,Male,1987-05-23,38,Delhi,Family,2021-11-17,8783457600,siddharth.ahluwalia56@yahoo.com
M000988,Nisha,Choudhary,Female,2003-08-06,22,Mumbai,Individual,2025-03-03,8955471385,nisha.choudhary84@yahoo.com
M000989,Saurabh,Verma,Female,1977-01-22,48,Warangal,Corporate,2020-10-05,8189670097,saurabh.verma89@outlook.com
M000990,Aryan,Chopra,Male,1965-10-04,60,Delhi,Corporate,2023-12-14,8238743016,aryan.chopra65@gmail.com
M000991,Aryan,Verma,Male,1996-10-25,29,Kochi,Family,2025-11-20,8203775009,aryan.verma40@gmail.com
M000992,Mansi,Choudhary,Female,1996-04-24,29,Vijayawada,Corporate,2023-04-10,8480834550,mansi.choudhary73@outlook.com
M000993,Diya,Ahluwalia,Female,1981-02-16,44,Warangal,Corporate,2022-07-21,8585091410,diya.ahluwalia90@yahoo.com
M000994,Mansi,Shah,Female,1987-06-25,38,Mysuru,Corporate,2022-01-19,8412690849,mansi.shah19@outlook.com
M000995,Anjali,Sharma,Female,1975-01-24,50,Kochi,Corporate,2021-12-05,8212103501,anjali.sharma19@gmail.com
M000996,Rohan,Patel,Male,2000-12-21,25,Hyderabad,Family,2023-12-14,8831206633,rohan.patel24@outlook.com
M000997,Tanvi,Mishra,Female,1966-07-02,59,Ahmedabad,Family,2024-08-18,8817838849,tanvi.mishra39@gmail.com
M000998,Sneha,Joshi,Female,1973-01-08,52,Visakhapatnam,Individual,2020-09-02,8428163666,sneha.joshi26@outlook.com
M000999,Shweta,Mehta,Female,1978-02-28,47,Bengaluru,Individual,2023-11-12,8622063423,shweta.mehta74@outlook.com
M001000,Vivek,Gupta,Male,1979-11-23,46,Bengaluru,Family,2022-03-24,8972333684,vivek.gupta10@outlook.com
M001001,Anjali,Desai,Female,1964-05-15,61,Pune,Individual,2024-08-04,8457451137,anjali.desai19@yahoo.com
M001002,Vivek,Bhatia,Male,1979-02-26,46,Vijayawada,Family,2025-03-16,8043585890,vivek.bhatia41@gmail.com
M001003,Arvind,Verma,M,2003-12-20,22,Bengaluru,Corporate,2021-09-20,8761839581,arvind.verma31@outlook.com
M001004,Esha,Malhotra,Female,1998-07-10,27,Chennai,Family,2023-03-20,8108561854,esha.malhotra16@outlook.com
M001005,Rakesh,Patel,M,1999-11-29,26,Thiruvananthapuram,Family,2025-09-02,8728635505,rakesh.patel73@gmail.com
M001006,Rohan,Menon,Male,1969-09-22,56,Mumbai,Individual,2020-10-03,8106246972,rohan.menon41@outlook.com
M001007,Sneha,Saxena,Female,1965-09-24,60,Ahmedabad,Family,2021-04-03,8865341636,sneha.saxena1@yahoo.com
M001008,Amit,Kapoor,Male,1983-07-24,42,Chennai,Family,2021-02-15,8234926212,amit.kapoor72@outlook.com
M001009,Ankit,Pandey,Male,2005-10-11,20,Bengaluru,Family,2025-12-08,8380232416,ankit.pandey50@gmail.com
M001010,Esha,Pandey,Female,1959-08-30,66,Hyderabad,Individual,2020-08-06,8330006511,esha.pandey6@gmail.com
M001011,Ritu,Shah,Female,1996-10-13,29,Bengaluru,Individual,2021-03-07,8828251612,ritu.shah31@gmail.com
M001012,Rajat,Mehta,Male,1987-04-27,38,Hyderabad,Family,2022-03-03,8983680160,rajat.mehta19@yahoo.com
M001013,Esha,Pandey,Female,1970-05-10,55,Chennai,Individual,2023-02-26,8962681061,
M001014,Nikhil,Khanna,Male,2004-07-24,21,Thiruvananthapuram,Individual,2022-07-20,8264852505,nikhil.khanna61@gmail.com
M001015,Rakesh,Kapoor,Male,1995-11-14,30,Vijayawada,Family,2024-05-21,8439525002,rakesh.kapoor62@gmail.com
M001016,Siddharth,Kulkarni,Male,1982-08-25,43,Mumbai,Family,2025-04-16,8774895576,siddharth.kulkarni84@outlook.com
M001017,Sneha,Bansal,Female,1976-03-18,49,Hyderabad,Corporate,2021-11-22,8543686632,sneha.bansal98@yahoo.com
M001018,Rohan,Tiwari,Male,1978-07-03,47,Gurugram,Family,2024-09-13,8385221672,rohan.tiwari80@gmail.com
M001019,Juhi,Rao,Female,1973-05-20,52,Gurugram,Corporate,2021-07-28,8169691045,juhi.rao25@yahoo.com
M001020,Saurabh,Kapoor,Male,1962-07-16,63,Kozhikode,Family,2023-08-31,8889731803,saurabh.kapoor75@gmail.com
M001021,Aryan,Shah,Male,1964-06-20,61,Delhi,Corporate,2021-11-26,8972403374,aryan.shah3@outlook.com
M001022,Riya,Agarwal,Female,1966-02-24,59,Kochi,Family,2020-07-04,8733328453,riya.agarwal53@outlook.com
M001023,Karan,Agarwal,Male,1976-10-11,49,Kozhikode,Individual,2024-06-29,8453375322,karan.agarwal94@yahoo.com
M001024,Rahul,Nair,Male,1964-05-04,61,Warangal,Individual,2024-01-28,8935110035,rahul.nair61@gmail.com
M001025,Rajat,Verma,Male,1981-10-17,44,Vijayawada,Individual,2022-01-04,8274833454,rajat.verma24@gmail.com
M001026,Vikram,Menon,Male,2001-02-25,24,Gurugram,Individual,2025-09-01,8740912973,
M001027,Swati,Sharma,Female,1958-01-10,67,Hyderabad,Corporate,2021-11-13,8550982241,swati.sharma45@outlook.com
M001028,Arvind,Menon,Male,1967-11-16,58,Pune,Corporate,2025-11-22,8501739622,arvind.menon48@yahoo.com
M001029,Sameer,Kapoor,Male,1990-08-19,35,Mangaluru,Individual,2023-06-29,8380296567,sameer.kapoor5@gmail.com
M001030,Sameer,Ahluwalia,Male,1959-04-15,66,Warangal,Individual,2020-03-25,8318373437,sameer.ahluwalia77@yahoo.com
M001031,Kavita,Saxena,Female,1968-09-07,57,Mangaluru,Family,2022-02-24,8394193164,kavita.saxena31@gmail.com
M001032,Gaurav,Kapoor,Male,1975-10-28,50,Warangal,Individual,2024-09-03,8136618937,
M001033,Shaurya,Bhatia,Male,1972-05-10,53,Hyderabad,Individual,2025-12-14,8202043026,shaurya.bhatia85@yahoo.com
M001034,Aditya,Sharma,Male,1984-04-01,41,Gurugram,Individual,2023-05-15,8937569176,aditya.sharma33@gmail.com
M001035,Shweta,Reddy,Female,1978-06-27,47,Gurugram,Family,2023-02-02,8651971462,shweta.reddy13@outlook.com
M001036,Neha,Kapoor,Female,2000-11-23,25,Kozhikode,Individual,2023-05-24,8412689003,neha.kapoor76@yahoo.com
M001037,Amit,Saxena,Male,1968-03-13,57,Visakhapatnam,Individual,2023-03-31,8881194471,amit.saxena86@outlook.com
M001038,Bhavna,Iyer,Female,1976-10-10,49,Bengaluru,Individual,2024-01-28,8576952880,bhavna.iyer24@gmail.com
M001039,Meghna,Ahluwalia,Female,1957-01-14,68,Kochi,Family,2023-09-18,8369527763,meghna.ahluwalia26@gmail.com
M001040,Aryan,Choudhary,Male,1959-03-15,66,Ahmedabad,Family,2024-10-26,8013071082,aryan.choudhary63@yahoo.com
M001041,Falguni,Choudhary,Female,1974-07-19,51,Mumbai,Individual,2024-01-25,8054389879,falguni.choudhary3@gmail.com
M001042,Tanvi,Kulkarni,Female,1997-10-22,28,Pune,Corporate,2022-06-23,8917683381,tanvi.kulkarni11@outlook.com
M001043,Swati,Menon,Female,1992-02-19,33,Bengaluru,Family,2024-02-24,8170353775,swati.menon1@outlook.com
M001044,Shweta,Mishra,Female,1976-11-19,49,Coimbatore,Individual,2023-04-18,8029938088,shweta.mishra56@outlook.com
M001045,Puneet,Malhotra,Male,1960-12-27,65,Chennai,Individual,2024-02-11,8548927038,puneet.malhotra78@gmail.com
M001046,Neha,Saxena,Female,2001-10-23,24,Kochi,Individual,2024-01-06,8596347940,neha.saxena81@outlook.com
M001047,Garima,Mehta,Female,1963-04-06,62,Vijayawada,Corporate,2023-08-20,8905692113,garima.mehta2@outlook.com
M001048,Karan,Shah,Male,2000-05-11,25,Gurugram,Family,2020-02-22,8198330334,karan.shah91@gmail.com
M001049,Aryan,Khanna,Male,1961-01-08,64,Gurugram,Family,2022-06-21,8240311166,aryan.khanna14@gmail.com
M001050,Ojasvi,Bhatia,Female,1990-12-13,35,Mangaluru,Family,2023-12-13,8045242713,ojasvi.bhatia15@outlook.com
M001051,Esha,Iyer,Female,1956-09-15,69,Madurai,Family,2020-09-26,8187390487,esha.iyer15@yahoo.com
M001052,Rohan,Choudhary,Male,1967-07-04,58,Coimbatore,Family,2024-05-17,8140457651,rohan.choudhary21@gmail.com
M001053,Pooja,Desai,Female,1955-06-19,70,Chennai,Corporate,2022-04-10,8735491567,poojadesaigmail.com
M001054,Sanjay,Kulkarni,Male,1959-08-29,66,Visakhapatnam,Individual,2023-01-05,8663128258,sanjay.kulkarni26@outlook.com
M001055,Riya,Rao,Female,1970-06-19,55,Gurugram,Corporate,2020-03-29,8092938071,riya.rao64@outlook.com
M001056,Isha,Mehta,Female,1989-06-05,36,Madurai,Corporate,2020-11-10,8767695923,isha.mehta78@gmail.com
M001057,Esha,Mehta,Female,1973-05-10,52,Kozhikode,Individual,2025-12-10,8434296830,esha.mehta19@outlook.com
M001058,Amit,Mishra,Male,1988-04-23,37,Gurugram,Corporate,2021-02-10,8650027026,amit.mishra96@yahoo.com
M001059,Aryan,Gupta,Male,1970-08-27,55,Mumbai,Family,2024-08-05,8525469458,aryan.gupta12@outlook.com
M001060,Manish,Khanna,Male,1957-07-12,68,Mysuru,Family,2022-06-08,8392232886,manish.khanna71@outlook.com
M001061,Ojasvi,Agarwal,Female,1985-02-07,40,Mangaluru,Individual,2024-12-02,8613185519,ojasvi.agarwal75@outlook.com
M001062,Bhavna,Tiwari,Female,1967-07-16,58,Pune,Family,2022-11-12,8816618150,bhavna.tiwari38@yahoo.com
M001063,Nisha,Ahluwalia,Female,1969-08-27,56,Mumbai,Corporate,2024-03-20,8522137165,nisha.ahluwalia73@outlook.com
M001064,Kirti,Rao,Female,2004-11-28,21,Madurai,Individual,2023-12-29,8836651642,kirti.rao99@outlook.com
M001065,Puneet,Malhotra,Male,1969-01-21,56,Ahmedabad,Corporate,2021-04-26,8806642184,puneet.malhotra44@outlook.com
M001066,Manish,Kapoor,Male,1969-03-29,56,Ahmedabad,Family,2020-02-08,8622200220,manish.kapoor57@outlook.com
M001067,Shaurya,Sharma,Male,1968-11-28,57,Coimbatore,Individual,2023-08-05,8303729236,shaurya.sharma54@gmail.com
M001068,Tushar,Bansal,Male,1982-11-29,43,Hyderabad,Family,2021-08-06,8446897792,tushar.bansal55@yahoo.com
M001069,Shaurya,Ahluwalia,Male,1957-01-31,68,Warangal,Corporate,2024-09-06,8103980996,shaurya.ahluwalia73@yahoo.com
M001070,Rakesh,Choudhary,Male,2004-04-03,21,Thiruvananthapuram,Family,2025-10-14,8587535957,rakesh.choudhary70@yahoo.com
M001071,Riya,Saxena,Female,1998-12-13,27,Madurai,Individual,2024-09-17,8582421359,riya.saxena83@outlook.com
M001072,Gaurav,Chopra,Male,1996-09-02,29,Kochi,Individual,2021-03-27,8343580943,gaurav.chopra93@outlook.com
M001073,Dev,Ahluwalia,M,1999-12-01,26,Mysuru,Family,2024-05-29,8670862456,dev.ahluwalia2@yahoo.com
M001074,Charu,Mishra,Female,2003-03-06,22,Pune,Individual,2025-09-16,8194438626,charu.mishra11@outlook.com
M001075,Puneet,Khanna,M,1986-03-05,39,Hyderabad,Individual,2023-10-10,8926113069,puneet.khanna60@outlook.com
M001076,Rohan,Bansal,Male,1987-05-04,38,Coimbatore,Individual,2021-05-10,8890995009,rohan.bansal88@outlook.com
M001077,Arvind,Tiwari,Male,1991-04-04,34,Chennai,Family,2024-05-08,8575700597,
M001078,Swati,Pandey,Female,2001-06-15,24,Thiruvananthapuram,Individual,2025-08-30,8233808367,swati.pandey80@yahoo.com
M001079,Aditya,Choudhary,Male,2003-05-07,22,Madurai,Corporate,2023-06-16,8804019003,aditya.choudhary20@gmail.com
M001080,Puneet,Desai,Male,1990-08-05,35,Ahmedabad,Family,2025-05-27,8512400029,puneet.desai95@outlook.com
M001081,Shweta,Malhotra,Female,1991-01-08,34,Warangal,Individual,2025-08-17,8773053424,shweta.malhotra4@gmail.com
M001082,Preeti,Mishra,Female,1981-11-29,44,Thiruvananthapuram,Individual,2024-09-05,8649764874,preeti.mishra25@outlook.com
M001083,Aryan,Menon,Male,1963-07-22,62,Kochi,Corporate,2025-12-05,8049960029,aryan.menon73@outlook.com
M001084,Ankit,Sharma,Male,1995-11-04,30,Vijayawada,Family,2023-04-22,8949342513,
M001085,Vivek,Kapoor,F,1987-08-06,38,Chennai,Family,2025-11-27,8017730242,vivek.kapoor55@gmail.com
M001086,Kirti,Mehta,Female,1972-10-29,53,Chennai,Individual,2020-01-15,8375915085,kirtimehta@@gmail.com
M001087,Ritu,Desai,Female,1964-03-05,61,Thiruvananthapuram,Family,2021-02-18,8361379472,ritudesai@@gmail.com
M001088,Nikhil,Saxena,Male,1997-06-05,28,Bengaluru,Family,2025-08-11,8789189935,nikhil.saxena82@yahoo.com
M001089,Shweta,Chawla,F,1962-05-08,63,Gurugram,Family,2024-02-27,8961751814,
M001090,Isha,Patel,Female,1970-06-28,55,Gurugram,Corporate,2022-09-28,8472236553,isha.patel63@gmail.com
M001091,Arvind,Bansal,F,1998-06-06,27,Mysuru,Family,2022-01-02,8016130999,arvind.bansal24@yahoo.com
M001092,Rohan,Bhatia,Male,1971-09-12,54,Madurai,Corporate,2021-07-11,8146356763,rohan.bhatia5@gmail.com
M001093,Charu,Reddy,Female,1974-05-11,51,Pune,Individual,2022-06-02,8914900759,charu.reddy98@gmail.com
M001094,Vikram,Chawla,Male,1971-05-30,54,Hyderabad,Corporate,2023-10-22,8838097498,vikram.chawla19@yahoo.com
M001095,Siddharth,Bansal,Male,2003-10-16,22,Madurai,Individual,2024-10-12,8278133919,siddharth.bansal38@outlook.com
M001096,Ojasvi,Mehta,Female,1990-05-25,35,Madurai,Corporate,2020-12-03,8034586188,ojasvi.mehta35@outlook.com
M001097,Karan,Joshi,Male,1984-01-28,41,Chennai,Individual,2022-03-09,8486469003,karan.joshi12@yahoo.com
M001098,Nikhil,Mishra,Male,2003-02-18,22,Coimbatore,Corporate,2024-03-14,8306018208,nikhil.mishra88@outlook.com
M001099,Aditi,Chawla,Female,1964-08-17,61,Warangal,Individual,2022-05-01,8856096757,aditi.chawla17@outlook.com
M001100,Priyal,Mishra,Female,1980-07-04,45,Mangaluru,Individual,2024-03-26,8797156969,priyal.mishra51@gmail.com
M001101,Riya,Sharma,Female,1983-10-31,42,Warangal,Individual,2025-03-07,8547262615,riya.sharma68@outlook.com
M001102,Sanjay,Pandey,F,1975-05-26,50,Gurugram,Corporate,2020-04-02,8701284774,sanjay.pandey82@yahoo.com
M001103,Nikhil,Shah,Male,2005-04-15,20,Mysuru,Corporate,2021-12-08,8052415140,nikhil.shah6@gmail.com
M001104,Tushar,Chawla,Male,1964-04-09,61,Madurai,Individual,2023-12-30,8693313812,tushar.chawla72@gmail.com
M001105,Amit,Menon,Male,1995-01-21,30,Pune,Family,2025-12-28,8157292873,amit.menon95@yahoo.com
M001106,Rohan,Mishra,Male,1968-12-15,57,Ahmedabad,Individual,2025-01-13,8022819588,rohan.mishra97@yahoo.com
M001107,Riya,Verma,Female,1960-11-12,65,Mangaluru,Family,2021-09-15,8704157145,riya.verma75@outlook.com
M001108,Aryan,Reddy,Male,1976-03-09,49,Mangaluru,Individual,2020-07-08,8561005943,aryan.reddy51@yahoo.com
M001109,Vihaan,Kapoor,Female,1969-09-25,56,Madurai,Family,2024-02-22,8649562151,vihaan.kapoor29@gmail.com
M001110,Vihaan,Iyer,Male,1980-06-15,45,Vijayawada,Corporate,2020-06-18,8523991734,vihaan.iyer16@outlook.com
M001111,Vihaan,Pandey,Male,1977-11-16,48,Mangaluru,Family,2024-04-13,8219344527,vihaan.pandey95@gmail.com
M001112,Garima,Pandey,Female,1961-09-01,64,Mysuru,Family,2021-03-11,8048242996,garima.pandey91@yahoo.com
M001113,Rohit,Kulkarni,Male,1998-04-20,27,Visakhapatnam,Individual,2021-02-26,8373538209,rohit.kulkarni57@outlook.com
M001114,Pooja,Agarwal,Female,1988-02-13,37,Delhi,Individual,2025-07-05,8448212241,pooja.agarwal67@yahoo.com
M001115,Arvind,Choudhary,Male,1963-01-06,62,Mysuru,Individual,2024-06-18,8169408089,arvind.choudhary76@outlook.com
M001116,Charu,Joshi,Female,2003-01-26,22,Visakhapatnam,Family,2021-09-28,8072375614,charu.joshi43@gmail.com
M001117,Karan,Rao,Male,1955-06-02,70,Mumbai,Family,2020-04-19,8548101504,karan.rao26@gmail.com
M001118,Rajat,Patel,Male,1957-12-30,68,Delhi,Family,2025-01-02,8914285545,rajat.patel8@outlook.com
M001119,Vivek,Chopra,Male,1977-02-18,48,Mangaluru,Family,2024-07-19,8703723054,vivek.chopra67@gmail.com
M001120,Vikram,Agarwal,M,1965-06-08,60,Bengaluru,Individual,2024-12-07,8610019049,vikram.agarwal10@outlook.com
M001121,Esha,Malhotra,Female,1994-12-03,31,Chennai,Family,2022-10-18,8291874969,esha.malhotra11@yahoo.com
M001122,Ankit,Menon,Male,1977-06-30,48,Mysuru,Corporate,2025-02-19,8884031748,ankit.menon69@outlook.com
M001123,Puneet,Kapoor,Male,1962-03-31,63,Mumbai,Individual,2020-01-26,8425032061,puneet.kapoor49@gmail.com
M001124,Ankit,Patel,Male,1957-10-04,68,Chennai,Individual,2025-11-26,8234241048,ankit.patel80@gmail.com
M001125,Bhavna,Mehta,Female,1995-02-04,30,Hyderabad,Family,2024-03-29,8957662101,bhavna.mehta41@outlook.com
M001126,Ritu,Chawla,Female,1971-08-21,54,Visakhapatnam,Individual,2020-03-22,8903873475,ritu.chawla6@yahoo.com
M001127,Vikram,Kulkarni,Male,1972-01-30,53,Warangal,Individual,2022-09-03,8721759419,vikram.kulkarni83@outlook.com
M001128,Neha,Kulkarni,Female,1990-04-28,35,Coimbatore,Family,2025-11-03,8335982086,neha.kulkarni69@gmail.com
M001129,Bhavna,Agarwal,Female,1977-11-05,48,Mysuru,Individual,2024-11-18,8564535272,bhavna.agarwal85@outlook.com
M001130,Diya,Iyer,Female,1980-05-29,45,Thiruvananthapuram,Individual,2025-10-03,8354005224,diya.iyer50@outlook.com
M001131,Ankit,Chawla,Male,1956-04-10,69,Gurugram,Individual,2022-12-25,8702499395,
M001132,Aditi,Bhatia,Female,1998-01-18,27,Warangal,Individual,2023-07-08,8992935281,aditi.bhatia75@yahoo.com
M001133,Nikhil,Iyer,Male,1959-05-03,66,Kochi,Corporate,2024-06-02,8856990186,nikhil.iyer2@outlook.com
M001134,Rajat,Choudhary,Male,1961-05-30,64,Mysuru,Family,2022-05-30,8194999081,rajat.choudhary43@yahoo.com
M001135,Aditi,Sharma,Female,1955-04-30,70,Chennai,Individual,2022-01-25,8182166248,aditi.sharma75@gmail.com
M001136,Charu,Saxena,Female,1978-07-12,47,Visakhapatnam,Corporate,2024-12-01,8355734294,charu.saxena34@yahoo.com
M001137,Ishaan,Desai,Male,1979-02-12,46,Vijayawada,Family,2024-06-05,8303541548,ishaan.desai77@outlook.com
M001138,Nisha,Khanna,Female,1973-06-14,52,Kochi,Corporate,2025-12-26,8583320319,nisha.khanna34@gmail.com
M001139,Kavita,Sharma,Female,1975-06-15,50,Mangaluru,Family,2021-05-07,8693405759,kavita.sharma26@yahoo.com
M001140,Sneha,Menon,Female,1964-03-04,61,Pune,Individual,2024-01-28,8530605895,sneha.menon43@yahoo.com
M001141,Aditya,Verma,Male,1963-09-02,62,Ahmedabad,Individual,2025-02-10,8497506842,aditya.verma12@gmail.com
M001142,Yash,Sharma,Male,1989-04-02,36,Madurai,Individual,2020-11-26,8869922185,yash.sharma29@outlook.com
M001143,Esha,Pandey,Female,1957-11-23,68,Mumbai,Individual,2020-07-31,8514207182,esha.pandey82@yahoo.com
M001144,Arvind,Patel,Male,1978-04-01,47,Thiruvananthapuram,Individual,2025-07-16,8196219359,arvind.patel40@yahoo.com
M001145,Juhi,Verma,Female,1980-01-02,45,Warangal,Family,2020-10-20,8781154399,juhi.verma9@gmail.com
M001146,Falguni,Rao,Female,1986-12-24,39,Pune,Family,2023-05-03,8859966619,
M001147,Aditya,Mishra,Male,1967-10-13,58,Mysuru,Individual,2021-03-05,8116449259,
M001148,Mansi,Bansal,Female,2005-05-21,20,Mangaluru,Individual,2025-05-31,8110807074,mansi.bansal19@gmail.com
M001149,Dev,Nair,Male,1991-10-19,34,Coimbatore,Corporate,2020-07-12,8406197492,dev.nair49@yahoo.com
M001150,Mansi,Bansal,Female,1969-06-12,56,Bengaluru,Family,2023-05-29,8485122647,mansi.bansal8@outlook.com
M001151,Puneet,Mishra,Male,1986-08-06,39,Ahmedabad,Individual,2024-08-11,8132699178,puneet.mishra94@yahoo.com
M001152,Tanvi,Bansal,Female,1977-10-02,48,Vijayawada,Individual,2024-11-16,8076133759,tanvi.bansal96@outlook.com
M001153,Esha,Mishra,Female,1963-07-31,62,Chennai,Family,2023-09-26,8623969133,eshamishra@@gmail.com
M001154,Rahul,Bansal,Male,1996-07-04,29,Hyderabad,Corporate,2024-05-08,8555467822,rahul.bansal86@gmail.com
M001155,Rajat,Bhatia,Male,2000-05-08,25,Delhi,Individual,2023-05-01,8897895741,rajat.bhatia7@gmail.com
M001156,Shaurya,Kulkarni,Male,1970-05-24,55,Mumbai,Corporate,2025-10-25,8750923540,shaurya.kulkarni3@yahoo.com
M001157,Rahul,Patel,Male,2004-09-19,21,Kochi,Family,2020-03-28,8049935084,rahulpatel@@gmail.com
M001158,Manish,Choudhary,Male,1982-02-06,43,Vijayawada,Individual,2021-04-27,8470625176,manish.choudhary18@outlook.com
M001159,Esha,Verma,Female,2004-06-03,21,Hyderabad,Corporate,2020-01-02,8890668976,esha.verma93@yahoo.com
M001160,Tanvi,Joshi,Female,2004-03-24,21,Mangaluru,Individual,2022-09-15,8166815325,tanvijoshigmail.com
M001161,Tanvi,Pandey,Female,1968-08-12,57,Coimbatore,Individual,2023-06-09,8347967580,tanvi.pandey25@yahoo.com
M001162,Aditya,Pandey,Male,1989-12-03,36,Mysuru,Corporate,2020-10-29,8877869084,aditya.pandey86@yahoo.com
M001163,Dev,Choudhary,Male,1994-08-22,31,Mumbai,Corporate,2024-03-13,8572122820,dev.choudhary1@outlook.com
M001164,Kabir,Bhatia,Male,1992-09-09,33,Visakhapatnam,Individual,2025-04-12,8487894487,kabir.bhatia85@gmail.com
M001165,Ishaan,Choudhary,Male,1998-03-23,27,Coimbatore,Corporate,2023-05-24,8280557976,ishaan.choudhary94@outlook.com
M001166,Anjali,Reddy,Female,1974-05-08,51,Hyderabad,Family,2025-03-06,8317915900,anjali.reddy1@gmail.com
M001167,Kabir,Mishra,Male,1994-07-26,31,Coimbatore,Family,2022-03-07,8129741046,kabir.mishra13@outlook.com
M001168,Meghna,Nair,Female,1993-02-28,32,Vijayawada,Individual,2020-04-29,8986269972,meghna.nair26@yahoo.com
M001169,Vihaan,Bhatia,Male,1968-08-10,57,Kochi,Individual,2022-03-11,8159372742,vihaan.bhatia50@outlook.com
M001170,Juhi,Chawla,Female,1969-08-24,56,Kozhikode,Family,2022-09-09,8510292649,juhi.chawla30@outlook.com
M001171,Isha,Malhotra,Female,1980-03-09,45,Hyderabad,Family,2023-02-28,8725552621,isha.malhotra99@gmail.com
M001172,Anjali,Desai,Female,1996-10-05,29,Kozhikode,Corporate,2023-12-10,8839342244,anjali.desai39@yahoo.com
M001173,Anjali,Verma,Female,1974-06-09,51,Mumbai,Individual,2024-12-30,8586696915,anjali.verma48@yahoo.com
M001174,Pooja,Bhatia,Female,1989-10-14,36,Pune,Individual,2021-07-22,8141831906,pooja.bhatia88@gmail.com
M001175,Rajat,Malhotra,Male,1989-01-17,36,Pune,Individual,2024-03-15,8442043422,
M001176,Saurabh,Mishra,Male,1958-03-10,67,Gurugram,Family,2025-08-19,8066717516,saurabhmishragmail.com
M001177,Isha,Mehta,Female,1977-11-07,48,Mysuru,Individual,2022-09-20,8180584214,ishamehta@@gmail.com
M001178,Aryan,Nair,Male,1966-09-28,59,Pune,Family,2023-11-14,8822816000,aryan.nair9@yahoo.com
M001179,Aryan,Bansal,Male,2003-06-22,22,Kochi,Individual,2020-04-08,8675673640,aryan.bansal60@gmail.com
M001180,Nidhi,Desai,Female,1971-06-12,54,Warangal,Corporate,2024-05-27,8785529884,nidhi.desai23@yahoo.com
M001181,Aditi,Bhatia,Male,2004-12-03,21,Thiruvananthapuram,Individual,2025-01-02,8347061730,aditi.bhatia72@yahoo.com
M001182,Sameer,Verma,Male,1964-01-01,61,Pune,Individual,2025-04-15,8156403706,sameer.verma74@gmail.com
M001183,Rohit,Kapoor,Male,1964-08-30,61,Pune,Corporate,2022-02-17,8448136437,rohit.kapoor16@outlook.com
M001184,Falguni,Nair,Female,1957-04-08,68,Mangaluru,Individual,2023-07-08,8662868704,falguni.nair23@yahoo.com
M001185,Mansi,Saxena,Female,1985-07-24,40,Mumbai,Individual,2023-07-16,8711852653,mansi.saxena21@outlook.com
M001186,Isha,Mishra,Female,1962-12-28,63,Warangal,Individual,2021-10-31,8919041197,isha.mishra40@gmail.com
M001187,Rohit,Chawla,Male,1960-10-21,65,Vijayawada,Individual,2025-02-13,8080088271,rohit.chawla99@gmail.com
M001188,Gaurav,Chawla,Male,1985-11-12,40,Mumbai,Corporate,2024-06-03,8445146789,gaurav.chawla45@yahoo.com
M001189,Esha,Agarwal,Female,1967-07-07,58,Delhi,Corporate,2022-07-17,8151892292,esha.agarwal57@yahoo.com
M001190,Vikram,Malhotra,Male,1958-08-31,67,Kozhikode,Individual,2022-04-03,8022541511,vikram.malhotra72@yahoo.com
M001191,Puneet,Agarwal,Male,1957-12-12,68,Gurugram,Individual,2022-07-26,8911854426,puneet.agarwal33@outlook.com
M001192,Ishaan,Kulkarni,Male,1987-01-09,38,Kochi,Individual,2021-08-01,8245637843,ishaan.kulkarni2@gmail.com
M001193,Manish,Bansal,Male,1965-07-22,60,Bengaluru,Individual,2021-05-04,8384587796,manish.bansal77@yahoo.com
M001194,Puneet,Shah,Male,1959-07-16,66,Vijayawada,Individual,2024-10-30,8120645583,puneet.shah69@yahoo.com
M001195,Rahul,Saxena,Male,1996-08-02,29,Bengaluru,Family,2023-02-25,8777759402,rahul.saxena71@gmail.com
M001196,Siddharth,Rao,Male,1992-09-11,33,Vijayawada,Individual,2020-08-12,8450872877,siddharth.rao3@gmail.com
M001197,Arvind,Rao,Male,1982-04-11,43,Thiruvananthapuram,Individual,2020-06-19,8025941019,arvind.rao58@yahoo.com
M001198,Kirti,Chawla,Female,1995-08-15,30,Vijayawada,Individual,2022-10-07,8081179829,kirti.chawla81@gmail.com
M001199,Shaurya,Reddy,Male,1985-03-03,40,Pune,Family,2024-02-21,8057965580,shaurya.reddy54@outlook.com
M001200,Ankit,Reddy,Male,1963-10-31,62,Warangal,Individual,2023-03-20,8403041692,ankit.reddy8@yahoo.com
M001201,Siddharth,Mehta,Male,1978-04-29,47,Hyderabad,Family,2020-09-19,8365930002,
M001202,Sneha,Verma,Female,1986-11-24,39,Madurai,Individual,2023-09-11,8227421718,sneha.verma82@gmail.com
M001203,Amit,Menon,Male,1964-03-21,61,Ahmedabad,Individual,2024-02-14,8029948324,amit.menon42@outlook.com
M001204,Kabir,Agarwal,Male,1971-03-20,54,Thiruvananthapuram,Family,2020-02-20,8088337987,kabir.agarwal13@yahoo.com
M001205,Sanjay,Verma,Male,1997-11-11,28,Pune,Individual,2023-12-01,8645950604,sanjay.verma49@gmail.com
M001206,Anjali,Nair,Female,1959-12-17,66,Ahmedabad,Individual,2025-11-25,8552126560,anjali.nair36@gmail.com
M001207,Esha,Bansal,Female,1998-06-28,27,Thiruvananthapuram,Individual,2023-04-10,8142813706,esha.bansal17@yahoo.com
M001208,Kavita,Agarwal,Female,1998-03-04,27,Delhi,Family,2022-10-27,8231779112,kavita.agarwal24@gmail.com
M001209,Ishaan,Nair,Male,1957-12-18,68,Gurugram,Corporate,2024-03-19,8110333729,ishaan.nair1@outlook.com
M001210,Charu,Desai,Female,1989-06-08,36,Thiruvananthapuram,Individual,2022-03-24,8572797073,charu.desai45@outlook.com
M001211,Manish,Ahluwalia,Male,1978-11-15,47,Mangaluru,Corporate,2020-03-17,8869757157,manish.ahluwalia7@yahoo.com
M001212,Meghna,Khanna,Female,1963-06-02,62,Chennai,Individual,2022-08-28,8130682475,meghna.khanna33@gmail.com
M001213,Aditi,Mehta,Female,2003-05-26,22,Mysuru,Individual,2020-11-16,8657959272,aditi.mehta77@gmail.com
M001214,Pooja,Reddy,Female,1992-04-21,33,Warangal,Family,2022-11-02,8233557137,pooja.reddy79@outlook.com
M001215,Ankit,Iyer,Female,1984-05-25,41,Delhi,Corporate,2025-12-14,8906252331,ankit.iyer76@gmail.com
M001216,Ishaan,Desai,Male,1970-02-16,55,Mangaluru,Family,2020-06-20,8037536887,ishaan.desai3@gmail.com
M001217,Saurabh,Chawla,Male,1983-06-24,42,Warangal,Family,2024-12-15,8934558963,saurabh.chawla43@gmail.com
M001218,Preeti,Gupta,Female,1995-02-15,30,Mysuru,Family,2025-02-09,8763955677,preeti.gupta65@gmail.com
M001219,Esha,Khanna,Female,1960-02-24,65,Chennai,Corporate,2024-12-23,8796325190,esha.khanna54@outlook.com
M001220,Garima,Ahluwalia,Female,1966-05-26,59,Kozhikode,Family,2025-05-23,8889695317,garima.ahluwalia66@yahoo.com
M001221,Manish,Bhatia,Male,1998-11-18,27,Chennai,Individual,2023-03-09,8032027507,manish.bhatia22@gmail.com
M001222,Pooja,Bansal,Female,1980-11-02,45,Hyderabad,Corporate,2024-09-03,8365482160,pooja.bansal31@gmail.com
M001223,Gaurav,Menon,Male,1970-08-24,55,Kozhikode,Family,2025-08-17,8466415847,gaurav.menon45@gmail.com
M001224,Ankit,Ahluwalia,Male,1970-07-03,55,Chennai,Individual,2021-01-14,8842550963,ankit.ahluwalia18@yahoo.com
M001225,Puneet,Kapoor,Male,1959-11-15,66,Visakhapatnam,Family,2022-05-17,8594058828,puneet.kapoor85@yahoo.com
M001226,Karan,Kapoor,Male,1957-08-01,68,Mysuru,Corporate,2020-09-14,8829428272,karan.kapoor35@yahoo.com
M001227,Arvind,Agarwal,Male,1994-10-19,31,Gurugram,Individual,2023-02-21,8991928786,arvind.agarwal1@outlook.com
M001228,Ritu,Patel,Female,1965-10-15,60,Bengaluru,Individual,2024-02-19,8872712694,ritu.patel15@gmail.com
M001229,Pooja,Verma,Female,1966-07-07,59,Coimbatore,Individual,2020-05-07,8305797891,pooja.verma33@outlook.com
M001230,Vikram,Shah,Male,1977-03-26,48,Kozhikode,Family,2023-08-05,8270608215,vikram.shah33@gmail.com
M001231,Esha,Bhatia,Female,2002-07-31,23,Gurugram,Corporate,2021-06-24,8515750651,esha.bhatia49@yahoo.com
M001232,Rohan,Bhatia,Male,1966-02-17,59,Coimbatore,Corporate,2022-01-03,8641340999,
M001233,Vihaan,Ahluwalia,Male,1967-11-02,58,Mumbai,Individual,2022-04-29,8908724155,vihaan.ahluwalia36@yahoo.com
M001234,Neha,Kapoor,Female,1981-10-17,44,Vijayawada,Family,2025-08-02,8848897267,neha.kapoor89@outlook.com
M001235,Rohan,Bansal,Female,1997-05-31,28,Pune,Corporate,2021-10-21,8006274906,rohan.bansal75@gmail.com
M001236,Mansi,Menon,Female,1973-07-13,52,Thiruvananthapuram,Individual,2023-03-30,8033920733,mansi.menon85@outlook.com
M001237,Saurabh,Menon,F,1975-08-28,50,Mysuru,Individual,2022-06-27,8366337657,saurabh.menon81@yahoo.com
M001238,Dev,Malhotra,Male,1996-05-10,29,Gurugram,Individual,2023-02-11,8398105427,
M001239,Manish,Chawla,Male,1958-07-25,67,Hyderabad,Corporate,2024-05-13,8889903362,manish.chawla1@yahoo.com
M001240,Nikhil,Mishra,Male,1996-09-08,29,Pune,Individual,2025-01-16,8868373509,nikhil.mishra79@yahoo.com
M001241,Nidhi,Gupta,Female,1982-11-20,43,Warangal,Individual,2025-10-31,8106712712,nidhi.gupta19@yahoo.com
M001242,Juhi,Nair,Female,1956-08-18,69,Coimbatore,Corporate,2021-04-01,8008371300,juhi.nair59@yahoo.com
M001243,Karan,Ahluwalia,Male,1994-08-13,31,Thiruvananthapuram,Corporate,2022-06-22,8135111992,karan.ahluwalia52@gmail.com
M001244,Gaurav,Chawla,M,1957-02-27,68,Kochi,Family,2023-03-10,8781641807,gaurav.chawla92@gmail.com
M001245,Bhavna,Khanna,Female,2005-10-23,20,Hyderabad,Family,2022-07-03,8807224601,bhavna.khanna39@outlook.com
M001246,Shaurya,Ahluwalia,Male,1995-07-12,30,Coimbatore,Individual,2020-08-20,8148951849,shaurya.ahluwalia55@yahoo.com
M001247,Sameer,Menon,Male,1998-03-19,27,Kochi,Corporate,2024-11-12,8520140740,sameer.menon69@outlook.com
M001248,Manish,Ahluwalia,Male,1975-03-21,50,Thiruvananthapuram,Family,2022-05-12,8756430727,manish.ahluwalia32@outlook.com
M001249,Puneet,Mehta,Male,1960-06-01,65,Vijayawada,Family,2023-02-01,8443819563,puneet.mehta90@gmail.com
M001250,Charu,Menon,Female,1965-01-23,60,Hyderabad,Family,2020-01-13,8851359973,charu.menon54@gmail.com
M001251,Bhavna,Nair,Female,1987-10-19,38,Thiruvananthapuram,Corporate,2024-10-26,8909534617,bhavna.nair71@gmail.com
M001252,Puneet,Tiwari,Male,1978-04-24,47,Mumbai,Individual,2023-04-11,8902061058,puneet.tiwari79@yahoo.com
M001253,Ankit,Patel,Female,1970-07-09,55,Hyderabad,Individual,2025-04-21,8166993814,ankit.patel82@gmail.com
M001254,Charu,Bhatia,Female,1962-10-12,63,Madurai,Corporate,2021-06-22,8025644550,charu.bhatia10@yahoo.com
M001255,Diya,Malhotra,Female,1964-06-29,61,Mysuru,Corporate,2020-01-03,8847983702,diya.malhotra25@gmail.com
M001256,Garima,Khanna,Female,1957-09-19,68,Gurugram,Corporate,2021-10-12,8712873045,garima.khanna11@yahoo.com
M001257,Gaurav,Joshi,Male,1956-05-10,69,Kochi,Individual,2024-01-17,8384677924,gaurav.joshi63@gmail.com
M001258,Nisha,Kulkarni,Female,1956-11-10,69,Visakhapatnam,Corporate,2024-11-15,8714538422,nisha.kulkarni74@gmail.com
M001259,Rohan,Kapoor,Male,1978-04-21,47,Bengaluru,Corporate,2024-12-06,8419260457,rohan.kapoor53@outlook.com
M001260,Manish,Mishra,Male,1993-03-29,32,Bengaluru,Individual,2020-12-14,8220039597,manish.mishra72@outlook.com
M001261,Garima,Kapoor,Female,1984-06-19,41,Bengaluru,Family,2025-07-10,8600190033,garima.kapoor28@yahoo.com
M001262,Isha,Tiwari,Female,1986-08-19,39,Ahmedabad,Individual,2020-02-15,8106856259,isha.tiwari98@outlook.com
M001263,Charu,Pandey,Female,1990-09-21,35,Mangaluru,Individual,2024-06-17,8423660459,charu.pandey61@yahoo.com
M001264,Ankit,Verma,Male,1970-07-05,55,Bengaluru,Family,2023-08-20,8950847411,ankit.verma19@gmail.com
M001265,Yash,Bhatia,Male,1977-07-24,48,Madurai,Family,2021-06-16,8134627464,yash.bhatia86@yahoo.com
M001266,Meghna,Gupta,Female,1989-04-03,36,Madurai,Family,2021-04-25,8305089626,meghna.gupta69@yahoo.com
M001267,Priyal,Saxena,Female,1959-07-16,66,Thiruvananthapuram,Corporate,2022-06-28,8809642404,priyal.saxena10@yahoo.com
M001268,Nidhi,Gupta,Female,1968-03-05,57,Hyderabad,Family,2022-04-24,8658818370,nidhi.gupta15@gmail.com
M001269,Amit,Gupta,Male,1978-03-28,47,Vijayawada,Corporate,2022-09-29,8932718827,amitgupta@@gmail.com
M001270,Nidhi,Sharma,Female,1969-08-11,56,Coimbatore,Family,2021-07-19,8748007695,nidhi.sharma30@gmail.com
M001271,Rajat,Bansal,Male,1994-12-17,31,Mangaluru,Corporate,2022-05-23,8640576573,rajatbansal@@gmail.com
M001272,Aryan,Choudhary,Male,1989-01-15,36,Chennai,Family,2022-01-06,8138142999,aryanchoudhary@@gmail.com
M001273,Vihaan,Saxena,F,1997-04-15,28,Thiruvananthapuram,Corporate,2020-08-24,8861437867,vihaan.saxena13@gmail.com
M001274,Shweta,Rao,Female,1967-07-08,58,Pune,Individual,2020-02-13,8663420138,shweta.rao95@gmail.com
M001275,Yash,Gupta,Male,1990-10-25,35,Visakhapatnam,Corporate,2025-04-21,8234801080,yash.gupta15@outlook.com
M001276,Aditi,Gupta,Female,1979-02-18,46,Mumbai,Individual,2021-11-04,8120782443,aditi.gupta54@gmail.com
M001277,Puneet,Mishra,Male,1982-04-29,43,Ahmedabad,Corporate,2025-12-24,8789722894,puneetmishra@@gmail.com
M001278,Rohit,Chopra,F,1964-09-29,61,Delhi,Family,2025-05-29,8587676783,rohit.chopra71@gmail.com
M001279,Aditya,Khanna,Male,1999-04-18,26,Bengaluru,Corporate,2021-03-30,8869449753,aditya.khanna57@yahoo.com
M001280,Tanvi,Malhotra,Female,1977-04-22,48,Coimbatore,Corporate,2023-01-26,8693424976,tanvi.malhotra31@gmail.com
M001281,Saurabh,Bhatia,M,1963-01-08,62,Chennai,Individual,2024-05-16,8390951539,saurabh.bhatia22@outlook.com
M001282,Karan,Khanna,Male,1975-12-05,50,Mysuru,Family,2025-11-22,8305525057,karan.khanna67@gmail.com
M001283,Rakesh,Menon,Male,2002-03-09,23,Mangaluru,Family,2020-12-10,8932479622,rakesh.menon48@gmail.com
M001284,Pooja,Desai,Female,1973-08-21,52,Mysuru,Corporate,2020-06-27,8630728928,pooja.desai48@outlook.com
M001285,Diya,Agarwal,Female,1975-07-24,50,Hyderabad,Family,2021-07-18,8815599788,diya.agarwal89@yahoo.com
M001286,Diya,Chopra,Female,1981-05-08,44,Ahmedabad,Corporate,2021-10-15,8777053346,diya.chopra73@gmail.com
M001287,Shaurya,Saxena,Male,1989-07-18,36,Vijayawada,Individual,2024-07-01,8132649011,shaurya.saxena6@yahoo.com
M001288,Aditi,Verma,Female,1964-01-04,61,Chennai,Individual,2024-06-24,8428564240,
M001289,Tushar,Bhatia,Male,1993-01-14,32,Delhi,Individual,2024-08-18,8314839379,tushar.bhatia12@yahoo.com
M001290,Juhi,Joshi,Female,1955-03-30,70,Mysuru,Individual,2022-08-18,8929885598,juhi.joshi31@yahoo.com
M001291,Swati,Chawla,Female,1983-07-28,42,Pune,Individual,2022-08-01,8180341920,swati.chawla95@yahoo.com
M001292,Sneha,Bansal,Female,1980-02-03,45,Mysuru,Family,2025-11-07,8393021136,sneha.bansal83@outlook.com
M001293,Aditi,Bansal,Female,2004-04-26,21,Mysuru,Corporate,2025-06-06,8812105494,aditi.bansal70@outlook.com
M001294,Saurabh,Menon,Male,1994-02-04,31,Mysuru,Family,2022-04-24,8801971074,saurabh.menon97@gmail.com
M001295,Isha,Saxena,Female,1992-10-26,33,Bengaluru,Individual,2023-07-08,8542215099,isha.saxena10@gmail.com
M001296,Garima,Shah,Female,2005-06-02,20,Gurugram,Corporate,2021-06-06,8733783220,garima.shah85@gmail.com
M001297,Manish,Chawla,Male,2001-05-20,24,Pune,Family,2025-05-08,8258382538,manish.chawla22@outlook.com
M001298,Gaurav,Mehta,Female,1993-06-23,32,Warangal,Individual,2023-11-19,8623331637,gaurav.mehta27@yahoo.com
M001299,Arvind,Nair,Male,1991-08-26,34,Hyderabad,Individual,2023-10-06,8744135087,arvind.nair86@yahoo.com
M001300,Riya,Chawla,Female,1958-12-15,67,Gurugram,Family,2021-09-24,8312145469,riya.chawla80@outlook.com
M001301,Sanya,Gupta,Female,1962-12-03,63,Visakhapatnam,Individual,2020-10-09,8857594547,sanya.gupta19@gmail.com
M001302,Siddharth,Bhatia,Male,1987-09-07,38,Thiruvananthapuram,Corporate,2025-01-13,8721578850,siddharth.bhatia43@outlook.com
M001303,Garima,Malhotra,Female,1996-08-26,29,Chennai,Individual,2024-09-18,8477843101,garima.malhotra28@outlook.com
M001304,Ojasvi,Menon,Female,1961-10-06,64,Bengaluru,Individual,2022-02-11,8117703511,ojasvi.menon1@outlook.com
M001305,Kavita,Chopra,Female,2004-05-06,21,Gurugram,Family,2024-11-21,8011752797,kavitachopragmail.com
M001306,Nisha,Iyer,Female,1985-07-26,40,Vijayawada,Family,2022-09-04,8084103730,nisha.iyer80@outlook.com
M001307,Nisha,Patel,Female,1957-08-02,68,Hyderabad,Individual,2023-07-02,8476845477,nisha.patel49@yahoo.com
M001308,Siddharth,Ahluwalia,Male,1998-04-18,27,Mangaluru,Individual,2024-05-25,8301889581,siddharthahluwaliagmail.com
M001309,Arvind,Agarwal,Male,1967-04-05,58,Kozhikode,Individual,2024-09-08,8034765544,arvind.agarwal72@gmail.com
M001310,Rohan,Agarwal,Male,2002-02-14,23,Hyderabad,Individual,2023-09-27,8632466601,rohan.agarwal80@gmail.com
M001311,Isha,Chopra,Female,1956-06-30,69,Mysuru,Individual,2025-01-02,8839407893,isha.chopra14@outlook.com
M001312,Nidhi,Chawla,Female,1993-03-19,32,Chennai,Individual,2024-06-03,8070777807,nidhi.chawla92@gmail.com
M001313,Sanjay,Sharma,Male,1998-08-09,27,Madurai,Family,2025-08-24,8774882857,
M001314,Isha,Patel,Female,1973-02-06,52,Mumbai,Individual,2025-06-30,8345155560,isha.patel81@outlook.com
M001315,Manish,Khanna,Male,1960-01-31,65,Hyderabad,Family,2023-11-19,8670158997,manishkhanna@@gmail.com
M001316,Sameer,Khanna,Male,1997-01-30,28,Vijayawada,Corporate,2023-07-25,8058333956,sameer.khanna93@outlook.com
M001317,Diya,Kulkarni,Female,2000-03-01,25,Coimbatore,Individual,2021-11-25,8958145339,diya.kulkarni82@yahoo.com
M001318,Preeti,Verma,Female,1965-02-06,60,Ahmedabad,Individual,2022-08-08,8247407023,preeti.verma75@gmail.com
M001319,Aditi,Desai,Female,1988-04-08,37,Delhi,Corporate,2022-07-09,8088802351,aditi.desai49@outlook.com
M001320,Rakesh,Reddy,Male,1982-06-05,43,Visakhapatnam,Individual,2021-08-04,8726051789,rakesh.reddy8@gmail.com
M001321,Nikhil,Malhotra,Male,1972-02-13,53,Delhi,Corporate,2023-08-12,8321247856,nikhil.malhotra58@gmail.com
M001322,Charu,Chopra,Female,1960-02-03,65,Kochi,Individual,2021-12-24,8921879447,charu.chopra47@gmail.com
M001323,Puneet,Chopra,M,1987-05-25,38,Warangal,Individual,2020-03-29,8903630608,puneet.chopra66@yahoo.com
M001324,Ishaan,Sharma,Male,1981-05-29,44,Pune,Family,2021-09-10,8667047570,ishaan.sharma74@yahoo.com
M001325,Nikhil,Shah,Male,1992-07-17,33,Hyderabad,Corporate,2025-03-02,8887415290,nikhil.shah9@yahoo.com
M001326,Sameer,Kulkarni,Male,1993-01-25,32,Kozhikode,Individual,2025-10-27,8332721564,sameer.kulkarni11@outlook.com
M001327,Anjali,Patel,Female,1959-12-26,66,Vijayawada,Individual,2020-02-07,8947495250,anjalipatel@@gmail.com
M001328,Riya,Pandey,Female,1958-03-12,67,Vijayawada,Individual,2020-06-22,8838819022,riya.pandey68@outlook.com
M001329,Gaurav,Joshi,Male,1976-08-21,49,Bengaluru,Individual,2020-10-03,8350773435,gauravjoshi@@gmail.com
M001330,Siddharth,Khanna,Male,1995-09-06,30,Kozhikode,Corporate,2020-12-11,8798145077,siddharth.khanna11@yahoo.com
M001331,Sanya,Sharma,Female,1959-02-23,66,Coimbatore,Family,2024-11-28,8394497663,sanya.sharma57@yahoo.com
M001332,Vikram,Desai,Female,1976-05-14,49,Visakhapatnam,Family,2025-09-02,8575141067,vikram.desai12@yahoo.com
M001333,Nikhil,Iyer,Male,1991-07-07,34,Mysuru,Corporate,2023-08-02,8356793580,nikhil.iyer94@gmail.com
M001334,Riya,Desai,Female,2001-08-27,24,Pune,Individual,2023-12-25,8445861865,riya.desai99@outlook.com
M001335,Isha,Khanna,Female,1976-07-07,49,Visakhapatnam,Individual,2022-10-26,8467196655,isha.khanna77@yahoo.com
M001336,Bhavna,Iyer,Female,1999-12-31,26,Mangaluru,Individual,2021-04-11,8023110522,bhavna.iyer15@yahoo.com
M001337,Arvind,Agarwal,F,2000-08-27,25,Mangaluru,Family,2023-04-01,8533512784,arvind.agarwal57@gmail.com
M001338,Rohit,Chawla,Female,1997-06-01,28,Mumbai,Individual,2020-01-16,8009719337,rohit.chawla10@yahoo.com
M001339,Bhavna,Nair,Female,1959-12-20,66,Visakhapatnam,Individual,2021-05-02,8793382915,bhavna.nair30@yahoo.com
M001340,Rakesh,Khanna,Male,1982-06-19,43,Pune,Family,2025-01-12,8474901646,rakesh.khanna61@yahoo.com
M001341,Neha,Iyer,Female,1977-03-07,48,Vijayawada,Corporate,2022-05-27,8154983856,neha.iyer95@gmail.com
M001342,Swati,Malhotra,Female,1968-02-22,57,Vijayawada,Corporate,2025-09-10,8165987812,swati.malhotra34@yahoo.com
M001343,Sanjay,Verma,Female,1956-06-24,69,Warangal,Individual,2023-03-09,8195129062,sanjayvermagmail.com
M001344,Aditya,Joshi,Male,1988-01-10,37,Hyderabad,Individual,2023-03-05,8217663106,aditya.joshi12@yahoo.com
M001345,Shaurya,Mehta,Male,1995-07-12,30,Delhi,Individual,2021-04-09,8276847668,shaurya.mehta11@gmail.com
M001346,Ankit,Agarwal,Female,1984-07-31,41,Hyderabad,Family,2020-07-10,8436742709,ankit.agarwal9@outlook.com
M001347,Esha,Ahluwalia,Female,1983-12-25,42,Bengaluru,Family,2023-03-25,8904593902,esha.ahluwalia64@yahoo.com
M001348,Siddharth,Verma,Male,2002-12-02,23,Gurugram,Corporate,2021-11-25,8832293928,siddharth.verma83@yahoo.com
M001349,Aditya,Gupta,Male,1968-01-01,57,Mumbai,Family,2023-11-01,8324189674,aditya.gupta67@gmail.com
M001350,Kavita,Agarwal,Female,2005-05-28,20,Visakhapatnam,Family,2022-12-11,8703076563,kavita.agarwal69@outlook.com
M001351,Preeti,Iyer,Female,1987-02-15,38,Gurugram,Individual,2021-04-03,8576301462,preeti.iyer45@outlook.com
M001352,Juhi,Saxena,Female,2004-08-04,21,Chennai,Family,2025-12-29,8774990907,juhi.saxena42@outlook.com
M001353,Falguni,Desai,Female,2000-08-07,25,Chennai,Corporate,2022-01-31,8357688910,falguni.desai33@yahoo.com
M001354,Manish,Kulkarni,Male,1976-04-30,49,Warangal,Individual,2023-02-01,8531918914,manish.kulkarni13@gmail.com
M001355,Isha,Chopra,Female,1971-06-21,54,Kozhikode,Corporate,2021-02-27,8708631770,isha.chopra85@yahoo.com
M001356,Aryan,Desai,Male,1981-02-02,44,Madurai,Family,2020-07-26,8056204196,aryan.desai39@outlook.com
M001357,Amit,Bansal,Male,1978-10-31,47,Mumbai,Family,2024-11-22,8283223867,amit.bansal37@outlook.com
M001358,Bhavna,Patel,Female,1986-04-04,39,Bengaluru,Family,2021-07-09,8442426543,bhavna.patel66@outlook.com
M001359,Aditya,Kulkarni,Male,1972-02-22,53,Mangaluru,Corporate,2020-01-08,8360585750,aditya.kulkarni14@yahoo.com
M001360,Aditya,Chopra,Male,1980-08-03,45,Mysuru,Corporate,2020-12-19,8334255756,
M001361,Gaurav,Tiwari,Male,1960-04-13,65,Thiruvananthapuram,Family,2022-05-20,8132040823,gaurav.tiwari64@yahoo.com
M001362,Rajat,Joshi,Male,1962-12-09,63,Visakhapatnam,Family,2021-05-15,8718249925,rajat.joshi65@gmail.com
M001363,Ishaan,Pandey,Male,1975-04-07,50,Ahmedabad,Individual,2021-01-06,8751930022,ishaan.pandey15@yahoo.com
M001364,Vivek,Choudhary,Male,1978-11-10,47,Kochi,Corporate,2021-12-22,8720438747,vivek.choudhary51@outlook.com
M001365,Aditi,Chawla,Female,2002-08-11,23,Visakhapatnam,Individual,2025-12-29,8147418990,aditi.chawla88@outlook.com
M001366,Sneha,Choudhary,Female,1966-11-21,59,Delhi,Individual,2025-02-15,8130935255,sneha.choudhary24@gmail.com
M001367,Bhavna,Sharma,F,1992-10-24,33,Delhi,Individual,2025-04-20,8448704503,bhavna.sharma12@outlook.com
M001368,Kabir,Nair,Male,1982-10-17,43,Ahmedabad,Corporate,2024-11-30,8883405835,kabir.nair75@outlook.com
M001369,Ankit,Choudhary,Male,1965-06-12,60,Ahmedabad,Individual,2024-07-23,8359944901,ankit.choudhary30@yahoo.com
M001370,Kirti,Sharma,Female,1989-02-19,36,Ahmedabad,Corporate,2021-09-29,8481917234,kirti.sharma81@gmail.com
M001371,Ojasvi,Mishra,Female,1974-07-29,51,Vijayawada,Family,2024-09-05,8535207492,ojasvi.mishra72@yahoo.com
M001372,Aditi,Kulkarni,Female,1962-06-08,63,Gurugram,Individual,2020-04-08,8893980192,aditi.kulkarni36@yahoo.com
M001373,Kavita,Gupta,Female,1982-07-12,43,Thiruvananthapuram,Corporate,2021-10-13,8527660612,kavita.gupta23@outlook.com
M001374,Tushar,Gupta,F,1972-02-27,53,Gurugram,Family,2025-04-26,8328506015,tushar.gupta76@gmail.com
M001375,Bhavna,Bansal,Female,2005-04-23,20,Warangal,Individual,2025-02-25,8683760173,bhavna.bansal2@gmail.com
M001376,Ojasvi,Verma,Female,1974-09-26,51,Bengaluru,Corporate,2020-10-04,8324403926,ojasvi.verma9@outlook.com
M001377,Gaurav,Khanna,Male,1980-10-14,45,Coimbatore,Corporate,2023-11-27,8851574176,
M001378,Aryan,Chawla,Male,1968-04-21,57,Thiruvananthapuram,Family,2023-04-13,8310479951,aryan.chawla25@outlook.com
M001379,Anjali,Reddy,Female,2000-10-14,25,Pune,Family,2022-11-25,8963279681,anjali.reddy39@yahoo.com
M001380,Diya,Iyer,Female,1991-12-20,34,Hyderabad,Individual,2022-09-20,8991345567,diya.iyer32@gmail.com
M001381,Nisha,Sharma,Female,1980-04-24,45,Mumbai,Family,2021-05-07,8607693831,nisha.sharma68@gmail.com
M001382,Shaurya,Mishra,Male,2001-01-26,24,Thiruvananthapuram,Individual,2024-12-31,8860588840,shaurya.mishra24@yahoo.com
M001383,Nikhil,Saxena,Male,1984-05-14,41,Ahmedabad,Corporate,2021-03-01,8902249242,nikhil.saxena48@yahoo.com
M001384,Neha,Mishra,Female,1968-09-22,57,Gurugram,Individual,2021-07-17,8871163922,neha.mishra1@gmail.com
M001385,Falguni,Gupta,Female,1996-12-26,29,Chennai,Corporate,2022-05-01,8449421303,falguni.gupta22@yahoo.com
M001386,Kabir,Tiwari,Male,1973-04-27,52,Vijayawada,Individual,2024-01-11,8086756151,kabir.tiwari17@gmail.com
M001387,Kabir,Kulkarni,M,1985-11-09,40,Delhi,Corporate,2023-04-19,8600277832,kabir.kulkarni14@gmail.com
M001388,Nidhi,Kapoor,Female,1985-03-31,40,Mangaluru,Individual,2021-10-12,8274092473,nidhi.kapoor59@gmail.com
M001389,Siddharth,Patel,Male,1968-10-06,57,Madurai,Individual,2020-06-12,8666214566,siddharth.patel15@outlook.com
M001390,Puneet,Saxena,Male,2005-05-10,20,Chennai,Family,2024-12-11,8373513558,puneet.saxena33@gmail.com
M001391,Ankit,Desai,Male,1980-05-20,45,Vijayawada,Family,2022-02-03,8812289223,ankit.desai7@gmail.com
M001392,Sanjay,Pandey,Male,1955-06-25,70,Hyderabad,Individual,2023-06-02,8398987959,sanjay.pandey45@outlook.com
M001393,Shweta,Pandey,Female,1994-12-29,31,Mumbai,Individual,2025-10-12,8619421278,shweta.pandey86@yahoo.com
M001394,Siddharth,Malhotra,Female,1960-09-12,65,Vijayawada,Individual,2023-04-01,8411122571,siddharth.malhotra52@outlook.com
M001395,Dev,Bhatia,M,2001-02-26,24,Hyderabad,Corporate,2021-04-07,8231431325,dev.bhatia21@gmail.com
M001396,Kabir,Khanna,Male,1966-10-16,59,Thiruvananthapuram,Individual,2022-03-27,8791656448,kabir.khanna84@yahoo.com
M001397,Rahul,Joshi,Male,1964-09-04,61,Delhi,Corporate,2025-09-11,8496435130,rahul.joshi88@outlook.com
M001398,Nidhi,Saxena,Female,1965-07-23,60,Mangaluru,Individual,2022-02-24,8042542597,nidhi.saxena47@outlook.com
M001399,Gaurav,Choudhary,Male,2003-11-16,22,Visakhapatnam,Corporate,2025-02-28,8359832572,gaurav.choudhary27@outlook.com
M001400,Ankit,Iyer,Male,1990-09-18,35,Pune,Individual,2020-06-18,8009658146,ankit.iyer34@outlook.com
M001401,Isha,Bhatia,Female,1993-06-14,32,Hyderabad,Family,2021-02-26,8663509730,isha.bhatia99@gmail.com
M001402,Neha,Bansal,Female,2001-10-26,24,Thiruvananthapuram,Family,2024-08-10,8139751210,neha.bansal62@yahoo.com
M001403,Yash,Desai,Male,1987-10-02,38,Ahmedabad,Individual,2023-11-05,8244656891,yash.desai35@yahoo.com
M001404,Amit,Chopra,F,1994-08-12,31,Madurai,Individual,2024-03-19,8051372768,amit.chopra40@yahoo.com
M001405,Aditya,Chawla,Male,1999-03-26,26,Mumbai,Individual,2022-04-19,8050876438,aditya.chawla96@yahoo.com
M001406,Nidhi,Desai,Female,1981-02-10,44,Kochi,Corporate,2023-06-13,8679196469,nidhi.desai76@outlook.com
M001407,Aditya,Nair,Male,1957-02-13,68,Visakhapatnam,Family,2023-11-04,8186442440,
M001408,Rohit,Desai,Male,1981-08-16,44,Gurugram,Corporate,2021-11-16,8837512568,rohit.desai66@outlook.com
M001409,Ojasvi,Kapoor,Female,1959-04-11,66,Bengaluru,Corporate,2024-09-27,8003114525,ojasvi.kapoor17@outlook.com
M001410,Aditi,Choudhary,Female,1962-09-12,63,Vijayawada,Individual,2021-06-03,8395913478,aditichoudhary@@gmail.com
M001411,Garima,Shah,Female,1985-09-15,40,Visakhapatnam,Family,2023-06-04,8034315917,garima.shah50@outlook.com
M001412,Sameer,Ahluwalia,Male,1991-05-17,34,Mumbai,Corporate,2024-10-31,8932789216,sameer.ahluwalia71@yahoo.com
M001413,Aryan,Iyer,Male,2002-08-09,23,Mangaluru,Individual,2025-03-04,8050056618,aryaniyergmail.com
M001414,Aditi,Desai,Female,1989-05-10,36,Madurai,Individual,2025-05-22,8525065509,aditi.desai48@gmail.com
M001415,Mansi,Malhotra,Female,1971-07-19,54,Chennai,Corporate,2022-04-01,8706827109,mansi.malhotra2@yahoo.com
M001416,Saurabh,Agarwal,Male,1959-07-22,66,Chennai,Individual,2021-09-02,8595166247,saurabh.agarwal55@gmail.com
M001417,Isha,Shah,Female,2001-05-18,24,Visakhapatnam,Corporate,2023-11-26,8878847339,ishashah@@gmail.com
M001418,Rakesh,Agarwal,Male,1981-09-14,44,Mangaluru,Corporate,2022-03-26,8729779979,rakesh.agarwal55@outlook.com
M001419,Diya,Chopra,Female,1969-12-17,56,Bengaluru,Corporate,2025-11-15,8687247463,diya.chopra70@gmail.com
M001420,Manish,Mishra,Male,1976-10-30,49,Warangal,Family,2025-03-03,8560285533,manish.mishra40@gmail.com
M001421,Ritu,Pandey,Female,1958-09-19,67,Warangal,Individual,2024-07-24,8377181331,ritu.pandey84@gmail.com
M001422,Ojasvi,Agarwal,Female,1992-10-23,33,Coimbatore,Individual,2023-05-15,8376981321,ojasvi.agarwal6@yahoo.com
M001423,Meghna,Patel,Female,1969-05-23,56,Coimbatore,Individual,2024-12-19,8771244503,meghna.patel76@yahoo.com
M001424,Garima,Chopra,Female,1964-07-14,61,Bengaluru,Corporate,2023-02-02,8591334456,garima.chopra98@yahoo.com
M001425,Vikram,Agarwal,Male,1970-12-05,55,Chennai,Corporate,2023-07-25,8695658662,vikram.agarwal94@yahoo.com
M001426,Tanvi,Mishra,Female,1980-04-22,45,Chennai,Corporate,2025-04-16,8761105758,tanvi.mishra96@outlook.com
M001427,Sanya,Tiwari,Female,1976-06-15,49,Gurugram,Individual,2021-02-25,8179861458,sanya.tiwari6@yahoo.com
M001428,Mansi,Shah,Female,1981-11-15,44,Hyderabad,Individual,2021-11-22,8017356364,mansi.shah24@outlook.com
M001429,Priyal,Saxena,Female,1998-11-30,27,Madurai,Family,2021-11-09,8098018559,priyal.saxena15@gmail.com
M001430,Dev,Khanna,Male,1965-07-24,60,Hyderabad,Corporate,2023-09-17,8042502200,dev.khanna14@outlook.com
M001431,Ojasvi,Khanna,Female,1985-10-22,40,Chennai,Family,2024-10-14,8605361046,ojasvi.khanna29@outlook.com
M001432,Tushar,Bansal,Male,1989-07-05,36,Hyderabad,Corporate,2020-02-12,8366403379,tushar.bansal60@yahoo.com
M001433,Garima,Kapoor,Female,2005-12-26,20,Coimbatore,Corporate,2024-11-22,8970645324,garima.kapoor67@gmail.com
M001434,Aryan,Gupta,Male,1958-09-17,67,Warangal,Individual,2025-05-08,8393906705,aryan.gupta64@gmail.com
M001435,Ankit,Choudhary,Male,1958-10-21,67,Gurugram,Individual,2025-09-21,8550777262,ankit.choudhary20@outlook.com
M001436,Karan,Mehta,Male,2002-11-03,23,Visakhapatnam,Family,2023-09-24,8543711450,karan.mehta8@gmail.com
M001437,Garima,Agarwal,Female,1984-02-25,41,Pune,Corporate,2023-06-27,8653755715,garima.agarwal54@gmail.com
M001438,Nikhil,Mehta,Male,1983-08-02,42,Warangal,Family,2024-12-14,8127317463,nikhil.mehta17@gmail.com
M001439,Juhi,Khanna,Female,1973-07-08,52,Pune,Corporate,2021-11-27,8467288833,juhi.khanna75@yahoo.com
M001440,Rohit,Desai,M,1977-06-15,48,Mangaluru,Corporate,2021-12-25,8771352808,rohit.desai17@outlook.com
M001441,Charu,Verma,Female,1978-11-11,47,Thiruvananthapuram,Family,2021-07-26,8958601409,charu.verma21@yahoo.com
M001442,Kirti,Joshi,Female,1960-01-15,65,Mumbai,Family,2024-09-27,8500945823,kirti.joshi32@yahoo.com
M001443,Rohan,Shah,Male,1988-10-05,37,Pune,Individual,2021-09-17,8962964648,rohan.shah11@gmail.com
M001444,Ishaan,Kulkarni,Male,1982-09-01,43,Coimbatore,Individual,2025-12-25,8635606300,ishaan.kulkarni53@gmail.com
M001445,Tanvi,Saxena,Female,1986-04-30,39,Ahmedabad,Individual,2021-12-14,8070921273,tanvi.saxena15@gmail.com
M001446,Nidhi,Joshi,Female,1965-09-05,60,Coimbatore,Family,2020-04-11,8526502732,nidhi.joshi1@gmail.com
M001447,Sneha,Khanna,Female,1970-04-03,55,Chennai,Corporate,2021-07-22,8296132796,sneha.khanna57@yahoo.com
M001448,Amit,Shah,Male,2002-03-22,23,Pune,Family,2021-09-29,8338768947,amit.shah16@yahoo.com
M001449,Diya,Gupta,Female,1987-08-11,38,Ahmedabad,Individual,2024-02-28,8667837153,diya.gupta44@gmail.com
M001450,Vikram,Bhatia,Male,2005-05-09,20,Kozhikode,Corporate,2022-08-24,8506099876,vikram.bhatia73@yahoo.com
M001451,Aditi,Pandey,Female,1981-09-09,44,Mumbai,Individual,2020-06-07,8137524968,aditi.pandey81@yahoo.com
M001452,Shaurya,Kulkarni,Male,1986-07-27,39,Mangaluru,Individual,2024-03-20,8452246145,shaurya.kulkarni36@yahoo.com
M001453,Dev,Kulkarni,Male,1987-01-06,38,Mumbai,Individual,2021-07-18,8390806907,dev.kulkarni32@yahoo.com
M001454,Tanvi,Nair,F,1987-03-23,38,Thiruvananthapuram,Corporate,2024-10-03,8575627489,tanvi.nair44@yahoo.com
M001455,Ishaan,Saxena,Male,1972-06-19,53,Kozhikode,Family,2022-08-18,8954316877,ishaan.saxena23@gmail.com
M001456,Ishaan,Bansal,Male,1965-09-08,60,Coimbatore,Corporate,2020-11-28,8710773773,ishaan.bansal18@gmail.com
M001457,Juhi,Kapoor,Female,1980-11-19,45,Mysuru,Individual,2023-10-20,8529033127,juhi.kapoor99@gmail.com
M001458,Falguni,Bansal,Female,1992-05-30,33,Mysuru,Family,2021-09-15,8680981704,falguni.bansal4@yahoo.com
M001459,Neha,Malhotra,Female,1980-11-26,45,Mumbai,Family,2025-11-26,8799783151,neha.malhotra77@gmail.com
M001460,Rohan,Patel,Male,1978-10-30,47,Pune,Corporate,2024-09-29,8038218058,rohan.patel76@yahoo.com
M001461,Swati,Saxena,Female,1995-08-18,30,Gurugram,Individual,2020-03-21,8602548518,swatisaxena@@gmail.com
M001462,Puneet,Mehta,Male,1979-12-04,46,Gurugram,Corporate,2024-01-09,8187513351,puneetmehta@@gmail.com
M001463,Tushar,Patel,Male,1975-01-25,50,Mumbai,Individual,2022-10-27,8272864516,tushar.patel23@yahoo.com
M001464,Sanjay,Desai,Male,1970-03-02,55,Pune,Family,2021-02-03,8336089234,sanjay.desai20@yahoo.com
M001465,Aryan,Shah,Male,1986-05-16,39,Gurugram,Individual,2025-03-05,8286725537,aryan.shah77@yahoo.com
M001466,Siddharth,Malhotra,Male,1985-04-14,40,Ahmedabad,Family,2023-08-04,8795779516,siddharth.malhotra82@yahoo.com
M001467,Amit,Patel,Male,2003-12-29,22,Madurai,Corporate,2025-08-31,8849604825,amit.patel97@gmail.com
M001468,Pooja,Patel,Female,1985-04-10,40,Hyderabad,Individual,2023-03-20,8052278244,pooja.patel26@gmail.com
M001469,Rahul,Pandey,Male,1992-12-28,33,Gurugram,Individual,2023-04-26,8715431470,rahul.pandey5@gmail.com
M001470,Pooja,Saxena,Female,2002-08-19,23,Kochi,Individual,2022-10-13,8324636071,pooja.saxena83@outlook.com
M001471,Neha,Ahluwalia,Female,1961-04-04,64,Visakhapatnam,Corporate,2021-01-14,8891065281,neha.ahluwalia18@yahoo.com
M001472,Sanya,Kapoor,Female,1961-10-22,64,Mangaluru,Corporate,2021-03-28,8384710729,sanya.kapoor45@yahoo.com
M001473,Kavita,Nair,Female,1972-12-15,53,Gurugram,Corporate,2024-03-02,8088041811,kavita.nair77@outlook.com
M001474,Preeti,Ahluwalia,Female,1998-12-29,27,Delhi,Family,2022-07-05,8789232967,preeti.ahluwalia41@gmail.com
M001475,Puneet,Malhotra,Male,1983-03-07,42,Mysuru,Corporate,2021-11-08,8129624398,puneet.malhotra94@yahoo.com
M001476,Ojasvi,Agarwal,Female,2000-03-19,25,Mysuru,Individual,2022-07-13,8037700582,ojasvi.agarwal86@yahoo.com
M001477,Aditi,Khanna,Female,2001-04-02,24,Thiruvananthapuram,Individual,2021-01-28,8920011104,aditi.khanna36@yahoo.com
M001478,Gaurav,Saxena,Male,1974-01-11,51,Ahmedabad,Individual,2023-05-27,8051015403,gaurav.saxena45@outlook.com
M001479,Sneha,Menon,Female,1967-09-09,58,Hyderabad,Family,2020-05-26,8112555051,sneha.menon95@outlook.com
M001480,Ishaan,Kulkarni,Male,2002-06-29,23,Thiruvananthapuram,Individual,2021-11-23,8221559635,ishaan.kulkarni24@outlook.com
M001481,Ritu,Kapoor,Female,1996-11-07,29,Kochi,Individual,2020-11-29,8631349077,ritu.kapoor25@yahoo.com
M001482,Vihaan,Choudhary,Male,1955-06-08,70,Thiruvananthapuram,Corporate,2025-11-25,8129817538,vihaanchoudharygmail.com
M001483,Swati,Verma,Female,1988-06-14,37,Pune,Family,2020-09-02,8245508355,swati.verma3@gmail.com
M001484,Rajat,Saxena,Male,1982-07-29,43,Gurugram,Individual,2025-06-10,8899148626,rajat.saxena27@yahoo.com
M001485,Kabir,Kulkarni,Male,1989-05-05,36,Mangaluru,Individual,2023-12-30,8875944793,kabir.kulkarni50@gmail.com
M001486,Rohit,Joshi,Male,1992-07-12,33,Delhi,Family,2024-08-15,8817773387,rohit.joshi87@gmail.com
M001487,Neha,Ahluwalia,Female,1978-06-29,47,Vijayawada,Corporate,2020-06-15,8388409743,neha.ahluwalia18@gmail.com
M001488,Kavita,Malhotra,Female,2001-09-07,24,Pune,Family,2021-03-02,8201282660,kavita.malhotra76@yahoo.com
M001489,Tanvi,Malhotra,Female,1956-11-29,69,Delhi,Individual,2025-11-12,8466791937,tanvi.malhotra47@gmail.com
M001490,Nikhil,Choudhary,Male,1989-03-13,36,Vijayawada,Individual,2024-06-30,8064106792,nikhil.choudhary76@yahoo.com
M001491,Amit,Bhatia,Male,1971-03-28,54,Pune,Family,2022-03-26,8085958995,amitbhatia@@gmail.com
M001492,Karan,Iyer,Male,1996-09-20,29,Pune,Family,2025-02-10,8827226518,karan.iyer26@gmail.com
M001493,Vihaan,Pandey,Male,1988-08-26,37,Mangaluru,Individual,2020-09-02,8475193355,vihaan.pandey31@gmail.com
M001494,Yash,Kulkarni,Male,1982-04-11,43,Pune,Individual,2025-02-18,8509609411,yash.kulkarni16@yahoo.com
M001495,Gaurav,Nair,Male,1975-10-04,50,Ahmedabad,Family,2020-02-10,8691509934,gaurav.nair1@gmail.com
M001496,Sameer,Rao,Male,1991-09-06,34,Vijayawada,Individual,2025-11-09,8616416810,sameer.rao11@outlook.com
M001497,Vivek,Shah,M,1972-04-21,53,Hyderabad,Corporate,2023-11-30,8381397914,vivek.shah80@yahoo.com
M001498,Swati,Mishra,Female,1978-03-24,47,Mumbai,Individual,2020-11-13,8827895414,swati.mishra94@gmail.com
M001499,Tushar,Mehta,Male,1975-06-24,50,Mumbai,Corporate,2020-03-04,8740651487,tushar.mehta5@outlook.com
M001500,Rohan,Verma,Male,1998-01-18,27,Coimbatore,Family,2025-07-01,8637152642,
M001501,Tanvi,Agarwal,Female,1982-08-21,43,Kozhikode,Individual,2024-10-04,8153559337,tanvi.agarwal68@outlook.com
M001502,Aryan,Khanna,Male,1956-10-04,69,Coimbatore,Family,2021-06-20,8561100370,aryan.khanna81@yahoo.com
M001503,Neha,Kulkarni,Female,1975-12-10,50,Mysuru,Individual,2023-05-12,8174159197,
M001504,Vihaan,Bhatia,Male,1963-09-18,62,Mysuru,Family,2021-04-29,8396490182,vihaan.bhatia94@yahoo.com
M001505,Aditya,Patel,Male,2001-08-04,24,Delhi,Individual,2021-01-03,8058712080,adityapatelgmail.com
M001506,Ishaan,Gupta,Male,2003-10-06,22,Warangal,Individual,2020-08-17,8429995395,ishaan.gupta33@outlook.com
M001507,Rohit,Shah,Male,1995-12-21,30,Warangal,Individual,2023-07-21,8610396183,rohit.shah40@gmail.com
M001508,Aditya,Pandey,Male,1973-06-11,52,Kozhikode,Family,2020-10-04,8677578985,aditya.pandey20@gmail.com
M001509,Ojasvi,Chopra,Female,1980-11-17,45,Hyderabad,Family,2021-03-15,8406881239,ojasvi.chopra45@outlook.com
M001510,Amit,Bhatia,Male,1987-01-27,38,Visakhapatnam,Corporate,2020-11-03,8178982780,amit.bhatia85@gmail.com
M001511,Charu,Bhatia,F,1961-03-07,64,Kozhikode,Individual,2023-12-29,8814747450,charu.bhatia18@yahoo.com
M001512,Anjali,Shah,Female,1997-07-26,28,Delhi,Family,2024-07-10,8815931601,anjali.shah79@gmail.com
M001513,Ishaan,Menon,Male,1985-03-01,40,Kozhikode,Corporate,2023-10-26,8857147374,ishaan.menon30@yahoo.com
M001514,Aditya,Joshi,Male,1967-12-19,58,Madurai,Corporate,2021-02-08,8322338513,aditya.joshi43@yahoo.com
M001515,Ishaan,Tiwari,Male,1958-11-07,67,Bengaluru,Corporate,2024-02-07,8285235235,ishaan.tiwari29@gmail.com
M001516,Rajat,Kapoor,Male,1960-05-15,65,Kozhikode,Individual,2020-01-21,8311333895,rajat.kapoor31@gmail.com
M001517,Vivek,Shah,Male,1998-02-02,27,Coimbatore,Individual,2025-06-04,8921133121,
M001518,Shweta,Joshi,Female,1955-04-10,70,Coimbatore,Family,2020-07-08,8779060771,shweta.joshi6@yahoo.com
M001519,Garima,Mishra,Female,2001-07-21,24,Kochi,Family,2025-01-06,8739823522,garima.mishra11@gmail.com
M001520,Aditya,Mehta,Male,1982-08-30,43,Mangaluru,Family,2021-06-20,8253906384,aditya.mehta48@gmail.com
M001521,Rohan,Ahluwalia,Male,1999-11-30,26,Pune,Individual,2025-12-20,8174192588,rohan.ahluwalia89@gmail.com
M001522,Ishaan,Nair,Male,1963-01-26,62,Gurugram,Corporate,2022-11-02,8516508661,ishaan.nair58@gmail.com
M001523,Saurabh,Pandey,Male,1969-10-30,56,Mysuru,Corporate,2021-08-25,8638422528,saurabh.pandey73@gmail.com
M001524,Garima,Desai,Female,1986-08-10,39,Visakhapatnam,Corporate,2024-04-27,8256358756,garima.desai58@outlook.com
M001525,Aryan,Bansal,Male,1977-05-23,48,Gurugram,Corporate,2024-06-12,8666524312,aryan.bansal88@outlook.com
M001526,Charu,Khanna,Female,1976-09-06,49,Mysuru,Corporate,2021-04-25,8262886698,charu.khanna26@yahoo.com
M001527,Tanvi,Tiwari,Female,1985-02-14,40,Gurugram,Family,2020-10-24,8714397505,tanvi.tiwari10@gmail.com
M001528,Nidhi,Shah,Female,2002-03-07,23,Gurugram,Corporate,2021-10-15,8134877317,nidhi.shah89@outlook.com
M001529,Riya,Agarwal,Female,1992-05-18,33,Madurai,Family,2023-04-16,8954190144,riya.agarwal12@outlook.com
M001530,Tanvi,Agarwal,Female,1969-02-22,56,Coimbatore,Family,2023-05-11,8912975049,tanvi.agarwal86@yahoo.com
M001531,Rakesh,Saxena,Male,1973-01-17,52,Pune,Family,2023-08-09,8455911638,rakesh.saxena83@yahoo.com
M001532,Anjali,Iyer,Female,1964-02-22,61,Hyderabad,Family,2023-07-25,8150571088,anjali.iyer97@gmail.com
M001533,Charu,Verma,Female,1979-04-09,46,Kochi,Individual,2021-08-15,8386797838,charu.verma52@outlook.com
M001534,Meghna,Bhatia,Female,1992-10-14,33,Thiruvananthapuram,Individual,2021-08-07,8404018964,meghna.bhatia8@yahoo.com
M001535,Bhavna,Pandey,Female,1960-06-06,65,Madurai,Individual,2023-05-22,8177113079,bhavna.pandey28@gmail.com
M001536,Preeti,Saxena,Female,2001-08-18,24,Coimbatore,Individual,2022-06-29,8883364289,preeti.saxena57@gmail.com
M001537,Sanjay,Bansal,Male,1968-03-03,57,Warangal,Family,2022-02-02,8332175863,sanjay.bansal56@yahoo.com
M001538,Falguni,Sharma,Female,1981-09-01,44,Chennai,Corporate,2024-08-01,8929182602,falguni.sharma81@outlook.com
M001539,Ojasvi,Iyer,Female,2005-08-30,20,Kochi,Family,2020-06-30,8096047138,ojasvi.iyer20@gmail.com
M001540,Vikram,Kulkarni,Male,1969-10-16,56,Gurugram,Individual,2025-02-28,8698767681,vikram.kulkarni25@outlook.com
M001541,Ojasvi,Malhotra,Female,1960-12-26,65,Coimbatore,Individual,2023-01-19,8747949100,ojasvi.malhotra17@yahoo.com
M001542,Kabir,Desai,Male,1997-05-09,28,Vijayawada,Family,2022-04-28,8979272000,kabir.desai75@yahoo.com
M001543,Ishaan,Sharma,Male,1995-06-03,30,Vijayawada,Corporate,2024-11-12,8185188121,ishaan.sharma4@outlook.com
M001544,Amit,Bansal,Male,1976-04-02,49,Hyderabad,Family,2022-12-30,8809721885,amit.bansal48@yahoo.com
M001545,Tanvi,Menon,Female,1957-06-24,68,Delhi,Corporate,2020-12-14,8931361241,tanvi.menon8@gmail.com
M001546,Yash,Rao,Male,1991-12-07,34,Delhi,Individual,2022-02-01,8599682176,yash.rao61@yahoo.com
M001547,Saurabh,Ahluwalia,Male,1965-01-03,60,Pune,Family,2020-07-29,8371966513,saurabh.ahluwalia8@gmail.com
M001548,Tushar,Patel,Male,1989-11-03,36,Vijayawada,Family,2021-02-23,8510715995,tushar.patel21@outlook.com
M001549,Aditya,Ahluwalia,Male,1989-08-15,36,Thiruvananthapuram,Individual,2020-12-03,8800724162,aditya.ahluwalia30@gmail.com
M001550,Rohit,Khanna,Male,1987-02-02,38,Kochi,Corporate,2025-10-06,8606241267,rohit.khanna75@outlook.com
M001551,Dev,Pandey,Male,1972-01-12,53,Thiruvananthapuram,Corporate,2023-07-20,8470364723,dev.pandey79@outlook.com
M001552,Aditya,Choudhary,Male,1993-03-13,32,Madurai,Family,2022-08-28,8451751467,aditya.choudhary7@yahoo.com
M001553,Kavita,Choudhary,Female,1996-02-03,29,Warangal,Individual,2025-06-24,8828424146,kavita.choudhary31@outlook.com
M001554,Bhavna,Bansal,Female,1998-06-19,27,Gurugram,Individual,2023-04-09,8392595900,bhavna.bansal27@yahoo.com
M001555,Swati,Ahluwalia,Female,1987-04-03,38,Coimbatore,Individual,2025-06-25,8050426449,swatiahluwalia@@gmail.com
M001556,Meghna,Kulkarni,Female,1980-01-26,45,Kochi,Family,2022-11-08,8465623908,meghna.kulkarni43@yahoo.com
M001557,Nidhi,Shah,Female,1980-01-10,45,Bengaluru,Individual,2023-04-15,8337813571,
M001558,Ojasvi,Malhotra,M,1955-12-27,70,Bengaluru,Family,2020-02-17,8159325386,ojasvi.malhotra38@outlook.com
M001559,Aditi,Khanna,Female,1993-04-14,32,Thiruvananthapuram,Family,2021-07-21,8567583728,aditi.khanna97@gmail.com
M001560,Ojasvi,Choudhary,Female,1971-07-01,54,Hyderabad,Corporate,2021-05-19,8545024064,ojasvi.choudhary68@yahoo.com
M001561,Nidhi,Malhotra,Female,1992-07-01,33,Mangaluru,Family,2025-03-06,8032915315,nidhi.malhotra59@outlook.com
M001562,Dev,Menon,Male,1968-10-22,57,Gurugram,Individual,2020-06-28,8837813535,dev.menon50@gmail.com
M001563,Diya,Menon,Female,1994-01-31,31,Mysuru,Family,2021-01-23,8441962396,diya.menon28@yahoo.com
M001564,Rajat,Kapoor,Male,1996-06-03,29,Mangaluru,Family,2020-08-15,8397840905,rajat.kapoor65@yahoo.com
M001565,Esha,Gupta,Female,1961-07-15,64,Mangaluru,Individual,2024-04-23,8727121459,esha.gupta67@gmail.com
M001566,Rohan,Desai,Male,1957-11-17,68,Kozhikode,Family,2023-08-10,8451854464,rohan.desai6@yahoo.com
M001567,Shweta,Chopra,Female,1968-02-23,57,Coimbatore,Family,2024-11-05,8439275979,shweta.chopra95@outlook.com
M001568,Ishaan,Desai,Male,1969-09-07,56,Bengaluru,Family,2024-03-13,8807796199,ishaan.desai21@yahoo.com
M001569,Neha,Rao,Female,1975-12-15,50,Mysuru,Individual,2023-04-10,8527496362,neha.rao83@gmail.com
M001570,Sanjay,Desai,Male,1975-06-29,50,Gurugram,Corporate,2020-08-06,8864391752,sanjay.desai98@yahoo.com
M001571,Priyal,Tiwari,Female,1996-09-08,29,Bengaluru,Individual,2021-01-16,8920908997,priyal.tiwari61@yahoo.com
M001572,Rahul,Joshi,Male,1980-09-28,45,Kozhikode,Individual,2023-12-17,8256731579,rahul.joshi9@yahoo.com
M001573,Kabir,Choudhary,Male,1987-09-16,38,Thiruvananthapuram,Family,2021-06-15,8739393473,kabir.choudhary94@gmail.com
M001574,Esha,Pandey,Female,1971-01-10,54,Pune,Individual,2021-02-14,8788048131,esha.pandey12@gmail.com
M001575,Nikhil,Reddy,Male,1975-01-14,50,Kozhikode,Individual,2023-10-31,8473822525,nikhil.reddy70@gmail.com
M001576,Anjali,Kulkarni,Female,1999-10-22,26,Mumbai,Family,2025-03-08,8887266591,anjali.kulkarni24@gmail.com
M001577,Arvind,Kapoor,Male,1985-09-02,40,Coimbatore,Family,2024-09-04,8711163075,arvind.kapoor78@yahoo.com
M001578,Kirti,Patel,Female,1961-03-30,64,Vijayawada,Family,2023-07-19,8981345668,kirti.patel81@yahoo.com
M001579,Shaurya,Mishra,Male,2005-04-22,20,Coimbatore,Individual,2023-11-21,8230319853,shaurya.mishra43@yahoo.com
M001580,Rahul,Desai,Male,1982-10-28,43,Chennai,Individual,2021-05-21,8334106714,rahul.desai8@outlook.com
M001581,Aditya,Agarwal,Male,1983-12-10,42,Kozhikode,Individual,2021-09-13,8765044001,aditya.agarwal78@outlook.com
M001582,Shaurya,Khanna,Male,1960-05-23,65,Visakhapatnam,Corporate,2020-02-12,8287538139,shaurya.khanna88@gmail.com
M001583,Esha,Reddy,Female,1997-12-03,28,Bengaluru,Family,2020-05-21,8739627486,esha.reddy81@outlook.com
M001584,Riya,Khanna,Male,1976-03-25,49,Bengaluru,Individual,2023-09-08,8010687086,riya.khanna41@gmail.com
M001585,Tanvi,Bhatia,Female,1958-06-05,67,Visakhapatnam,Family,2020-10-18,8618670514,tanvi.bhatia9@gmail.com
M001586,Ankit,Mishra,Male,2002-04-05,23,Visakhapatnam,Family,2022-10-02,8164581973,ankit.mishra6@outlook.com
M001587,Meghna,Khanna,Female,1962-04-22,63,Visakhapatnam,Corporate,2023-05-02,8290894518,meghna.khanna72@outlook.com
M001588,Nikhil,Khanna,Male,1980-06-13,45,Kochi,Individual,2021-10-17,8583009993,nikhil.khanna97@outlook.com
M001589,Kirti,Joshi,F,1971-04-20,54,Bengaluru,Family,2021-04-21,8197064325,kirti.joshi88@gmail.com
M001590,Nikhil,Sharma,Male,2000-11-09,25,Mumbai,Individual,2023-03-08,8601281685,nikhil.sharma70@yahoo.com
M001591,Meghna,Mehta,Female,1978-06-10,47,Hyderabad,Individual,2023-01-01,8166102810,meghna.mehta60@gmail.com
M001592,Bhavna,Kulkarni,Female,1965-10-31,60,Ahmedabad,Individual,2021-10-30,8374661544,bhavna.kulkarni94@outlook.com
M001593,Neha,Malhotra,Female,1973-01-22,52,Pune,Individual,2024-06-16,8193650920,neha.malhotra77@gmail.com
M001594,Meghna,Bansal,Female,1971-09-22,54,Hyderabad,Individual,2024-01-27,8596172383,meghna.bansal81@yahoo.com
M001595,Esha,Ahluwalia,Female,1965-03-29,60,Mumbai,Individual,2023-12-10,8759388579,esha.ahluwalia71@yahoo.com
M001596,Sanjay,Kulkarni,Male,1973-07-11,52,Bengaluru,Corporate,2021-11-08,8393592033,sanjay.kulkarni2@outlook.com
M001597,Siddharth,Pandey,Male,2005-10-27,20,Mysuru,Individual,2020-01-01,8242387588,siddharth.pandey83@gmail.com
M001598,Garima,Bansal,Female,1983-06-23,42,Madurai,Individual,2021-08-15,8052977070,garima.bansal77@outlook.com
M001599,Ishaan,Shah,Male,1957-12-17,68,Kozhikode,Individual,2024-08-15,8640189578,ishaan.shah18@yahoo.com
M001600,Isha,Mishra,Female,2004-10-12,21,Kozhikode,Corporate,2025-09-14,8237453302,isha.mishra27@gmail.com
M001601,Esha,Reddy,Female,1986-03-12,39,Bengaluru,Family,2021-02-03,8827877016,esha.reddy86@yahoo.com
M001602,Amit,Nair,Male,1957-02-09,68,Vijayawada,Corporate,2022-02-03,8376877762,amit.nair63@yahoo.com
M001603,Ritu,Menon,Female,1973-06-23,52,Gurugram,Corporate,2023-03-12,8186077489,ritu.menon71@outlook.com
M001604,Ritu,Menon,Female,1969-05-02,56,Mumbai,Corporate,2020-11-12,8225756929,ritu.menon98@outlook.com
M001605,Juhi,Gupta,Female,1977-04-22,48,Hyderabad,Family,2024-07-24,8982693321,juhi.gupta63@gmail.com
M001606,Nidhi,Agarwal,Female,1974-10-08,51,Thiruvananthapuram,Individual,2023-11-21,8177629805,nidhi.agarwal16@outlook.com
M001607,Sanjay,Menon,Male,1976-02-23,49,Pune,Family,2023-06-04,8041770470,sanjay.menon97@gmail.com
M001608,Preeti,Malhotra,Female,1957-11-11,68,Pune,Corporate,2025-12-29,8543783316,
M001609,Charu,Chawla,Female,1977-04-11,48,Vijayawada,Individual,2025-07-23,8409272164,charu.chawla52@gmail.com
M001610,Esha,Agarwal,Female,1984-05-20,41,Gurugram,Individual,2021-03-15,8661133138,esha.agarwal91@gmail.com
M001611,Riya,Bhatia,Female,1975-11-24,50,Vijayawada,Individual,2022-04-19,8072204554,riya.bhatia31@outlook.com
M001612,Vihaan,Patel,Male,1979-04-15,46,Mangaluru,Corporate,2023-03-09,8847592095,vihaanpatelgmail.com
M001613,Juhi,Sharma,Female,1958-11-04,67,Mumbai,Individual,2021-07-06,8533101394,juhi.sharma66@gmail.com
M001614,Preeti,Gupta,Female,1959-05-04,66,Kozhikode,Individual,2024-05-20,8011484217,preeti.gupta97@yahoo.com
M001615,Arvind,Chopra,Male,1967-08-24,58,Chennai,Corporate,2021-03-06,8699081403,arvind.chopra96@gmail.com
M001616,Rajat,Saxena,Male,1978-01-11,47,Kozhikode,Individual,2020-07-01,8034489623,rajat.saxena86@gmail.com
M001617,Rohit,Verma,Male,1957-02-11,68,Kochi,Corporate,2024-06-01,8142422040,rohit.verma46@gmail.com
M001618,Vikram,Pandey,Male,1980-10-23,45,Visakhapatnam,Individual,2022-12-04,8566489417,vikram.pandey38@yahoo.com
M001619,Amit,Khanna,Male,1966-07-20,59,Hyderabad,Individual,2025-10-09,8655702518,amit.khanna3@gmail.com
M001620,Rohan,Mehta,Male,1978-11-27,47,Mangaluru,Family,2023-11-05,8067918258,rohan.mehta34@yahoo.com
M001621,Priyal,Choudhary,Male,1991-06-16,34,Delhi,Family,2021-08-14,8904070304,priyal.choudhary99@yahoo.com
M001622,Vikram,Rao,Male,1957-09-02,68,Bengaluru,Family,2021-01-26,8774074879,vikram.rao74@gmail.com
M001623,Vihaan,Saxena,F,2004-04-16,21,Mysuru,Family,2021-10-14,8074097092,vihaan.saxena92@gmail.com
M001624,Kirti,Verma,F,1994-02-05,31,Delhi,Family,2025-02-07,8214946138,kirti.verma2@yahoo.com
M001625,Rohit,Nair,Male,1955-01-27,70,Warangal,Individual,2024-11-07,8400303006,rohit.nair56@outlook.com
M001626,Ojasvi,Menon,Female,1972-03-26,53,Mumbai,Corporate,2021-08-04,8274952866,ojasvi.menon30@gmail.com
M001627,Garima,Nair,Female,1993-05-12,32,Coimbatore,Individual,2023-05-27,8376119087,
M001628,Meghna,Khanna,Female,2001-05-07,24,Delhi,Corporate,2021-05-07,8228431432,meghna.khanna68@yahoo.com
M001629,Preeti,Ahluwalia,Female,2003-08-13,22,Coimbatore,Individual,2021-11-27,8670243322,preeti.ahluwalia56@yahoo.com
M001630,Neha,Rao,Female,1993-12-14,32,Kochi,Individual,2022-01-10,8847162173,neha.rao77@outlook.com
M001631,Ishaan,Joshi,Male,1979-07-13,46,Delhi,Family,2022-04-04,8764263767,ishaanjoshigmail.com
M001632,Karan,Rao,Male,1986-07-11,39,Vijayawada,Corporate,2020-09-24,8677624386,karan.rao35@outlook.com
M001633,Manish,Chopra,Male,1959-04-15,66,Visakhapatnam,Individual,2023-02-25,8232369013,manish.chopra55@outlook.com
M001634,Kavita,Ahluwalia,Female,1976-11-19,49,Mangaluru,Corporate,2023-02-04,8083519441,kavita.ahluwalia12@yahoo.com
M001635,Nikhil,Bhatia,Male,1971-05-31,54,Chennai,Family,2020-05-22,8546993887,nikhil.bhatia29@outlook.com
M001636,Diya,Reddy,Female,1981-02-01,44,Chennai,Individual,2020-04-27,8856400823,diya.reddy58@gmail.com
M001637,Rajat,Joshi,Male,1958-05-11,67,Warangal,Individual,2024-10-22,8575428217,rajat.joshi86@gmail.com
M001638,Isha,Ahluwalia,Female,1999-11-30,26,Coimbatore,Corporate,2020-02-17,8278474982,isha.ahluwalia50@outlook.com
M001639,Arvind,Joshi,Female,1984-07-24,41,Mumbai,Corporate,2020-06-04,8091329615,arvind.joshi67@gmail.com
M001640,Bhavna,Mehta,Female,1967-05-21,58,Kochi,Individual,2024-12-24,8059420308,
M001641,Vikram,Kulkarni,Male,1993-08-15,32,Chennai,Family,2021-05-28,8262513680,vikram.kulkarni39@yahoo.com
M001642,Neha,Mehta,Female,1955-10-27,70,Mumbai,Individual,2021-05-22,8641946146,neha.mehta82@outlook.com
M001643,Meghna,Patel,Female,2003-05-04,22,Ahmedabad,Individual,2023-06-27,8019072919,meghnapatelgmail.com
M001644,Aryan,Iyer,Male,1986-05-12,39,Mangaluru,Individual,2023-10-31,8633670966,aryan.iyer71@outlook.com
M001645,Vikram,Nair,Male,1991-07-23,34,Madurai,Individual,2020-06-19,8001184205,vikram.nair87@outlook.com
M001646,Nidhi,Chopra,Female,1955-06-14,70,Delhi,Individual,2022-07-08,8016686968,nidhi.chopra27@gmail.com
M001647,Yash,Gupta,Male,2002-01-08,23,Visakhapatnam,Individual,2022-06-18,8255380910,yash.gupta54@gmail.com
M001648,Rohan,Bhatia,Male,1968-07-14,57,Kozhikode,Corporate,2024-12-15,8310116955,rohan.bhatia43@gmail.com
M001649,Nisha,Gupta,Female,1957-10-31,68,Kochi,Individual,2020-07-04,8204821225,nisha.gupta75@yahoo.com
M001650,Riya,Sharma,Female,1996-10-24,29,Hyderabad,Individual,2022-04-29,8809927438,riya.sharma21@gmail.com
M001651,Kirti,Shah,Female,1956-09-14,69,Visakhapatnam,Individual,2023-06-23,8752198474,kirti.shah47@gmail.com
M001652,Kavita,Reddy,Female,1956-11-09,69,Chennai,Individual,2020-09-23,8982913548,kavita.reddy30@yahoo.com
M001653,Ojasvi,Patel,Female,1964-01-16,61,Hyderabad,Family,2025-06-20,8504105168,ojasvi.patel39@outlook.com
M001654,Kirti,Khanna,Female,1985-03-05,40,Bengaluru,Family,2022-10-21,8415446690,kirti.khanna17@yahoo.com
M001655,Sanjay,Ahluwalia,Male,2002-10-19,23,Pune,Corporate,2024-01-28,8586176563,sanjay.ahluwalia66@gmail.com
M001656,Gaurav,Tiwari,Male,2003-05-13,22,Ahmedabad,Corporate,2020-03-02,8713465275,gaurav.tiwari42@outlook.com
M001657,Juhi,Agarwal,Female,1996-07-26,29,Warangal,Individual,2025-11-11,8523198341,juhi.agarwal68@outlook.com
M001658,Garima,Chawla,Female,1958-08-29,67,Pune,Corporate,2020-08-01,8254127046,garima.chawla97@outlook.com
M001659,Saurabh,Nair,Male,1956-05-01,69,Gurugram,Family,2021-07-28,8029246868,saurabh.nair97@yahoo.com
M001660,Mansi,Nair,Female,1999-01-24,26,Visakhapatnam,Family,2023-06-20,8820776148,mansi.nair46@outlook.com
M001661,Sameer,Joshi,Male,2002-11-01,23,Hyderabad,Family,2025-07-01,8747899500,sameer.joshi82@outlook.com
M001662,Shaurya,Joshi,Male,1964-07-05,61,Coimbatore,Corporate,2022-03-08,8865944197,shaurya.joshi98@gmail.com
M001663,Diya,Chopra,Female,1998-06-27,27,Vijayawada,Individual,2021-04-19,8047326991,diya.chopra60@gmail.com
M001664,Karan,Mehta,Male,1997-12-06,28,Thiruvananthapuram,Corporate,2021-10-08,8093308452,karan.mehta74@outlook.com
M001665,Saurabh,Menon,Male,1991-11-25,34,Thiruvananthapuram,Family,2021-11-22,8058770782,saurabh.menon59@outlook.com
M001666,Rahul,Iyer,Male,1985-02-20,40,Pune,Corporate,2020-07-09,8828066780,rahul.iyer47@yahoo.com
M001667,Yash,Saxena,F,1975-01-29,50,Mumbai,Corporate,2021-01-06,8352311632,yash.saxena27@yahoo.com
M001668,Karan,Bhatia,Male,1962-01-08,63,Gurugram,Family,2020-03-30,8231633770,karan.bhatia97@yahoo.com
M001669,Priyal,Sharma,Female,1955-08-11,70,Pune,Family,2023-05-30,8058932390,priyal.sharma85@yahoo.com
M001670,Vihaan,Bansal,Male,1980-11-30,45,Mumbai,Individual,2021-09-03,8890840623,vihaan.bansal23@outlook.com
M001671,Preeti,Kulkarni,Female,1961-11-29,64,Vijayawada,Individual,2025-05-14,8077854519,preeti.kulkarni54@gmail.com
M001672,Nisha,Iyer,Female,1988-01-13,37,Visakhapatnam,Individual,2024-04-11,8544279434,nisha.iyer23@outlook.com
M001673,Kirti,Desai,Female,1985-07-26,40,Kochi,Corporate,2024-07-05,8259541628,kirti.desai7@yahoo.com
M001674,Karan,Patel,Male,1957-09-12,68,Pune,Individual,2025-01-02,8781691741,karanpatelgmail.com
M001675,Mansi,Chopra,Female,1994-03-15,31,Delhi,Corporate,2024-06-22,8737645059,mansi.chopra29@gmail.com
M001676,Swati,Rao,Female,1959-07-05,66,Ahmedabad,Corporate,2022-04-23,8590289996,swati.rao25@outlook.com
M001677,Rohan,Kapoor,Male,1994-12-29,31,Mangaluru,Corporate,2021-11-05,8263410218,rohan.kapoor24@gmail.com
M001678,Kirti,Menon,Female,1986-08-30,39,Thiruvananthapuram,Individual,2020-10-04,8568732612,kirti.menon40@yahoo.com
M001679,Arvind,Malhotra,Male,1960-12-13,65,Kochi,Corporate,2020-07-20,8420668888,arvind.malhotra74@yahoo.com
M001680,Amit,Saxena,Male,1967-02-06,58,Ahmedabad,Individual,2025-08-21,8201789078,amit.saxena8@outlook.com
M001681,Vikram,Shah,Male,1993-04-27,32,Bengaluru,Individual,2025-11-22,8706257203,vikram.shah34@yahoo.com
M001682,Karan,Nair,Male,1989-11-04,36,Kozhikode,Family,2020-05-12,8626071544,karan.nair16@outlook.com
M001683,Gaurav,Kapoor,Male,1978-05-31,47,Ahmedabad,Individual,2020-02-27,8897949227,gaurav.kapoor92@outlook.com
M001684,Yash,Khanna,Male,1973-09-27,52,Mumbai,Individual,2020-12-02,8728937531,yash.khanna37@yahoo.com
M001685,Aditya,Agarwal,Male,1983-08-10,42,Visakhapatnam,Individual,2024-09-26,8491537868,aditya.agarwal35@gmail.com
M001686,Siddharth,Bhatia,Male,1985-11-06,40,Mangaluru,Individual,2021-05-29,8629602804,siddharth.bhatia38@yahoo.com
M001687,Diya,Tiwari,Female,1965-11-14,60,Mangaluru,Corporate,2020-07-01,8710492221,diya.tiwari28@outlook.com
M001688,Shweta,Saxena,Female,1973-02-07,52,Chennai,Family,2024-04-04,8194675282,shweta.saxena11@gmail.com
M001689,Tushar,Reddy,Male,2000-09-18,25,Visakhapatnam,Individual,2023-12-12,8296778978,tushar.reddy17@gmail.com
M001690,Diya,Kulkarni,Female,1983-07-21,42,Vijayawada,Corporate,2025-12-17,8889609719,diya.kulkarni69@outlook.com
M001691,Tushar,Khanna,Male,1995-11-12,30,Visakhapatnam,Family,2025-03-25,8995640965,tushar.khanna2@outlook.com
M001692,Meghna,Menon,Female,1984-01-29,41,Coimbatore,Family,2022-10-10,8501991083,meghna.menon33@yahoo.com
M001693,Meghna,Malhotra,Female,1964-01-28,61,Delhi,Family,2020-12-22,8719053563,
M001694,Bhavna,Nair,Female,1994-09-08,31,Warangal,Family,2023-07-08,8277276119,bhavna.nair4@outlook.com
M001695,Sanjay,Saxena,Male,1983-06-01,42,Madurai,Individual,2022-06-11,8990622758,sanjay.saxena96@gmail.com
M001696,Karan,Sharma,Male,1968-07-31,57,Mumbai,Family,2024-09-27,8294684549,karan.sharma83@gmail.com
M001697,Sanya,Agarwal,Female,2004-09-27,21,Kochi,Corporate,2020-01-17,8474333508,sanya.agarwal17@outlook.com
M001698,Tanvi,Mehta,Female,1981-05-16,44,Thiruvananthapuram,Family,2020-06-07,8944145409,tanvi.mehta5@gmail.com
M001699,Rakesh,Agarwal,Male,1967-03-01,58,Ahmedabad,Individual,2022-07-23,8030440057,rakesh.agarwal84@gmail.com
M001700,Ojasvi,Verma,Male,2004-08-09,21,Kochi,Family,2021-09-01,8847565707,ojasvi.verma34@gmail.com
M001701,Ritu,Agarwal,Female,1968-02-17,57,Kozhikode,Individual,2020-04-29,8433448141,ritu.agarwal73@outlook.com
M001702,Arvind,Reddy,Male,1989-09-17,36,Ahmedabad,Individual,2024-04-14,8897103824,arvind.reddy51@outlook.com
M001703,Vihaan,Chawla,Male,1959-04-20,66,Thiruvananthapuram,Individual,2021-01-14,8626408553,vihaan.chawla33@yahoo.com
M001704,Nikhil,Nair,Male,1956-05-22,69,Delhi,Individual,2022-11-25,8433325156,nikhil.nair2@outlook.com
M001705,Gaurav,Sharma,Male,1962-10-24,63,Visakhapatnam,Corporate,2020-10-07,8381783193,gaurav.sharma40@gmail.com
M001706,Sameer,Rao,Male,1970-02-17,55,Chennai,Corporate,2025-01-09,8061760644,sameer.rao70@gmail.com
M001707,Diya,Verma,Female,2005-05-11,20,Warangal,Corporate,2024-02-23,8518031107,diya.verma5@gmail.com
M001708,Tanvi,Shah,Female,2002-07-25,23,Kozhikode,Family,2025-11-27,8936664000,tanvi.shah19@gmail.com
M001709,Bhavna,Chawla,Female,1974-02-11,51,Visakhapatnam,Family,2024-06-30,8931676101,bhavna.chawla58@gmail.com
M001710,Juhi,Bhatia,Female,1957-09-01,68,Gurugram,Corporate,2021-01-06,8883251354,juhi.bhatia70@gmail.com
M001711,Neha,Rao,Female,1958-04-26,67,Mumbai,Individual,2022-07-31,8004425678,neha.rao60@outlook.com
M001712,Pooja,Bansal,Female,1995-05-04,30,Kochi,Family,2024-04-17,8301293628,
M001713,Vihaan,Sharma,Male,1964-07-08,61,Coimbatore,Individual,2021-05-16,8477711713,vihaan.sharma68@gmail.com
M001714,Tushar,Bhatia,Male,1960-05-27,65,Madurai,Individual,2020-10-24,8570120844,tushar.bhatia91@gmail.com
M001715,Vivek,Malhotra,Male,1957-09-18,68,Warangal,Corporate,2025-01-12,8984972900,vivek.malhotra53@gmail.com
M001716,Isha,Mehta,Female,1975-11-05,50,Vijayawada,Individual,2022-08-07,8721671137,isha.mehta73@gmail.com
M001717,Shweta,Rao,Female,1994-07-30,31,Mysuru,Family,2024-12-18,8861414496,shweta.rao83@yahoo.com
M001718,Dev,Ahluwalia,Male,1990-11-12,35,Vijayawada,Individual,2025-02-12,8657458734,dev.ahluwalia42@outlook.com
M001719,Aditi,Rao,Female,1965-09-26,60,Kozhikode,Family,2021-05-04,8172962397,aditi.rao33@yahoo.com
M001720,Siddharth,Tiwari,Male,1978-08-30,47,Bengaluru,Corporate,2021-04-21,8150082390,siddharth.tiwari28@outlook.com
M001721,Charu,Verma,Female,1958-07-28,67,Hyderabad,Individual,2020-04-10,8964805200,charu.verma12@yahoo.com
M001722,Manish,Ahluwalia,Male,1972-08-24,53,Coimbatore,Corporate,2021-08-30,8283570893,manish.ahluwalia89@gmail.com
M001723,Yash,Saxena,Male,1977-12-16,48,Warangal,Family,2025-08-02,8984927482,yash.saxena9@gmail.com
M001724,Ankit,Chawla,Male,1997-03-28,28,Mangaluru,Corporate,2025-09-20,8593319165,ankit.chawla31@yahoo.com
M001725,Falguni,Reddy,Female,1991-05-14,34,Chennai,Individual,2023-06-07,8175180178,falguni.reddy71@gmail.com
M001726,Anjali,Khanna,Female,1993-12-22,32,Bengaluru,Individual,2022-08-16,8639037451,anjali.khanna3@yahoo.com
M001727,Riya,Kulkarni,Female,1970-01-25,55,Visakhapatnam,Individual,2021-07-18,8212799126,riya.kulkarni27@gmail.com
M001728,Nidhi,Choudhary,Female,2003-03-08,22,Gurugram,Corporate,2024-04-27,8721139168,nidhi.choudhary87@gmail.com
M001729,Rahul,Desai,Male,1970-03-27,55,Coimbatore,Corporate,2025-05-23,8723590033,rahul.desai7@yahoo.com
M001730,Ankit,Desai,Male,1957-05-15,68,Vijayawada,Individual,2020-08-19,8791589720,ankit.desai90@yahoo.com
M001731,Rohan,Agarwal,M,1976-11-15,49,Vijayawada,Family,2022-12-24,8809860549,rohan.agarwal82@gmail.com
M001732,Manish,Chopra,Male,1994-10-27,31,Mumbai,Family,2025-11-29,8649179842,manishchopragmail.com
M001733,Dev,Desai,Male,1967-08-02,58,Kozhikode,Individual,2022-12-13,8880131788,dev.desai51@gmail.com
M001734,Saurabh,Tiwari,Male,1972-09-17,53,Delhi,Family,2022-08-18,8606360165,saurabh.tiwari7@yahoo.com
M001735,Rajat,Desai,Male,1999-04-04,26,Hyderabad,Corporate,2023-08-16,8999365171,rajat.desai87@gmail.com
M001736,Sanya,Mishra,Female,1997-10-14,28,Coimbatore,Individual,2022-11-04,8721492438,sanya.mishra87@gmail.com
M001737,Riya,Mishra,Female,1981-06-16,44,Hyderabad,Individual,2025-03-19,8009372123,riya.mishra36@outlook.com
M001738,Nidhi,Iyer,Female,1985-01-20,40,Kochi,Family,2023-03-30,8660460011,nidhi.iyer8@yahoo.com
M001739,Ritu,Chawla,Female,1976-07-06,49,Mangaluru,Corporate,2022-08-04,8392565167,ritu.chawla55@outlook.com
M001740,Charu,Reddy,Female,1975-08-17,50,Gurugram,Family,2025-11-17,8597524338,
M001741,Sneha,Joshi,Female,1980-09-07,45,Visakhapatnam,Family,2021-10-06,8977252078,sneha.joshi71@yahoo.com
M001742,Rajat,Desai,M,1979-10-14,46,Pune,Individual,2022-06-30,8406473418,rajat.desai5@outlook.com
M001743,Diya,Ahluwalia,Female,1968-04-17,57,Hyderabad,Family,2021-11-09,8745708132,diya.ahluwalia5@outlook.com
M001744,Rohan,Bansal,Male,1967-10-07,58,Delhi,Family,2024-02-19,8549435011,rohan.bansal96@outlook.com
M001745,Shaurya,Ahluwalia,Male,1964-08-06,61,Ahmedabad,Family,2023-03-03,8450413856,shaurya.ahluwalia78@yahoo.com
M001746,Ojasvi,Menon,Female,1974-02-24,51,Kochi,Family,2021-03-02,8425126565,ojasvi.menon26@gmail.com
M001747,Kirti,Gupta,Female,1969-01-14,56,Ahmedabad,Family,2022-11-02,8098204815,kirti.gupta76@yahoo.com
M001748,Esha,Mishra,Female,1961-04-02,64,Mumbai,Corporate,2023-11-21,8966853377,esha.mishra9@outlook.com
M001749,Rohan,Desai,Male,1995-10-23,30,Visakhapatnam,Corporate,2022-12-17,8237354834,rohan.desai44@yahoo.com
M001750,Isha,Chopra,Female,1955-04-16,70,Warangal,Individual,2024-03-08,8702322510,isha.chopra2@outlook.com
M001751,Pooja,Patel,Female,1968-12-10,57,Coimbatore,Corporate,2020-07-11,8724230341,pooja.patel24@outlook.com
M001752,Sanya,Pandey,Female,1968-07-31,57,Thiruvananthapuram,Individual,2022-03-02,8406980761,sanya.pandey36@yahoo.com
M001753,Sneha,Sharma,Female,1987-06-29,38,Chennai,Individual,2024-08-04,8623696340,sneha.sharma84@outlook.com
M001754,Kirti,Malhotra,Female,1962-05-23,63,Mumbai,Individual,2020-02-14,8905265066,kirti.malhotra98@gmail.com
M001755,Anjali,Chopra,Female,1979-01-29,46,Delhi,Family,2021-08-05,8607597093,anjali.chopra37@outlook.com
M001756,Ojasvi,Verma,Female,1977-01-07,48,Mysuru,Individual,2023-08-28,8774179677,ojasvi.verma96@yahoo.com
M001757,Aditya,Kulkarni,Male,1973-06-09,52,Delhi,Individual,2024-09-16,8000451380,aditya.kulkarni61@gmail.com
M001758,Priyal,Bhatia,Female,1970-01-29,55,Vijayawada,Individual,2023-04-07,8530893937,priyal.bhatia89@yahoo.com
M001759,Rohit,Nair,Male,1993-02-12,32,Vijayawada,Individual,2023-07-16,8836208385,rohit.nair15@outlook.com
M001760,Preeti,Iyer,Female,1961-06-29,64,Kozhikode,Individual,2024-06-11,8035770326,preeti.iyer82@gmail.com
M001761,Swati,Kulkarni,Female,1993-02-28,32,Kochi,Corporate,2021-08-22,8910306415,swatikulkarnigmail.com
M001762,Kabir,Kulkarni,Male,1960-01-13,65,Chennai,Individual,2022-07-17,8879133298,kabir.kulkarni22@outlook.com
M001763,Vivek,Kapoor,Male,1993-09-21,32,Thiruvananthapuram,Individual,2025-05-10,8644530026,vivek.kapoor20@yahoo.com
M001764,Rohan,Patel,Male,1958-11-29,67,Delhi,Family,2025-11-20,8886674397,rohan.patel54@yahoo.com
M001765,Swati,Tiwari,Female,1967-10-26,58,Ahmedabad,Individual,2025-01-06,8027733125,swati.tiwari79@outlook.com
M001766,Juhi,Pandey,Female,1998-11-19,27,Thiruvananthapuram,Corporate,2022-08-01,8095549792,juhi.pandey55@gmail.com
M001767,Rakesh,Malhotra,Male,1955-08-14,70,Mumbai,Corporate,2021-02-01,8127433357,rakesh.malhotra7@outlook.com
M001768,Tushar,Khanna,Male,1986-03-01,39,Vijayawada,Corporate,2022-10-03,8973906050,tushar.khanna12@gmail.com
M001769,Swati,Nair,Female,1958-09-08,67,Kochi,Individual,2020-04-19,8711056452,swati.nair15@gmail.com
M001770,Bhavna,Kapoor,Female,1970-11-09,55,Delhi,Individual,2020-02-01,8046681894,bhavna.kapoor90@outlook.com
M001771,Aditi,Pandey,Female,1980-05-25,45,Ahmedabad,Corporate,2021-01-22,8616508609,aditi.pandey12@outlook.com
M001772,Ritu,Patel,Female,1963-06-01,62,Mangaluru,Individual,2024-08-23,8106617772,ritu.patel24@outlook.com
M001773,Mansi,Agarwal,Male,1976-10-19,49,Ahmedabad,Corporate,2024-06-22,8864190038,mansiagarwal@@gmail.com
M001774,Arvind,Mishra,Female,1969-10-18,56,Pune,Individual,2025-07-06,8020948662,arvindmishra@@gmail.com
M001775,Aditya,Patel,Male,1986-05-24,39,Kochi,Family,2023-11-21,8402482644,aditya.patel91@gmail.com
M001776,Swati,Gupta,Female,1978-06-15,47,Vijayawada,Family,2023-08-14,8568669190,swati.gupta86@outlook.com
M001777,Swati,Ahluwalia,Female,1989-01-02,36,Gurugram,Individual,2020-09-18,8077955745,swati.ahluwalia30@outlook.com
M001778,Kirti,Chopra,Female,1956-10-17,69,Kozhikode,Corporate,2025-04-17,8346704643,kirti.chopra17@outlook.com
M001779,Yash,Khanna,Male,1987-12-10,38,Delhi,Individual,2024-02-24,8350988710,yash.khanna33@gmail.com
M001780,Nikhil,Joshi,Male,1972-12-08,53,Vijayawada,Family,2021-11-06,8699466144,nikhil.joshi15@outlook.com
M001781,Sanjay,Ahluwalia,Male,1998-12-30,27,Delhi,Individual,2023-10-06,8846307653,sanjay.ahluwalia46@yahoo.com
M001782,Anjali,Bansal,Female,1990-08-22,35,Mangaluru,Family,2025-01-14,8793629949,anjali.bansal33@yahoo.com
M001783,Yash,Choudhary,Male,1975-12-01,50,Mumbai,Corporate,2025-12-28,8179750468,yash.choudhary61@gmail.com
M001784,Arvind,Rao,Male,1993-05-22,32,Mangaluru,Corporate,2022-11-04,8069982521,arvind.rao80@yahoo.com
M001785,Kabir,Mehta,Male,1974-01-23,51,Mumbai,Family,2023-04-30,8058609008,kabir.mehta80@gmail.com
M001786,Ritu,Kapoor,Female,2001-06-25,24,Chennai,Individual,2025-08-04,8236184511,ritu.kapoor18@outlook.com
M001787,Meghna,Patel,Female,1980-07-17,45,Ahmedabad,Family,2020-10-15,8756574567,meghna.patel82@outlook.com
M001788,Diya,Mehta,Female,1968-01-03,57,Gurugram,Individual,2025-02-11,8780779232,diya.mehta13@outlook.com
M001789,Anjali,Menon,Female,2001-12-27,24,Hyderabad,Corporate,2020-08-23,8366497037,anjalimenongmail.com
M001790,Riya,Desai,Female,1989-12-23,36,Gurugram,Corporate,2022-04-08,8240704676,riyadesaigmail.com
M001791,Shweta,Bansal,Female,1976-06-01,49,Madurai,Corporate,2024-02-23,8516793856,shweta.bansal70@gmail.com
M001792,Nikhil,Kapoor,Male,1957-05-20,68,Delhi,Individual,2023-10-30,8557506558,nikhil.kapoor17@outlook.com
M001793,Vivek,Pandey,Male,1971-03-12,54,Thiruvananthapuram,Family,2024-01-25,8549935790,vivek.pandey33@outlook.com
M001794,Rahul,Joshi,Male,2000-02-07,25,Delhi,Individual,2020-11-26,8395652405,rahul.joshi28@gmail.com
M001795,Manish,Iyer,Female,1958-08-14,67,Hyderabad,Individual,2022-06-19,8612310202,manish.iyer33@yahoo.com
M001796,Esha,Verma,Female,1966-06-23,59,Thiruvananthapuram,Individual,2021-09-22,8302355558,esha.verma10@gmail.com
M001797,Vikram,Chawla,Male,2002-10-30,23,Kochi,Individual,2024-06-14,8604011386,vikram.chawla35@outlook.com
M001798,Ankit,Chopra,Male,1981-05-02,44,Visakhapatnam,Individual,2025-09-03,8912289122,ankit.chopra52@gmail.com
M001799,Vivek,Agarwal,Male,1982-08-23,43,Pune,Family,2021-06-13,8012620578,vivek.agarwal62@yahoo.com
M001800,Charu,Chopra,Female,1990-01-09,35,Bengaluru,Individual,2024-07-19,8616408001,charu.chopra11@gmail.com
M001801,Shweta,Pandey,F,2000-08-16,25,Gurugram,Family,2020-05-27,8997606205,shweta.pandey50@gmail.com
M001802,Vikram,Pandey,Male,1986-03-15,39,Ahmedabad,Individual,2023-12-30,8426768059,vikram.pandey8@outlook.com
M001803,Diya,Saxena,Female,1969-08-28,56,Vijayawada,Corporate,2021-09-06,8019332475,diya.saxena41@gmail.com
M001804,Vikram,Ahluwalia,Male,1989-10-11,36,Madurai,Individual,2020-06-26,8122068205,vikram.ahluwalia17@yahoo.com
M001805,Gaurav,Desai,Male,1961-09-09,64,Madurai,Individual,2025-04-09,8621116622,gaurav.desai53@outlook.com
M001806,Rahul,Shah,Male,1968-04-18,57,Vijayawada,Family,2020-05-12,8140067690,
M001807,Tanvi,Chopra,Female,1987-06-01,38,Mumbai,Corporate,2025-11-12,8381180651,tanvi.chopra67@yahoo.com
M001808,Riya,Malhotra,Female,1997-04-11,28,Thiruvananthapuram,Family,2022-06-19,8325744269,
M001809,Diya,Sharma,Female,1960-06-07,65,Vijayawada,Family,2024-04-27,8094784700,diya.sharma44@gmail.com
M001810,Aditi,Bhatia,Male,1979-11-03,46,Visakhapatnam,Individual,2021-05-26,8955200934,aditibhatiagmail.com
M001811,Arvind,Mishra,Male,1977-05-11,48,Vijayawada,Individual,2022-02-01,8757460734,arvind.mishra89@outlook.com
M001812,Ojasvi,Gupta,Female,1966-10-20,59,Coimbatore,Individual,2025-05-08,8884304856,ojasvi.gupta63@gmail.com
M001813,Sanjay,Kulkarni,Male,1992-11-27,33,Vijayawada,Individual,2022-08-12,8085252127,sanjay.kulkarni36@outlook.com
M001814,Amit,Chawla,Male,1982-04-09,43,Bengaluru,Individual,2023-12-02,8772014162,amit.chawla54@gmail.com
M001815,Rohan,Mishra,Male,1959-03-01,66,Kozhikode,Corporate,2021-01-19,8604243069,rohanmishra@@gmail.com
M001816,Tushar,Kapoor,Male,1968-10-24,57,Delhi,Individual,2025-10-17,8693777422,tushar.kapoor51@yahoo.com
M001817,Swati,Verma,Female,1985-06-03,40,Vijayawada,Individual,2024-03-12,8982191451,swati.verma38@yahoo.com
M001818,Tushar,Gupta,Male,1969-12-15,56,Kozhikode,Individual,2021-01-08,8023618789,tushar.gupta77@outlook.com
M001819,Ankit,Saxena,Male,1955-10-06,70,Kochi,Individual,2021-06-03,8425282524,ankit.saxena73@outlook.com
M001820,Juhi,Nair,Female,1981-05-25,44,Mangaluru,Corporate,2023-02-24,8735989918,juhi.nair13@yahoo.com
M001821,Aditya,Gupta,Male,1958-09-17,67,Delhi,Individual,2023-12-13,8569185567,aditya.gupta97@gmail.com
M001822,Rahul,Saxena,Male,1997-08-24,28,Mysuru,Family,2024-03-02,8892494949,rahul.saxena63@gmail.com
M001823,Rajat,Ahluwalia,Male,1977-06-21,48,Vijayawada,Individual,2022-06-04,8436038741,rajat.ahluwalia93@gmail.com
M001824,Esha,Gupta,Female,1996-07-14,29,Thiruvananthapuram,Corporate,2020-05-15,8215361114,esha.gupta5@gmail.com
M001825,Rakesh,Desai,Male,1969-10-31,56,Coimbatore,Family,2021-09-26,8424267892,rakesh.desai78@gmail.com
M001826,Kabir,Malhotra,Male,1959-06-21,66,Coimbatore,Individual,2023-08-02,8170698075,kabir.malhotra91@outlook.com
M001827,Esha,Reddy,Female,2004-09-27,21,Pune,Family,2022-03-11,8512955438,esha.reddy18@gmail.com
M001828,Saurabh,Kapoor,Male,1998-01-06,27,Thiruvananthapuram,Corporate,2022-08-01,8077168189,saurabh.kapoor24@gmail.com
M001829,Nidhi,Iyer,Female,1996-05-17,29,Thiruvananthapuram,Individual,2025-09-27,8500769765,nidhi.iyer22@gmail.com
M001830,Sneha,Sharma,Female,1975-12-05,50,Gurugram,Individual,2021-03-07,8061033418,sneha.sharma76@gmail.com
M001831,Meghna,Saxena,Female,1955-12-02,70,Ahmedabad,Family,2024-09-05,8087435030,meghna.saxena66@outlook.com
M001832,Sameer,Menon,Male,1981-05-12,44,Mangaluru,Individual,2025-11-29,8610492153,sameer.menon64@gmail.com
M001833,Garima,Pandey,Female,1979-09-29,46,Madurai,Individual,2022-03-31,8939525478,garima.pandey98@outlook.com
M001834,Pooja,Pandey,Female,1991-09-15,34,Visakhapatnam,Individual,2025-03-17,8428456323,pooja.pandey63@outlook.com
M001835,Shaurya,Pandey,Male,1992-09-21,33,Madurai,Family,2024-05-12,8620199132,shaurya.pandey33@outlook.com
M001836,Swati,Joshi,Female,1968-12-24,57,Bengaluru,Individual,2023-06-05,8925893727,swati.joshi71@gmail.com
M001837,Swati,Gupta,Female,1988-10-04,37,Warangal,Corporate,2023-04-22,8421626160,swati.gupta26@gmail.com
M001838,Charu,Malhotra,Female,1993-01-30,32,Gurugram,Individual,2025-05-23,8407921068,charu.malhotra9@yahoo.com
M001839,Garima,Desai,Male,1997-08-23,28,Chennai,Corporate,2024-02-02,8594010422,garima.desai58@gmail.com
M001840,Juhi,Chawla,Female,1957-07-30,68,Delhi,Individual,2020-03-23,8301661573,juhi.chawla34@outlook.com
M001841,Nikhil,Saxena,Male,1985-10-11,40,Gurugram,Individual,2021-05-19,8788866753,nikhil.saxena4@gmail.com
M001842,Juhi,Nair,Female,1990-12-27,35,Bengaluru,Family,2022-04-06,8260115904,juhi.nair36@gmail.com
M001843,Priyal,Verma,Female,1972-06-07,53,Delhi,Individual,2020-12-09,8477730145,priyal.verma28@gmail.com
M001844,Swati,Sharma,Female,1985-04-25,40,Bengaluru,Individual,2021-11-05,8096843964,swati.sharma79@yahoo.com
M001845,Vikram,Joshi,Male,1957-05-07,68,Pune,Corporate,2020-07-27,8088048776,vikram.joshi62@outlook.com
M001846,Rohit,Tiwari,Male,1999-04-25,26,Pune,Family,2023-10-30,8847520225,rohit.tiwari10@outlook.com
M001847,Juhi,Kulkarni,Female,1985-04-10,40,Vijayawada,Corporate,2021-01-16,8754874747,juhikulkarni@@gmail.com
M001848,Priyal,Mishra,Female,1955-07-03,70,Bengaluru,Family,2024-04-08,8632696676,priyal.mishra24@gmail.com
M001849,Puneet,Verma,Male,1984-01-14,41,Madurai,Individual,2023-07-25,8799394892,puneet.verma15@yahoo.com
M001850,Tushar,Patel,Male,1964-12-15,61,Bengaluru,Family,2022-03-02,8085102947,tushar.patel32@yahoo.com
M001851,Yash,Patel,Male,1969-12-29,56,Madurai,Individual,2023-08-30,8612676788,yash.patel78@outlook.com
M001852,Garima,Bansal,Female,1969-06-30,56,Warangal,Individual,2025-02-11,8209112509,garima.bansal13@yahoo.com
M001853,Sneha,Bansal,Female,1970-03-10,55,Warangal,Corporate,2024-05-12,8554060617,sneha.bansal85@gmail.com
M001854,Vikram,Khanna,Male,1993-07-08,32,Mumbai,Individual,2023-06-12,8605475809,vikram.khanna22@yahoo.com
M001855,Rohit,Patel,Male,1957-03-14,68,Gurugram,Individual,2022-04-03,8102176924,rohitpatelgmail.com
M001856,Gaurav,Kapoor,Male,1964-09-18,61,Chennai,Family,2023-09-19,8247367140,gaurav.kapoor27@gmail.com
M001857,Nidhi,Rao,Female,1993-10-01,32,Mumbai,Individual,2023-12-02,8668956728,nidhi.rao72@yahoo.com
M001858,Rajat,Agarwal,Male,1987-08-06,38,Pune,Individual,2024-08-20,8092126198,rajat.agarwal24@gmail.com
M001859,Mansi,Mehta,Female,2005-07-09,20,Mangaluru,Individual,2025-08-22,8366052171,
M001860,Rohit,Sharma,Male,1968-06-24,57,Pune,Individual,2023-10-02,8189140647,rohit.sharma83@outlook.com
M001861,Rakesh,Shah,Male,2004-02-26,21,Delhi,Family,2025-06-28,8236534767,rakesh.shah82@outlook.com
M001862,Preeti,Reddy,M,1982-08-14,43,Gurugram,Family,2025-09-22,8013453437,
M001863,Ojasvi,Joshi,Female,1972-06-08,53,Vijayawada,Family,2024-03-25,8639987074,ojasvi.joshi21@outlook.com
M001864,Rohit,Shah,Male,2003-05-16,22,Warangal,Individual,2023-10-22,8232449262,rohit.shah97@gmail.com
M001865,Siddharth,Tiwari,Male,1973-06-22,52,Ahmedabad,Individual,2020-07-14,8515144601,siddharth.tiwari25@yahoo.com
M001866,Rajat,Khanna,Male,1955-08-15,70,Bengaluru,Individual,2022-05-20,8253397231,rajat.khanna93@gmail.com
M001867,Ishaan,Reddy,Male,1984-11-25,41,Warangal,Individual,2025-12-18,8807609140,ishaan.reddy83@gmail.com
M001868,Garima,Chopra,Female,2004-12-02,21,Hyderabad,Family,2025-06-06,8299632597,garima.chopra99@yahoo.com
M001869,Neha,Iyer,Female,1976-09-05,49,Mumbai,Individual,2020-10-01,8603128443,neha.iyer46@yahoo.com
M001870,Charu,Ahluwalia,Female,1986-08-10,39,Ahmedabad,Individual,2024-09-16,8052223763,charu.ahluwalia21@outlook.com
M001871,Bhavna,Menon,Female,1966-01-11,59,Mysuru,Individual,2023-11-22,8167942399,bhavna.menon72@gmail.com
M001872,Kavita,Desai,Female,1970-07-21,55,Ahmedabad,Individual,2024-10-16,8413491493,kavita.desai55@yahoo.com
M001873,Aryan,Joshi,Male,1963-07-20,62,Mysuru,Individual,2024-06-23,8268419996,aryan.joshi50@gmail.com
M001874,Vivek,Joshi,M,1996-05-20,29,Hyderabad,Individual,2024-06-24,8254184693,vivek.joshi37@yahoo.com
M001875,Nidhi,Patel,Female,1969-06-17,56,Hyderabad,Corporate,2024-10-21,8088997439,nidhi.patel95@outlook.com
M001876,Nidhi,Sharma,F,1967-07-05,58,Visakhapatnam,Corporate,2022-03-03,8036107363,nidhi.sharma50@gmail.com
M001877,Riya,Malhotra,Male,1970-03-01,55,Bengaluru,Family,2025-03-30,8578191993,riya.malhotra68@outlook.com
M001878,Dev,Ahluwalia,Male,1984-08-26,41,Madurai,Family,2021-02-03,8606734245,dev.ahluwalia43@yahoo.com
M001879,Charu,Kulkarni,Female,1988-07-23,37,Chennai,Family,2020-01-07,8732561595,charu.kulkarni4@yahoo.com
M001880,Preeti,Bhatia,Female,1981-07-03,44,Bengaluru,Corporate,2023-12-04,8701224003,preeti.bhatia21@gmail.com
M001881,Shaurya,Ahluwalia,Male,1968-10-13,57,Bengaluru,Corporate,2025-10-04,8910795431,shaurya.ahluwalia18@outlook.com
M001882,Nikhil,Patel,Male,1985-09-14,40,Hyderabad,Individual,2024-08-15,8635739751,nikhil.patel99@gmail.com
M001883,Isha,Verma,Female,1990-11-27,35,Ahmedabad,Individual,2024-11-13,8494538346,isha.verma92@yahoo.com
M001884,Sneha,Chawla,Female,1967-12-09,58,Gurugram,Corporate,2022-06-16,8221040729,sneha.chawla93@outlook.com
M001885,Rakesh,Malhotra,Male,2005-07-12,20,Coimbatore,Corporate,2022-10-19,8861313562,rakesh.malhotra22@yahoo.com
M001886,Priyal,Bhatia,Female,1978-03-21,47,Pune,Family,2023-03-17,8815862306,priyal.bhatia81@gmail.com
M001887,Ritu,Choudhary,Female,1973-09-08,52,Pune,Family,2024-06-15,8441061945,rituchoudhary@@gmail.com
M001888,Vivek,Patel,Male,1961-09-18,64,Visakhapatnam,Corporate,2021-03-17,8688117392,vivek.patel92@gmail.com
M001889,Sanjay,Nair,Male,1999-11-23,26,Pune,Corporate,2021-01-18,8274509725,sanjay.nair5@gmail.com
M001890,Karan,Saxena,Male,1961-06-26,64,Coimbatore,Family,2024-08-25,8947583342,karan.saxena33@yahoo.com
M001891,Neha,Saxena,Female,2001-01-16,24,Chennai,Individual,2023-08-19,8793104388,neha.saxena98@gmail.com
M001892,Rahul,Malhotra,Male,2000-11-26,25,Kozhikode,Corporate,2025-06-30,8230140881,rahul.malhotra73@gmail.com
M001893,Sanjay,Kapoor,Male,1967-08-23,58,Chennai,Family,2022-03-25,8546687869,sanjay.kapoor81@outlook.com
M001894,Diya,Iyer,Male,1971-09-25,54,Madurai,Individual,2021-02-05,8281512149,diya.iyer69@gmail.com
M001895,Riya,Iyer,Female,1963-05-14,62,Hyderabad,Corporate,2023-01-31,8477355438,riya.iyer32@yahoo.com
M001896,Kavita,Pandey,Female,1967-10-26,58,Visakhapatnam,Individual,2020-05-19,8643399978,kavita.pandey23@gmail.com
M001897,Ankit,Joshi,Male,1986-10-09,39,Pune,Family,2022-08-06,8425423198,ankit.joshi35@yahoo.com
M001898,Riya,Bansal,Female,1965-07-29,60,Vijayawada,Individual,2025-07-08,8565778288,riya.bansal43@yahoo.com
M001899,Esha,Agarwal,Female,2003-05-19,22,Delhi,Corporate,2025-08-22,8354579984,esha.agarwal78@yahoo.com
M001900,Kavita,Mishra,Female,1994-09-11,31,Hyderabad,Family,2025-09-23,8178992648,kavita.mishra89@outlook.com
M001901,Gaurav,Patel,Male,1977-02-15,48,Warangal,Family,2025-12-15,8817122956,gaurav.patel4@gmail.com
M001902,Sameer,Menon,Male,2000-09-30,25,Madurai,Family,2022-08-29,8106397544,sameer.menon45@yahoo.com
M001903,Sameer,Agarwal,Female,1976-05-21,49,Warangal,Individual,2023-06-06,8452831746,sameer.agarwal68@yahoo.com
M001904,Rohit,Verma,Male,2000-04-03,25,Kochi,Corporate,2020-07-30,8054304963,rohit.verma62@yahoo.com
M001905,Sneha,Patel,Female,1978-02-04,47,Thiruvananthapuram,Corporate,2025-11-05,8322146449,sneha.patel39@gmail.com
M001906,Riya,Shah,Female,2002-07-31,23,Kochi,Corporate,2021-07-01,8344283421,riya.shah69@gmail.com
M001907,Swati,Reddy,Female,1975-04-15,50,Hyderabad,Individual,2023-03-31,8051628472,swatireddygmail.com
M001908,Kabir,Sharma,Male,1974-02-03,51,Coimbatore,Individual,2020-11-27,8982603274,kabir.sharma92@yahoo.com
M001909,Swati,Saxena,Female,1967-01-04,58,Visakhapatnam,Family,2020-02-27,8559663866,swati.saxena91@gmail.com
M001910,Dev,Mishra,Male,1973-10-31,52,Mangaluru,Individual,2025-12-03,8206476317,dev.mishra29@outlook.com
M001911,Tanvi,Mishra,Female,1967-11-03,58,Mumbai,Family,2021-06-28,8243784415,tanvi.mishra3@yahoo.com
M001912,Karan,Pandey,F,1980-11-08,45,Vijayawada,Corporate,2024-02-18,8866218556,karan.pandey2@gmail.com
M001913,Rohit,Sharma,Male,1961-04-18,64,Vijayawada,Family,2024-10-13,8628625138,rohitsharma@@gmail.com
M001914,Charu,Desai,Female,1987-05-14,38,Chennai,Individual,2025-10-30,8175268398,charu.desai10@yahoo.com
M001915,Mansi,Patel,Female,1966-02-09,59,Ahmedabad,Family,2025-10-16,8187765671,mansi.patel43@gmail.com
M001916,Bhavna,Mishra,Female,1962-09-15,63,Chennai,Family,2025-06-27,8605307864,bhavna.mishra76@yahoo.com
M001917,Tanvi,Khanna,Female,1961-02-09,64,Madurai,Individual,2020-02-18,8214258208,tanvi.khanna86@outlook.com
M001918,Tushar,Menon,Male,1993-04-25,32,Gurugram,Individual,2023-08-08,8723159003,tushar.menon21@gmail.com
M001919,Kavita,Iyer,Male,1986-07-21,39,Vijayawada,Family,2021-09-29,8751434651,kavita.iyer22@yahoo.com
M001920,Shaurya,Pandey,Male,1964-11-24,61,Kozhikode,Family,2022-01-15,8101508675,shaurya.pandey30@outlook.com
M001921,Ojasvi,Kapoor,Female,1977-07-31,48,Mumbai,Individual,2022-07-05,8890356406,ojasvi.kapoor13@outlook.com
M001922,Aditya,Agarwal,Male,1997-03-22,28,Bengaluru,Family,2024-03-12,8021085344,aditya.agarwal55@gmail.com
M001923,Vivek,Reddy,Male,1974-03-29,51,Bengaluru,Individual,2024-08-21,8789194805,vivek.reddy58@gmail.com
M001924,Priyal,Nair,Female,1983-04-18,42,Mysuru,Family,2023-05-12,8082609472,
M001925,Sneha,Joshi,Male,1967-11-03,58,Mumbai,Family,2020-02-16,8778019303,sneha.joshi38@yahoo.com
M001926,Falguni,Mehta,Female,1956-06-08,69,Ahmedabad,Individual,2020-09-07,8082985415,falguni.mehta8@outlook.com
M001927,Preeti,Verma,Female,1998-06-14,27,Coimbatore,Family,2022-11-02,8664619762,preeti.verma2@gmail.com
M001928,Aryan,Pandey,F,1969-01-07,56,Kozhikode,Corporate,2020-02-17,8105600927,aryan.pandey77@outlook.com
M001929,Diya,Pandey,Female,1964-06-11,61,Mysuru,Corporate,2023-07-27,8519148628,diya.pandey63@gmail.com
M001930,Ritu,Patel,Female,1958-02-05,67,Hyderabad,Family,2023-02-16,8344297431,ritu.patel25@gmail.com
M001931,Mansi,Chopra,Female,2004-11-30,21,Chennai,Individual,2024-12-11,8411549865,mansi.chopra77@outlook.com
M001932,Swati,Desai,Female,1963-10-27,62,Delhi,Family,2025-09-12,8217851579,swati.desai90@outlook.com
M001933,Vihaan,Rao,Male,1969-01-03,56,Mangaluru,Individual,2020-08-02,8398563297,vihaan.rao75@yahoo.com
M001934,Amit,Desai,Male,1979-09-11,46,Gurugram,Family,2021-07-26,8059775375,amit.desai86@gmail.com
M001935,Karan,Mehta,Male,1980-06-25,45,Mangaluru,Family,2024-06-15,8563305779,karan.mehta54@yahoo.com
M001936,Ojasvi,Saxena,Female,1964-03-26,61,Ahmedabad,Corporate,2021-09-03,8305743818,
M001937,Vivek,Shah,F,1987-10-23,38,Pune,Family,2025-10-01,8843791449,vivek.shah18@yahoo.com
M001938,Nidhi,Shah,Female,2002-11-22,23,Madurai,Family,2020-06-23,8102320208,nidhi.shah96@gmail.com
M001939,Saurabh,Chawla,Male,1979-08-18,46,Pune,Corporate,2024-08-24,8615626077,saurabh.chawla41@yahoo.com
M001940,Swati,Reddy,Female,2001-11-10,24,Hyderabad,Corporate,2023-07-20,8345826340,swati.reddy42@gmail.com
M001941,Isha,Menon,Female,2003-06-01,22,Vijayawada,Family,2021-10-29,8085770935,isha.menon47@outlook.com
M001942,Neha,Chopra,Female,1965-09-17,60,Warangal,Family,2021-01-02,8465641310,neha.chopra31@yahoo.com
M001943,Aditya,Reddy,Male,1957-05-15,68,Coimbatore,Individual,2020-06-14,8162357208,aditya.reddy80@outlook.com
M001944,Vihaan,Verma,Male,1965-11-22,60,Hyderabad,Corporate,2021-12-12,8192104827,vihaan.verma23@outlook.com
M001945,Siddharth,Ahluwalia,Male,1958-09-15,67,Mumbai,Corporate,2022-12-24,8010488908,siddharth.ahluwalia62@outlook.com
M001946,Esha,Sharma,Female,1962-10-21,63,Visakhapatnam,Family,2025-10-13,8012504598,esha.sharma74@yahoo.com
M001947,Meghna,Patel,Female,1982-02-02,43,Kochi,Corporate,2023-03-07,8468317747,meghna.patel97@yahoo.com
M001948,Tushar,Chawla,F,2000-07-18,25,Madurai,Individual,2025-04-07,8114793061,tushar.chawla97@outlook.com
M001949,Manish,Malhotra,Male,2003-11-03,22,Chennai,Family,2024-11-11,8597855448,manish.malhotra10@yahoo.com
M001950,Sameer,Chawla,Male,2002-09-07,23,Gurugram,Corporate,2023-05-20,8949757403,sameer.chawla92@gmail.com
M001951,Priyal,Menon,Female,1963-09-12,62,Coimbatore,Family,2020-10-19,8826589153,priyal.menon65@gmail.com
M001952,Charu,Chawla,Female,1956-12-20,69,Chennai,Family,2024-03-12,8825026463,charuchawla@@gmail.com
M001953,Sneha,Menon,Female,1970-08-02,55,Warangal,Family,2021-07-09,8107528035,sneha.menon69@yahoo.com
M001954,Vihaan,Nair,Male,1983-02-06,42,Warangal,Corporate,2024-07-23,8370903956,vihaan.nair48@outlook.com
M001955,Garima,Rao,Female,1970-03-12,55,Madurai,Family,2022-09-26,8012679910,garima.rao80@yahoo.com
M001956,Dev,Khanna,Male,1959-03-04,66,Vijayawada,Family,2022-08-19,8580984043,dev.khanna76@gmail.com
M001957,Saurabh,Joshi,M,1984-05-25,41,Delhi,Corporate,2021-01-02,8353068260,saurabh.joshi60@outlook.com
M001958,Sneha,Ahluwalia,Female,1960-03-04,65,Mangaluru,Corporate,2021-04-09,8682753911,sneha.ahluwalia30@gmail.com
M001959,Gaurav,Verma,Male,1991-11-06,34,Ahmedabad,Corporate,2022-04-16,8982703051,gaurav.verma54@outlook.com
M001960,Vikram,Joshi,M,1986-05-30,39,Madurai,Individual,2022-11-09,8388492277,vikram.joshi38@yahoo.com
M001961,Bhavna,Kapoor,Female,1988-02-20,37,Kochi,Family,2021-01-27,8843500113,bhavna.kapoor11@outlook.com
M001962,Preeti,Desai,Female,1979-08-03,46,Kochi,Individual,2020-01-01,8769227938,preeti.desai64@outlook.com
M001963,Rajat,Desai,Male,1955-07-31,70,Mysuru,Corporate,2025-06-30,8778587379,rajat.desai64@gmail.com
M001964,Nisha,Ahluwalia,M,1987-11-15,38,Bengaluru,Individual,2024-04-12,8471656837,
M001965,Kavita,Malhotra,Female,1997-04-23,28,Warangal,Individual,2025-03-13,8028735662,kavita.malhotra75@outlook.com
M001966,Sanya,Chopra,Female,1987-06-12,38,Hyderabad,Family,2025-10-16,8726963209,sanya.chopra15@outlook.com
M001967,Dev,Chopra,Male,1997-03-21,28,Pune,Corporate,2020-06-23,8474957215,dev.chopra38@yahoo.com
M001968,Vihaan,Iyer,Male,1973-07-08,52,Chennai,Corporate,2025-01-08,8277361134,vihaan.iyer57@yahoo.com
M001969,Esha,Iyer,Female,1993-07-05,32,Visakhapatnam,Corporate,2021-04-13,8391006602,esha.iyer8@gmail.com
M001970,Riya,Kulkarni,Female,1989-06-30,36,Mangaluru,Corporate,2025-11-14,8970005635,riya.kulkarni42@gmail.com
M001971,Isha,Shah,Female,1997-02-13,28,Kochi,Family,2024-07-03,8545695691,isha.shah11@gmail.com
M001972,Sameer,Joshi,Male,1999-10-25,26,Madurai,Individual,2024-03-10,8217462339,sameer.joshi22@yahoo.com
M001973,Neha,Agarwal,Female,1986-11-28,39,Madurai,Family,2021-11-21,8109445886,neha.agarwal47@outlook.com
M001974,Saurabh,Menon,Male,1983-05-05,42,Madurai,Corporate,2024-12-29,8553412195,saurabh.menon88@outlook.com
M001975,Aditya,Rao,Male,1955-11-28,70,Chennai,Family,2025-01-27,8544204369,aditya.rao51@gmail.com
M001976,Rakesh,Sharma,Male,1970-04-11,55,Kozhikode,Individual,2024-07-04,8657560945,rakesh.sharma90@outlook.com
M001977,Aditi,Kapoor,Female,1975-11-07,50,Vijayawada,Family,2022-10-11,8079216857,aditi.kapoor45@yahoo.com
M001978,Aditi,Mehta,Female,1998-12-26,27,Kozhikode,Individual,2022-05-07,8280760681,aditi.mehta82@yahoo.com
M001979,Nisha,Sharma,Female,1992-12-21,33,Warangal,Family,2025-07-31,8934801546,nisha.sharma2@gmail.com
M001980,Garima,Rao,Female,1994-09-14,31,Coimbatore,Family,2025-07-30,8278681509,garima.rao94@gmail.com
M001981,Kavita,Patel,Female,1975-10-14,50,Madurai,Individual,2020-09-01,8324498331,kavitapatel@@gmail.com
M001982,Rohit,Shah,Male,1964-04-24,61,Mysuru,Individual,2021-02-02,8287717537,rohit.shah10@yahoo.com
M001983,Kirti,Chopra,Female,1994-04-18,31,Hyderabad,Family,2020-04-05,8206439861,kirtichopra@@gmail.com
M001984,Saurabh,Chawla,Male,1988-11-23,37,Mumbai,Family,2023-11-29,8324740017,saurabh.chawla19@outlook.com
M001985,Pooja,Joshi,Female,1958-05-17,67,Visakhapatnam,Corporate,2022-05-17,8486050899,poojajoshigmail.com
M001986,Sameer,Desai,Male,1998-04-29,27,Kochi,Individual,2024-02-12,8246207869,sameer.desai17@yahoo.com
M001987,Mansi,Gupta,Female,1960-03-21,65,Thiruvananthapuram,Individual,2025-07-20,8810831054,mansi.gupta10@outlook.com
M001988,Kabir,Sharma,Male,1970-04-30,55,Kozhikode,Individual,2025-02-04,8657317523,kabir.sharma74@outlook.com
M001989,Ankit,Tiwari,Male,2004-07-16,21,Madurai,Individual,2025-11-29,8660308809,ankit.tiwari94@outlook.com
M001990,Nikhil,Kulkarni,Male,1956-07-13,69,Thiruvananthapuram,Corporate,2020-07-24,8488334049,nikhil.kulkarni72@gmail.com
M001991,Puneet,Malhotra,Male,1973-05-07,52,Pune,Individual,2021-05-05,8508701963,puneet.malhotra47@outlook.com
M001992,Aditi,Bansal,Female,2002-05-06,23,Mysuru,Individual,2021-08-25,8013047432,aditi.bansal91@outlook.com
M001993,Tushar,Joshi,Female,1959-09-27,66,Hyderabad,Individual,2020-12-06,8490459650,tushar.joshi7@yahoo.com
M001994,Neha,Bansal,Female,1988-05-04,37,Visakhapatnam,Family,2020-05-18,8341475806,neha.bansal29@gmail.com
M001995,Preeti,Kulkarni,F,1989-11-17,36,Vijayawada,Family,2024-08-09,8335353261,preeti.kulkarni67@gmail.com
M001996,Preeti,Malhotra,Female,1966-01-02,59,Coimbatore,Family,2021-07-12,8137211036,preeti.malhotra71@gmail.com
M001997,Juhi,Desai,Male,2001-07-24,24,Mangaluru,Corporate,2020-07-21,8460370425,juhi.desai94@outlook.com
M001998,Nisha,Ahluwalia,Female,1970-06-16,55,Visakhapatnam,Individual,2020-07-26,8021981234,nisha.ahluwalia95@outlook.com
M001999,Tushar,Pandey,Female,1961-05-08,64,Kozhikode,Family,2023-06-14,8943700147,tushar.pandey82@outlook.com
M002000,Shaurya,Ahluwalia,Male,1963-11-02,62,Ahmedabad,Individual,2023-01-21,8511873785,shauryaahluwalia@@gmail.com
M002001,Rahul,Bhatia,Male,1990-10-23,35,Mangaluru,Family,2022-07-24,8109396761,rahul.bhatia58@yahoo.com
M002002,Shaurya,Agarwal,Female,1998-12-23,27,Mysuru,Individual,2025-05-30,8695402332,shaurya.agarwal61@yahoo.com
M002003,Kirti,Patel,Male,2002-11-11,23,Madurai,Individual,2024-02-02,8645006242,kirti.patel1@yahoo.com
M002004,Tushar,Gupta,Male,1990-06-12,35,Kochi,Individual,2024-03-09,8313785588,tushar.gupta21@gmail.com
M002005,Swati,Iyer,Female,1974-01-01,51,Vijayawada,Corporate,2020-04-09,8253143484,swati.iyer47@yahoo.com
M002006,Nikhil,Kapoor,Male,1998-07-10,27,Coimbatore,Family,2023-06-01,8896681001,nikhil.kapoor63@outlook.com
M002007,Sanya,Agarwal,Female,1998-12-21,27,Gurugram,Individual,2024-09-12,8089935386,sanya.agarwal28@gmail.com
M002008,Kirti,Chopra,Female,1992-01-21,33,Mumbai,Family,2023-03-31,8925984178,kirti.chopra63@gmail.com
M002009,Nikhil,Chawla,Male,1983-03-29,42,Chennai,Individual,2023-06-20,8401617114,nikhil.chawla92@outlook.com
M002010,Preeti,Agarwal,Female,1969-02-25,56,Mysuru,Family,2024-03-28,8544564169,preeti.agarwal93@gmail.com
M002011,Charu,Menon,Female,1960-10-03,65,Mangaluru,Individual,2023-02-10,8674884009,charu.menon58@gmail.com
M002012,Diya,Agarwal,Female,1966-10-15,59,Hyderabad,Corporate,2022-06-25,8022551901,diya.agarwal19@yahoo.com
M002013,Mansi,Pandey,Female,1965-02-23,60,Visakhapatnam,Individual,2021-01-07,8175172921,mansi.pandey8@yahoo.com
M002014,Aryan,Nair,Male,2003-07-30,22,Visakhapatnam,Corporate,2025-11-10,8532580403,aryan.nair13@gmail.com
M002015,Gaurav,Reddy,Male,1997-12-05,28,Coimbatore,Family,2023-01-04,8887588415,gaurav.reddy18@gmail.com
M002016,Kirti,Choudhary,Female,2005-10-05,20,Coimbatore,Corporate,2021-12-16,8136766250,kirti.choudhary34@yahoo.com
M002017,Ojasvi,Gupta,Female,1974-05-15,51,Coimbatore,Individual,2022-03-14,8826833649,ojasvi.gupta26@outlook.com
M002018,Manish,Choudhary,Male,1978-03-07,47,Coimbatore,Corporate,2024-05-11,8862410713,manish.choudhary12@yahoo.com
M002019,Siddharth,Bansal,Male,1985-09-22,40,Mysuru,Family,2025-11-29,8748220579,siddharth.bansal65@yahoo.com
M002020,Aryan,Ahluwalia,Male,1984-03-20,41,Delhi,Family,2023-06-05,8494230344,aryan.ahluwalia71@gmail.com
M002021,Anjali,Tiwari,Female,2002-06-10,23,Mumbai,Corporate,2023-06-05,8425927060,anjali.tiwari18@outlook.com
M002022,Sameer,Agarwal,Male,2003-01-17,22,Bengaluru,Individual,2020-01-23,8317731207,sameer.agarwal23@yahoo.com
M002023,Gaurav,Menon,Male,1986-03-29,39,Gurugram,Individual,2025-02-11,8220647216,gaurav.menon45@gmail.com
M002024,Vivek,Gupta,Male,1994-10-03,31,Mysuru,Corporate,2020-08-09,8672188430,vivek.gupta3@yahoo.com
M002025,Sanya,Chawla,Female,1958-01-05,67,Coimbatore,Family,2022-11-05,8126464647,sanya.chawla7@yahoo.com
M002026,Aditya,Kapoor,Male,1965-04-19,60,Warangal,Corporate,2025-07-08,8823652540,
M002027,Riya,Gupta,Female,1974-10-31,51,Mumbai,Corporate,2025-05-12,8435748823,riya.gupta39@outlook.com
M002028,Kirti,Gupta,Female,1956-04-16,69,Pune,Individual,2025-06-27,8060911981,kirti.gupta17@yahoo.com
M002029,Shweta,Sharma,Female,1969-01-20,56,Kochi,Family,2022-05-26,8141020655,shweta.sharma47@gmail.com
M002030,Vikram,Ahluwalia,Male,2001-08-05,24,Hyderabad,Individual,2021-01-23,8650335498,vikram.ahluwalia40@gmail.com
M002031,Ritu,Tiwari,Female,1960-12-25,65,Mumbai,Individual,2021-03-27,8446653669,ritu.tiwari89@outlook.com
M002032,Neha,Joshi,Female,1971-10-14,54,Bengaluru,Individual,2020-10-30,8344451505,neha.joshi24@outlook.com
M002033,Isha,Bhatia,Female,1985-08-09,40,Mumbai,Corporate,2020-12-14,8330182779,isha.bhatia15@gmail.com
M002034,Siddharth,Reddy,Male,1960-09-10,65,Gurugram,Family,2020-06-05,8738560991,siddharth.reddy57@yahoo.com
M002035,Meghna,Bansal,Female,1974-06-15,51,Bengaluru,Individual,2025-11-09,8494447219,meghna.bansal52@yahoo.com
M002036,Vihaan,Nair,Male,1956-08-12,69,Coimbatore,Corporate,2023-06-24,8187372643,vihaan.nair59@outlook.com
M002037,Sameer,Verma,Male,1998-02-18,27,Pune,Individual,2021-11-03,8381146131,sameer.verma69@outlook.com
M002038,Dev,Bansal,Male,1972-03-20,53,Kozhikode,Individual,2024-07-27,8845770662,dev.bansal27@outlook.com
M002039,Ojasvi,Pandey,Female,1962-07-18,63,Mumbai,Individual,2021-10-05,8091175283,ojasvi.pandey15@yahoo.com
M002040,Kabir,Kapoor,Male,1975-08-10,50,Warangal,Individual,2021-02-03,8672224048,kabir.kapoor36@outlook.com
M002041,Amit,Rao,Male,1986-05-08,39,Delhi,Individual,2022-09-07,8104751025,amit.rao21@gmail.com
M002042,Garima,Kulkarni,Female,1984-05-18,41,Warangal,Corporate,2020-12-17,8155723414,garima.kulkarni80@yahoo.com
M002043,Ojasvi,Mishra,Female,1960-08-01,65,Mysuru,Individual,2023-12-22,8791487307,ojasvi.mishra36@outlook.com
M002044,Neha,Malhotra,Female,1961-01-03,64,Chennai,Family,2025-08-25,8897028928,neha.malhotra59@gmail.com
M002045,Aryan,Menon,Male,1986-06-07,39,Mangaluru,Family,2020-08-16,8825774473,aryan.menon82@yahoo.com
M002046,Diya,Desai,Female,1990-04-30,35,Madurai,Individual,2024-08-18,8564029488,diya.desai21@yahoo.com
M002047,Amit,Nair,Male,1974-02-27,51,Vijayawada,Individual,2025-09-12,8195270774,amit.nair19@yahoo.com
M002048,Arvind,Mishra,Male,1972-03-20,53,Gurugram,Individual,2023-03-28,8898593909,arvind.mishra45@outlook.com
M002049,Kabir,Saxena,Male,1972-11-11,53,Hyderabad,Individual,2022-11-19,8982669675,kabir.saxena25@outlook.com
M002050,Juhi,Iyer,Female,1957-10-16,68,Mysuru,Individual,2020-08-15,8555781416,juhi.iyer89@outlook.com
M002051,Rakesh,Kapoor,Male,1970-02-13,55,Pune,Individual,2023-06-06,8067753582,rakesh.kapoor14@outlook.com
M002052,Nisha,Agarwal,Female,1999-11-28,26,Mysuru,Family,2023-10-02,8400440540,nishaagarwal@@gmail.com
M002053,Kabir,Joshi,Male,1977-01-14,48,Thiruvananthapuram,Individual,2022-08-22,8223163677,kabir.joshi91@gmail.com
M002054,Riya,Nair,Female,1992-11-13,33,Visakhapatnam,Individual,2022-12-04,8954497832,riya.nair59@gmail.com
M002055,Puneet,Desai,Male,1999-03-29,26,Hyderabad,Corporate,2024-12-29,8210642231,puneet.desai25@outlook.com
M002056,Rohit,Agarwal,M,1981-01-14,44,Mumbai,Individual,2022-06-16,8274417219,rohit.agarwal20@gmail.com
M002057,Shweta,Reddy,Female,1994-06-04,31,Mysuru,Individual,2024-03-26,8430335592,shweta.reddy91@yahoo.com
M002058,Meghna,Mishra,Female,1976-02-28,49,Bengaluru,Family,2025-06-27,8334841527,meghna.mishra38@yahoo.com
M002059,Rohan,Iyer,Male,1986-02-13,39,Mysuru,Individual,2022-05-13,8900002886,rohan.iyer4@yahoo.com
M002060,Ojasvi,Pandey,Female,1991-01-17,34,Gurugram,Family,2021-08-21,8307725368,ojasvi.pandey83@outlook.com
M002061,Kabir,Mehta,Male,1977-04-03,48,Ahmedabad,Family,2024-10-12,8560281858,kabir.mehta11@outlook.com
M002062,Shweta,Chawla,M,1990-09-25,35,Warangal,Individual,2020-02-24,8051500597,shweta.chawla50@gmail.com
M002063,Esha,Desai,Female,2002-02-19,23,Vijayawada,Individual,2020-07-17,8230650648,eshadesai@@gmail.com
M002064,Diya,Agarwal,Female,1994-01-29,31,Pune,Individual,2020-03-24,8995888561,diya.agarwal84@yahoo.com
M002065,Kirti,Kapoor,Female,1986-07-17,39,Vijayawada,Individual,2025-11-28,8377128015,
M002066,Rakesh,Rao,Male,2005-10-08,20,Kozhikode,Individual,2021-10-03,8905228663,rakesh.rao63@yahoo.com
M002067,Kabir,Agarwal,Male,1991-03-13,34,Warangal,Corporate,2020-05-03,8921157440,kabir.agarwal25@yahoo.com
M002068,Aditya,Ahluwalia,Male,2002-05-21,23,Mysuru,Family,2021-07-25,8401677497,aditya.ahluwalia18@yahoo.com
M002069,Tushar,Nair,Male,1970-04-12,55,Delhi,Family,2021-12-02,8900627151,tushar.nair88@outlook.com
M002070,Anjali,Patel,Female,1976-12-30,49,Kochi,Family,2024-12-12,8952249085,anjali.patel22@yahoo.com
M002071,Puneet,Gupta,Male,1956-11-02,69,Kozhikode,Family,2022-07-31,8107956830,puneet.gupta17@yahoo.com
M002072,Aditi,Choudhary,Female,1979-01-13,46,Visakhapatnam,Family,2023-01-08,8218463215,
M002073,Neha,Chawla,Female,1985-11-14,40,Ahmedabad,Individual,2021-07-08,8714044042,neha.chawla43@outlook.com
M002074,Aditi,Sharma,Female,1980-04-03,45,Mangaluru,Corporate,2022-05-07,8405702391,aditi.sharma23@outlook.com
M002075,Sanjay,Mishra,Male,1958-01-02,67,Ahmedabad,Individual,2022-04-25,8631254736,sanjay.mishra66@yahoo.com
M002076,Meghna,Chawla,Female,2005-03-06,20,Delhi,Individual,2020-02-20,8104855416,meghna.chawla91@gmail.com
M002077,Nidhi,Gupta,Female,1965-04-18,60,Warangal,Individual,2023-02-21,8500705880,nidhi.gupta53@yahoo.com
M002078,Vikram,Choudhary,M,1978-05-14,47,Delhi,Corporate,2025-07-29,8090670738,vikram.choudhary26@yahoo.com
M002079,Riya,Agarwal,Male,2002-08-26,23,Delhi,Corporate,2021-04-25,8146554373,riya.agarwal65@gmail.com
M002080,Nisha,Rao,Female,1971-04-14,54,Bengaluru,Individual,2024-03-07,8641461041,nisha.rao23@outlook.com
M002081,Riya,Bhatia,Female,1982-10-27,43,Delhi,Individual,2024-12-23,8417410320,riya.bhatia30@outlook.com
M002082,Rakesh,Malhotra,Male,1980-11-18,45,Gurugram,Family,2023-12-23,8094502506,rakesh.malhotra24@outlook.com
M002083,Vikram,Joshi,Male,1967-02-17,58,Visakhapatnam,Individual,2024-08-08,8851079819,vikram.joshi16@yahoo.com
M002084,Vivek,Desai,Male,1984-03-28,41,Delhi,Individual,2022-01-31,8494170894,vivek.desai72@yahoo.com
M002085,Esha,Gupta,Female,1983-11-16,42,Pune,Individual,2020-10-01,8101883568,esha.gupta19@outlook.com
M002086,Rohan,Chopra,Male,1983-02-19,42,Vijayawada,Corporate,2021-01-21,8952051104,rohan.chopra43@yahoo.com
M002087,Rahul,Agarwal,Male,1982-05-07,43,Madurai,Corporate,2020-04-22,8569766591,rahul.agarwal63@gmail.com
M002088,Yash,Reddy,Male,1983-09-20,42,Mysuru,Corporate,2020-01-28,8773178643,yash.reddy93@gmail.com
M002089,Preeti,Khanna,Female,1957-07-03,68,Gurugram,Corporate,2024-02-05,8102939406,preeti.khanna59@yahoo.com
M002090,Tanvi,Reddy,Female,1994-07-09,31,Vijayawada,Individual,2025-01-24,8426634539,tanvi.reddy81@gmail.com
M002091,Tushar,Choudhary,Male,1990-11-20,35,Delhi,Corporate,2023-04-08,8159543739,tushar.choudhary57@yahoo.com
M002092,Kabir,Verma,Male,2005-08-31,20,Visakhapatnam,Individual,2020-01-07,8732066483,kabir.verma1@yahoo.com
M002093,Rohit,Shah,Male,1955-10-02,70,Visakhapatnam,Family,2024-07-11,8905331984,rohit.shah94@gmail.com
M002094,Ojasvi,Sharma,Female,1979-02-12,46,Mangaluru,Individual,2021-08-07,8135636904,ojasvi.sharma70@yahoo.com
M002095,Mansi,Choudhary,Female,1985-11-27,40,Mumbai,Family,2024-04-15,8272914960,mansichoudhary@@gmail.com
M002096,Isha,Desai,Female,1983-11-09,42,Warangal,Family,2020-02-05,8769209084,isha.desai46@outlook.com
M002097,Rakesh,Mehta,Male,1981-11-03,44,Mangaluru,Family,2024-01-30,8670689932,rakesh.mehta91@yahoo.com
M002098,Gaurav,Menon,Male,1972-07-04,53,Warangal,Family,2025-11-20,8814282312,gaurav.menon65@outlook.com
M002099,Puneet,Verma,Male,1989-08-13,36,Visakhapatnam,Family,2021-06-30,8727417758,puneet.verma96@outlook.com
M002100,Ankit,Menon,Male,1990-06-29,35,Mysuru,Individual,2025-02-25,8095162740,ankit.menon46@gmail.com
M002101,Siddharth,Khanna,Male,1993-04-10,32,Bengaluru,Corporate,2021-04-11,8248115984,siddharth.khanna99@outlook.com
M002102,Arvind,Saxena,F,1980-06-25,45,Vijayawada,Individual,2020-08-26,8214250450,arvind.saxena78@outlook.com
M002103,Kabir,Desai,Male,1955-10-10,70,Ahmedabad,Family,2025-06-16,8509438907,kabir.desai62@outlook.com
M002104,Anjali,Kulkarni,Female,1994-12-21,31,Hyderabad,Family,2020-07-13,8523275331,anjali.kulkarni35@yahoo.com
M002105,Shaurya,Choudhary,Male,1997-12-26,28,Delhi,Individual,2025-01-04,8229222227,shauryachoudhary@@gmail.com
M002106,Kirti,Tiwari,Female,1987-07-14,38,Hyderabad,Family,2023-11-18,8585843626,kirti.tiwari46@yahoo.com
M002107,Aditi,Choudhary,Female,2004-01-20,21,Mumbai,Family,2021-12-11,8050270714,aditi.choudhary85@yahoo.com
M002108,Esha,Saxena,Female,1999-12-20,26,Delhi,Individual,2024-03-07,8434652474,esha.saxena43@outlook.com
M002109,Juhi,Kulkarni,Female,1989-01-18,36,Kochi,Family,2023-06-22,8799133852,juhi.kulkarni24@gmail.com
M002110,Juhi,Sharma,Female,1982-10-05,43,Coimbatore,Individual,2025-10-27,8702635092,juhi.sharma3@gmail.com
M002111,Amit,Gupta,Male,2000-02-20,25,Kozhikode,Family,2022-04-11,8825748683,amit.gupta16@gmail.com
M002112,Puneet,Desai,Female,1957-04-24,68,Mumbai,Corporate,2024-07-20,8599111950,puneet.desai12@outlook.com
M002113,Neha,Chawla,Female,1974-11-09,51,Hyderabad,Individual,2025-04-10,8008394200,neha.chawla86@gmail.com
M002114,Juhi,Khanna,Female,1969-07-22,56,Mysuru,Family,2023-04-03,8449838291,juhikhannagmail.com
M002115,Isha,Khanna,Female,1957-01-26,68,Vijayawada,Corporate,2021-06-16,8895217166,isha.khanna29@gmail.com
M002116,Vikram,Tiwari,Male,1998-12-30,27,Vijayawada,Individual,2024-10-19,8125756427,vikram.tiwari3@yahoo.com
M002117,Shweta,Pandey,Female,1996-04-13,29,Delhi,Individual,2023-06-01,8713151987,shweta.pandey75@yahoo.com
M002118,Falguni,Bansal,Female,1956-07-26,69,Gurugram,Individual,2022-02-15,8107282136,falguni.bansal40@gmail.com
M002119,Meghna,Tiwari,Female,1986-06-02,39,Hyderabad,Individual,2021-12-01,8327287046,meghna.tiwari37@outlook.com
M002120,Sneha,Reddy,Female,1985-10-02,40,Thiruvananthapuram,Family,2025-11-28,8855459297,
M002121,Kavita,Pandey,Female,1993-09-27,32,Coimbatore,Individual,2023-10-29,8728075727,kavita.pandey97@yahoo.com
M002122,Rajat,Chawla,Male,1972-02-02,53,Delhi,Individual,2020-03-20,8362859527,rajat.chawla64@outlook.com
M002123,Saurabh,Mehta,Male,1960-05-17,65,Chennai,Family,2025-08-18,8912213241,saurabh.mehta77@yahoo.com
M002124,Rohit,Iyer,Male,2004-06-19,21,Mysuru,Family,2021-12-21,8852004943,rohit.iyer3@gmail.com
M002125,Sanya,Rao,Female,1977-05-02,48,Thiruvananthapuram,Individual,2024-07-26,8832572501,sanya.rao6@outlook.com
M002126,Aditya,Bansal,Male,1962-08-30,63,Ahmedabad,Individual,2022-06-19,8389773614,
M002127,Charu,Verma,Female,1966-01-02,59,Thiruvananthapuram,Individual,2022-07-13,8008348031,charu.verma56@gmail.com
M002128,Sneha,Nair,Female,1969-02-15,56,Kochi,Individual,2025-07-21,8690227492,sneha.nair1@gmail.com
M002129,Ishaan,Choudhary,Male,1994-10-02,31,Warangal,Corporate,2022-02-17,8875159253,ishaan.choudhary48@outlook.com
M002130,Nikhil,Verma,Male,1989-05-25,36,Hyderabad,Individual,2024-01-17,8955242556,nikhil.verma34@outlook.com
M002131,Gaurav,Desai,Male,2001-12-07,24,Bengaluru,Family,2023-11-30,8700408134,gaurav.desai74@outlook.com
M002132,Shweta,Bansal,Female,1988-08-06,37,Kozhikode,Corporate,2024-07-11,8466721780,shweta.bansal45@yahoo.com
M002133,Arvind,Kulkarni,Male,1968-02-18,57,Coimbatore,Corporate,2021-03-27,8805295549,arvind.kulkarni25@outlook.com
M002134,Aditya,Joshi,Male,2002-05-22,23,Warangal,Individual,2025-06-20,8919690641,aditya.joshi20@yahoo.com
M002135,Riya,Kulkarni,Female,1960-09-16,65,Visakhapatnam,Family,2024-09-09,8743510553,riya.kulkarni33@outlook.com
M002136,Sameer,Joshi,Male,1992-10-02,33,Mangaluru,Corporate,2020-02-29,8386614894,sameerjoshigmail.com
M002137,Tanvi,Agarwal,Female,1980-07-19,45,Coimbatore,Individual,2022-03-13,8881501318,tanvi.agarwal42@yahoo.com
M002138,Kabir,Saxena,Male,1990-06-07,35,Mangaluru,Corporate,2024-07-12,8917373887,kabir.saxena88@outlook.com
M002139,Sanjay,Agarwal,Female,1982-06-02,43,Ahmedabad,Family,2025-11-08,8508976715,sanjay.agarwal23@yahoo.com
M002140,Aditi,Shah,Female,1983-10-09,42,Delhi,Individual,2024-05-19,8019806985,aditi.shah72@gmail.com
M002141,Nidhi,Malhotra,Female,1977-01-24,48,Kozhikode,Corporate,2023-09-20,8882348413,nidhi.malhotra16@outlook.com
M002142,Falguni,Malhotra,Female,1960-04-18,65,Gurugram,Family,2025-02-15,8647127137,falguni.malhotra50@outlook.com
M002143,Amit,Menon,Male,2000-02-09,25,Madurai,Individual,2021-05-30,8580679196,amit.menon8@outlook.com
M002144,Gaurav,Agarwal,Male,1966-12-21,59,Warangal,Family,2022-10-26,8738573996,gaurav.agarwal64@outlook.com
M002145,Vihaan,Verma,Male,1994-10-03,31,Coimbatore,Family,2020-08-26,8915571374,vihaan.verma35@yahoo.com
M002146,Rajat,Mishra,Male,1981-01-26,44,Coimbatore,Family,2023-02-10,8702164638,rajat.mishra2@gmail.com
M002147,Sanya,Bhatia,Female,1970-09-18,55,Coimbatore,Individual,2025-11-07,8056890955,sanya.bhatia84@gmail.com
M002148,Pooja,Kulkarni,M,1957-11-08,68,Coimbatore,Family,2025-11-12,8504657004,pooja.kulkarni67@gmail.com
M002149,Isha,Bhatia,Female,2005-11-20,20,Thiruvananthapuram,Individual,2023-02-07,8727794114,isha.bhatia54@gmail.com
M002150,Karan,Bansal,M,1955-10-10,70,Pune,Corporate,2023-11-23,8872243551,
M002151,Bhavna,Ahluwalia,Female,1971-04-15,54,Bengaluru,Individual,2022-12-11,8180884006,bhavna.ahluwalia98@gmail.com
M002152,Nikhil,Shah,Male,1993-09-21,32,Visakhapatnam,Individual,2023-03-27,8040285386,nikhil.shah59@outlook.com
M002153,Rakesh,Bansal,Male,1967-08-17,58,Madurai,Individual,2022-01-05,8297700118,rakeshbansalgmail.com
M002154,Rohit,Tiwari,Male,1988-09-01,37,Hyderabad,Individual,2024-06-16,8824796017,rohittiwari@@gmail.com
M002155,Garima,Khanna,Female,1962-05-01,63,Visakhapatnam,Family,2020-08-08,8281166065,
M002156,Esha,Verma,Female,1959-02-21,66,Mangaluru,Individual,2022-03-09,8849030201,esha.verma51@outlook.com
M002157,Preeti,Mehta,Female,1963-05-09,62,Chennai,Individual,2022-12-05,8805593758,preeti.mehta71@gmail.com
M002158,Ritu,Agarwal,Female,1956-03-12,69,Hyderabad,Family,2023-03-31,8768248691,rituagarwalgmail.com
M002159,Rohan,Joshi,M,1990-04-25,35,Bengaluru,Corporate,2020-07-28,8848513413,rohan.joshi89@yahoo.com
M002160,Vikram,Gupta,Male,1990-09-10,35,Ahmedabad,Family,2021-11-13,8687974610,vikram.gupta81@yahoo.com
M002161,Vihaan,Reddy,Male,2001-05-21,24,Thiruvananthapuram,Individual,2024-05-02,8225510836,vihaan.reddy46@outlook.com
M002162,Esha,Nair,Female,1977-02-03,48,Gurugram,Corporate,2024-12-26,8626166906,esha.nair78@outlook.com
M002163,Rahul,Verma,F,1960-01-16,65,Mangaluru,Individual,2021-07-03,8192815466,rahul.verma66@gmail.com
M002164,Rahul,Iyer,Male,1997-03-26,28,Visakhapatnam,Corporate,2020-02-25,8807489567,rahul.iyer88@gmail.com
M002165,Shweta,Kapoor,Female,1979-02-05,46,Pune,Family,2024-02-19,8374084794,shweta.kapoor37@gmail.com
M002166,Aditya,Malhotra,M,1960-05-23,65,Ahmedabad,Family,2021-08-06,8896322633,aditya.malhotra63@yahoo.com
M002167,Vivek,Desai,Male,1976-12-04,49,Coimbatore,Corporate,2023-11-16,8173072978,vivek.desai81@gmail.com
M002168,Preeti,Chawla,Female,1976-07-05,49,Coimbatore,Individual,2024-07-28,8033996807,preeti.chawla24@yahoo.com
M002169,Sneha,Bhatia,Female,1957-08-29,68,Kochi,Individual,2025-08-06,8018224819,sneha.bhatia41@gmail.com
M002170,Vikram,Mehta,Male,2001-07-09,24,Chennai,Individual,2020-06-23,8489992133,
M002171,Saurabh,Reddy,Male,2005-01-22,20,Coimbatore,Individual,2023-09-12,8931408838,saurabh.reddy97@yahoo.com
M002172,Shweta,Iyer,Female,1979-03-10,46,Warangal,Corporate,2024-02-09,8372177745,shweta.iyer31@yahoo.com
M002173,Karan,Bansal,Male,1956-06-04,69,Hyderabad,Corporate,2024-07-23,8057777921,karan.bansal21@gmail.com
M002174,Kirti,Desai,Female,1972-08-05,53,Mysuru,Individual,2021-11-25,8355628882,kirti.desai24@gmail.com
M002175,Meghna,Gupta,Female,1970-07-06,55,Kochi,Individual,2023-09-19,8588413237,meghna.gupta84@gmail.com
M002176,Puneet,Saxena,Male,1967-08-27,58,Gurugram,Family,2025-05-23,8376502512,puneet.saxena64@yahoo.com
M002177,Shaurya,Joshi,Male,1976-08-15,49,Mumbai,Individual,2025-05-20,8736555827,shaurya.joshi95@outlook.com
M002178,Tushar,Rao,Male,1986-12-02,39,Warangal,Family,2024-12-28,8575614794,tushar.rao55@yahoo.com
M002179,Siddharth,Malhotra,Male,1965-03-11,60,Delhi,Family,2020-11-20,8737439650,siddharth.malhotra38@outlook.com
M002180,Vihaan,Shah,Male,1986-05-22,39,Pune,Corporate,2023-01-28,8283346242,vihaan.shah94@outlook.com
M002181,Riya,Patel,Male,1979-10-27,46,Coimbatore,Corporate,2020-04-08,8728892105,riya.patel22@gmail.com
M002182,Nidhi,Iyer,Female,1960-09-01,65,Delhi,Individual,2021-08-17,8379667387,nidhi.iyer49@yahoo.com
M002183,Esha,Chawla,Female,1995-03-26,30,Mysuru,Family,2025-10-29,8759978437,esha.chawla54@yahoo.com
M002184,Aryan,Malhotra,M,1961-04-27,64,Visakhapatnam,Individual,2021-11-21,8155678389,aryan.malhotra87@yahoo.com
M002185,Preeti,Iyer,Female,1984-04-10,41,Warangal,Individual,2022-08-01,8460464994,preeti.iyer74@outlook.com
M002186,Neha,Desai,Female,1990-01-29,35,Kochi,Corporate,2021-04-02,8288702963,neha.desai88@gmail.com
M002187,Saurabh,Pandey,Male,1968-10-14,57,Ahmedabad,Individual,2021-01-05,8694857199,saurabh.pandey11@yahoo.com
M002188,Sneha,Pandey,Female,1957-12-03,68,Kochi,Corporate,2024-07-14,8991776839,sneha.pandey70@gmail.com
M002189,Aditya,Shah,Male,1987-07-01,38,Thiruvananthapuram,Family,2021-03-14,8758670621,aditya.shah89@gmail.com
M002190,Aditi,Bansal,Female,1999-11-20,26,Warangal,Family,2023-01-07,8188077388,aditi.bansal34@yahoo.com
M002191,Pooja,Mehta,Female,1970-04-21,55,Bengaluru,Individual,2020-05-21,8323544871,pooja.mehta93@yahoo.com
M002192,Vikram,Khanna,Male,1966-03-11,59,Kozhikode,Family,2022-11-26,8081112833,vikram.khanna74@outlook.com
M002193,Tanvi,Kapoor,Female,1997-10-28,28,Bengaluru,Family,2024-02-05,8113749188,tanvi.kapoor69@outlook.com
M002194,Kavita,Iyer,Female,1987-02-28,38,Hyderabad,Corporate,2020-05-17,8110873123,kavita.iyer40@gmail.com
M002195,Sneha,Gupta,Male,2000-08-10,25,Thiruvananthapuram,Family,2020-03-26,8395645653,sneha.gupta27@outlook.com
M002196,Rohan,Mishra,Male,1995-10-08,30,Madurai,Corporate,2022-10-21,8677696077,rohan.mishra4@outlook.com
M002197,Falguni,Agarwal,Female,1970-06-20,55,Vijayawada,Corporate,2020-04-14,8439331831,falguni.agarwal13@yahoo.com
M002198,Aditya,Chopra,Male,1977-11-21,48,Madurai,Individual,2022-11-11,8023284991,aditya.chopra19@outlook.com
M002199,Vihaan,Shah,F,1965-12-23,60,Hyderabad,Individual,2022-10-29,8914255042,vihaan.shah93@yahoo.com
M002200,Mansi,Kulkarni,Female,1960-09-24,65,Madurai,Corporate,2020-07-29,8358133840,mansi.kulkarni59@gmail.com
M002201,Puneet,Verma,Male,1964-09-05,61,Coimbatore,Individual,2025-01-03,8261859154,puneet.verma2@yahoo.com
M002202,Rohit,Chawla,Male,1961-11-23,64,Madurai,Individual,2021-07-31,8532994197,rohit.chawla74@gmail.com
M002203,Amit,Shah,Male,1969-06-24,56,Kochi,Individual,2024-10-16,8064108592,amit.shah74@gmail.com
M002204,Diya,Malhotra,Female,1987-12-28,38,Visakhapatnam,Individual,2021-08-13,8875446304,diya.malhotra59@outlook.com
M002205,Ankit,Kulkarni,Male,1988-09-16,37,Delhi,Individual,2023-09-26,8781998028,ankit.kulkarni92@outlook.com
M002206,Ishaan,Rao,Male,1982-08-30,43,Madurai,Individual,2025-02-11,8852760032,ishaan.rao23@gmail.com
M002207,Sameer,Chawla,Male,1990-09-27,35,Hyderabad,Individual,2020-11-19,8993134141,sameer.chawla79@gmail.com
M002208,Vikram,Choudhary,Male,1975-11-22,50,Vijayawada,Family,2020-01-19,8828010963,vikram.choudhary80@gmail.com
M002209,Rohan,Desai,Male,1991-03-06,34,Gurugram,Corporate,2022-08-30,8591595876,rohan.desai1@yahoo.com
M002210,Nikhil,Iyer,Male,1975-11-19,50,Mangaluru,Family,2021-10-21,8467029139,nikhil.iyer55@gmail.com
M002211,Aditi,Joshi,Female,1962-09-21,63,Mysuru,Family,2024-08-29,8509078814,aditi.joshi65@gmail.com
M002212,Sneha,Chopra,M,1974-03-13,51,Chennai,Family,2023-05-21,8642332326,sneha.chopra40@outlook.com
M002213,Diya,Rao,Female,1965-03-31,60,Delhi,Individual,2024-08-30,8650007291,diya.rao70@yahoo.com
M002214,Riya,Shah,Female,1998-03-24,27,Kozhikode,Family,2022-07-12,8870128218,riya.shah30@yahoo.com
M002215,Nidhi,Agarwal,Female,1958-10-16,67,Mysuru,Family,2025-12-23,8325856531,nidhi.agarwal61@outlook.com
M002216,Vikram,Shah,Female,1970-04-12,55,Delhi,Individual,2022-11-05,8493895890,vikram.shah83@gmail.com
M002217,Rohit,Ahluwalia,Male,2004-10-31,21,Kozhikode,Family,2021-06-02,8042255191,rohit.ahluwalia45@outlook.com
M002218,Manish,Kapoor,Male,2000-01-31,25,Delhi,Individual,2024-07-29,8318587693,manish.kapoor85@outlook.com
M002219,Shweta,Bhatia,Female,1990-04-29,35,Coimbatore,Corporate,2021-12-31,8867408954,shwetabhatiagmail.com
M002220,Rahul,Patel,Male,1956-04-04,69,Madurai,Individual,2021-12-14,8843448775,rahul.patel37@gmail.com
M002221,Ritu,Chawla,Female,1970-05-28,55,Pune,Corporate,2024-10-27,8717541463,ritu.chawla32@outlook.com
M002222,Tanvi,Mehta,Female,1956-09-28,69,Warangal,Family,2020-07-11,8377576496,tanvi.mehta84@outlook.com
M002223,Anjali,Gupta,Female,1983-08-22,42,Ahmedabad,Corporate,2025-01-06,8741941584,anjaliguptagmail.com
M002224,Priyal,Agarwal,Female,1999-05-27,26,Bengaluru,Corporate,2024-01-26,8957196970,priyal.agarwal29@outlook.com
M002225,Arvind,Chawla,Male,1997-09-10,28,Mysuru,Individual,2023-09-05,8860558738,arvind.chawla49@yahoo.com
M002226,Rohan,Joshi,Male,1987-10-20,38,Delhi,Family,2022-08-18,8045919405,rohan.joshi67@outlook.com
M002227,Kirti,Patel,Female,1965-08-21,60,Pune,Family,2023-12-11,8142767272,kirti.patel53@gmail.com
M002228,Kavita,Patel,Female,1991-06-05,34,Gurugram,Family,2021-09-08,8513829562,kavita.patel94@gmail.com
M002229,Tanvi,Desai,Female,1966-01-31,59,Madurai,Family,2025-10-09,8956946581,tanvi.desai97@outlook.com
M002230,Amit,Shah,Male,1991-05-09,34,Chennai,Individual,2023-11-30,8061243450,amit.shah21@outlook.com
M002231,Charu,Pandey,Female,1960-02-09,65,Ahmedabad,Family,2020-08-25,8475561984,charu.pandey12@yahoo.com
M002232,Saurabh,Sharma,Male,1998-03-07,27,Bengaluru,Individual,2024-06-09,8560241517,saurabh.sharma13@outlook.com
M002233,Kabir,Pandey,Male,1998-12-21,27,Thiruvananthapuram,Corporate,2021-03-23,8177472693,kabir.pandey29@yahoo.com
M002234,Puneet,Rao,Male,1985-03-07,40,Thiruvananthapuram,Family,2025-10-10,8943894098,puneet.rao55@outlook.com
M002235,Esha,Kulkarni,Female,1962-02-01,63,Vijayawada,Individual,2023-01-26,8741778276,esha.kulkarni95@gmail.com
M002236,Tanvi,Joshi,Female,1991-03-02,34,Coimbatore,Individual,2024-02-18,8963928600,tanvi.joshi86@gmail.com
M002237,Juhi,Khanna,Female,1990-07-05,35,Gurugram,Individual,2021-05-27,8525310091,juhi.khanna53@yahoo.com
M002238,Anjali,Ahluwalia,Female,2001-08-06,24,Hyderabad,Corporate,2022-04-04,8103972249,anjaliahluwaliagmail.com
M002239,Arvind,Pandey,Male,1976-01-13,49,Kochi,Family,2024-02-06,8820858757,arvind.pandey55@yahoo.com
M002240,Rahul,Verma,Male,1970-07-05,55,Bengaluru,Family,2023-12-08,8221267424,rahul.verma57@outlook.com
M002241,Arvind,Mishra,Male,1967-05-05,58,Warangal,Individual,2020-04-11,8442163868,arvind.mishra40@outlook.com
M002242,Swati,Pandey,Female,1986-12-19,39,Warangal,Corporate,2025-11-21,8074290522,swati.pandey88@yahoo.com
M002243,Rajat,Khanna,Male,1973-12-26,52,Hyderabad,Family,2023-04-24,8865879711,rajat.khanna40@outlook.com
M002244,Kavita,Reddy,Female,1990-06-27,35,Hyderabad,Family,2022-08-03,8012752251,kavita.reddy73@outlook.com
M002245,Rohan,Rao,Male,1986-07-12,39,Pune,Corporate,2024-07-11,8181059516,rohan.rao45@outlook.com
M002246,Amit,Shah,Male,1997-05-13,28,Kochi,Corporate,2022-09-27,8200687838,amit.shah1@gmail.com
M002247,Rohan,Verma,Male,1995-03-06,30,Kozhikode,Individual,2021-09-27,8083777249,rohan.verma95@gmail.com
M002248,Saurabh,Verma,Male,1992-12-09,33,Hyderabad,Corporate,2022-07-24,8057632504,saurabh.verma90@outlook.com
M002249,Ishaan,Verma,Male,1965-05-18,60,Ahmedabad,Family,2023-07-25,8448066114,ishaan.verma83@gmail.com
M002250,Amit,Nair,Male,1997-06-21,28,Madurai,Individual,2022-01-24,8244027373,amit.nair41@yahoo.com
M002251,Swati,Shah,Female,1981-06-24,44,Mysuru,Individual,2023-07-15,8084029488,swati.shah97@gmail.com
M002252,Garima,Shah,Female,1985-02-26,40,Bengaluru,Corporate,2025-04-18,8538866275,garima.shah13@outlook.com
M002253,Rajat,Kulkarni,Male,1972-01-26,53,Vijayawada,Family,2025-12-22,8332599206,rajat.kulkarni12@gmail.com
M002254,Gaurav,Chawla,Male,1997-07-17,28,Delhi,Family,2025-06-06,8954261578,
M002255,Kavita,Gupta,Female,1961-05-13,64,Pune,Corporate,2025-12-08,8404813506,kavita.gupta22@gmail.com
M002256,Nidhi,Saxena,Female,1986-08-06,39,Bengaluru,Individual,2022-06-16,8558881868,nidhi.saxena90@outlook.com
M002257,Ishaan,Iyer,Male,1989-04-29,36,Kozhikode,Corporate,2023-09-11,8011356605,ishaan.iyer13@gmail.com
M002258,Neha,Agarwal,Female,2001-05-06,24,Coimbatore,Family,2025-09-16,8326711944,neha.agarwal41@outlook.com
M002259,Ojasvi,Khanna,Female,1969-09-11,56,Pune,Individual,2024-06-16,8112555097,ojasvi.khanna83@gmail.com
M002260,Anjali,Sharma,Female,1996-04-19,29,Mumbai,Individual,2021-09-16,8301851784,anjali.sharma69@yahoo.com
M002261,Kavita,Verma,Female,2000-07-16,25,Gurugram,Corporate,2020-10-18,8430743106,kavita.verma17@yahoo.com
M002262,Aryan,Pandey,Male,1997-06-27,28,Chennai,Individual,2024-03-07,8779362513,aryan.pandey90@outlook.com
M002263,Amit,Choudhary,Male,2001-03-21,24,Kozhikode,Individual,2025-01-03,8851530291,amit.choudhary12@outlook.com
M002264,Juhi,Verma,Female,1966-02-27,59,Bengaluru,Individual,2020-06-16,8492561126,juhi.verma44@yahoo.com
M002265,Tushar,Khanna,Male,1988-01-30,37,Bengaluru,Family,2024-12-06,8364695063,tushar.khanna2@gmail.com
M002266,Priyal,Ahluwalia,Female,1961-05-24,64,Visakhapatnam,Individual,2024-06-30,8172662835,priyal.ahluwalia13@yahoo.com
M002267,Aditya,Shah,F,1998-03-08,27,Hyderabad,Family,2023-10-22,8528301093,aditya.shah67@gmail.com
M002268,Isha,Tiwari,Female,1995-01-01,30,Visakhapatnam,Corporate,2022-06-03,8539021575,isha.tiwari10@outlook.com
M002269,Vihaan,Malhotra,Male,1966-05-20,59,Mysuru,Individual,2021-12-06,8275374046,vihaan.malhotra30@yahoo.com
M002270,Vihaan,Bansal,Male,1999-01-11,26,Mangaluru,Individual,2024-07-03,8400229187,vihaan.bansal56@outlook.com
M002271,Rajat,Mehta,F,1965-11-13,60,Mumbai,Family,2024-07-13,8391632898,rajat.mehta35@gmail.com
M002272,Yash,Bansal,Male,1978-02-22,47,Mangaluru,Individual,2021-08-27,8209549362,yash.bansal16@outlook.com
M002273,Rohit,Bhatia,Male,1967-06-22,58,Kochi,Individual,2022-09-11,8282030228,rohitbhatiagmail.com
M002274,Kirti,Bhatia,Female,1956-05-21,69,Mysuru,Family,2021-05-21,8582079459,kirti.bhatia3@gmail.com
M002275,Siddharth,Choudhary,Male,1998-09-26,27,Kozhikode,Family,2021-06-03,8258537427,siddharth.choudhary43@outlook.com
M002276,Nikhil,Tiwari,Male,1971-11-30,54,Pune,Family,2023-04-25,8285983298,nikhil.tiwari58@yahoo.com
M002277,Mansi,Gupta,Female,1964-05-19,61,Visakhapatnam,Family,2025-05-25,8315084034,mansi.gupta41@yahoo.com
M002278,Nisha,Bansal,Female,1996-05-10,29,Warangal,Family,2020-01-02,8820453800,nisha.bansal13@yahoo.com
M002279,Amit,Mishra,Male,2001-07-14,24,Mysuru,Corporate,2020-03-03,8107010169,amit.mishra73@gmail.com
M002280,Aditi,Chawla,Female,1980-09-01,45,Kochi,Individual,2025-06-19,8452419540,aditi.chawla52@outlook.com
M002281,Rohan,Saxena,Male,1980-06-28,45,Delhi,Individual,2024-07-07,8639646381,rohan.saxena66@outlook.com
M002282,Pooja,Iyer,Female,1966-04-26,59,Delhi,Corporate,2024-06-07,8442108923,pooja.iyer70@outlook.com
M002283,Shweta,Choudhary,Female,1975-04-25,50,Delhi,Family,2020-11-30,8358524773,shweta.choudhary67@outlook.com
M002284,Ankit,Tiwari,Male,1983-10-22,42,Madurai,Family,2022-06-03,8485243737,ankit.tiwari88@gmail.com
M002285,Aryan,Verma,Male,1955-06-23,70,Ahmedabad,Individual,2024-12-12,8315506580,aryan.verma32@gmail.com
M002286,Aryan,Shah,Male,1990-08-17,35,Chennai,Family,2021-10-09,8415596036,aryan.shah9@yahoo.com
M002287,Puneet,Bhatia,Male,1977-07-25,48,Hyderabad,Individual,2021-11-24,8225706012,puneet.bhatia34@yahoo.com
M002288,Juhi,Pandey,Female,1976-12-28,49,Mumbai,Corporate,2025-04-21,8832986970,juhi.pandey64@outlook.com
M002289,Sanjay,Tiwari,M,1958-02-22,67,Coimbatore,Corporate,2022-08-26,8766745624,sanjaytiwari@@gmail.com
M002290,Priyal,Verma,Female,1980-01-13,45,Vijayawada,Family,2025-02-09,8613948529,priyal.verma26@yahoo.com
M002291,Saurabh,Malhotra,Male,1992-11-06,33,Warangal,Individual,2025-07-27,8222290940,saurabh.malhotra12@outlook.com
M002292,Vivek,Gupta,Male,1959-06-03,66,Hyderabad,Family,2025-03-11,8361643960,vivek.gupta82@outlook.com
M002293,Juhi,Mishra,Female,1958-09-08,67,Warangal,Individual,2023-04-26,8241772248,juhi.mishra71@gmail.com
M002294,Bhavna,Khanna,Female,1988-11-13,37,Mumbai,Individual,2020-01-09,8477643187,bhavna.khanna95@gmail.com
M002295,Nisha,Shah,Female,1972-05-03,53,Madurai,Family,2021-04-26,8555536641,nisha.shah47@outlook.com
M002296,Pooja,Pandey,M,1963-10-14,62,Mangaluru,Individual,2023-09-13,8379586678,pooja.pandey11@yahoo.com
M002297,Ankit,Khanna,Male,1981-04-10,44,Visakhapatnam,Individual,2024-07-21,8318115681,ankit.khanna12@outlook.com
M002298,Charu,Mehta,Female,1965-06-24,60,Mysuru,Individual,2025-01-07,8366361740,charu.mehta9@gmail.com
M002299,Ojasvi,Ahluwalia,Female,1989-08-25,36,Mangaluru,Family,2020-06-13,8651264423,ojasvi.ahluwalia22@yahoo.com
M002300,Sneha,Desai,Female,1962-09-26,63,Gurugram,Family,2023-08-02,8676576028,sneha.desai45@outlook.com
M002301,Siddharth,Pandey,Male,2005-10-23,20,Warangal,Corporate,2022-12-21,8793553996,siddharth.pandey66@outlook.com
M002302,Arvind,Sharma,Male,1992-01-30,33,Kochi,Corporate,2025-08-20,8723164180,arvind.sharma54@outlook.com
M002303,Ishaan,Iyer,Male,1992-08-04,33,Warangal,Individual,2022-08-02,8767165680,ishaan.iyer9@outlook.com
M002304,Meghna,Malhotra,Female,1989-05-28,36,Chennai,Corporate,2024-01-12,8204404996,meghna.malhotra64@outlook.com
M002305,Rohit,Ahluwalia,Male,1962-03-30,63,Kochi,Family,2020-09-11,8960682080,rohit.ahluwalia30@yahoo.com
M002306,Tanvi,Verma,Female,2001-05-26,24,Kochi,Individual,2020-10-18,8973876890,tanvi.verma12@outlook.com
M002307,Dev,Reddy,Male,1978-03-17,47,Chennai,Individual,2025-05-24,8435899737,dev.reddy69@outlook.com
M002308,Neha,Bhatia,Female,1985-06-18,40,Chennai,Family,2020-03-15,8351049012,neha.bhatia61@outlook.com
M002309,Charu,Iyer,Female,1988-08-11,37,Delhi,Individual,2025-11-18,8789663703,charu.iyer91@gmail.com
M002310,Aditi,Chopra,Female,1960-03-03,65,Chennai,Corporate,2024-02-18,8686960247,aditi.chopra66@gmail.com
M002311,Kavita,Sharma,Female,1965-11-17,60,Bengaluru,Individual,2023-10-21,8060197616,kavita.sharma85@yahoo.com
M002312,Sneha,Iyer,Female,2005-01-10,20,Chennai,Individual,2022-12-15,8838698817,sneha.iyer28@yahoo.com
M002313,Ojasvi,Kapoor,Female,1984-02-21,41,Chennai,Corporate,2021-02-18,8337162477,ojasvi.kapoor58@yahoo.com
M002314,Sneha,Desai,Female,1981-07-29,44,Kozhikode,Family,2020-05-11,8555806127,sneha.desai80@gmail.com
M002315,Ishaan,Shah,Male,2000-01-13,25,Gurugram,Individual,2020-01-03,8942129513,ishaan.shah86@gmail.com
M002316,Gaurav,Mishra,Male,1964-12-01,61,Coimbatore,Individual,2022-08-23,8114521886,gaurav.mishra53@gmail.com
M002317,Dev,Chawla,Female,1956-10-04,69,Thiruvananthapuram,Corporate,2022-03-05,8822351745,dev.chawla19@outlook.com
M002318,Vivek,Desai,Male,1995-01-15,30,Mumbai,Family,2025-05-15,8618859306,vivek.desai4@yahoo.com
M002319,Puneet,Mehta,Male,1959-02-15,66,Kozhikode,Individual,2020-05-22,8597111015,puneet.mehta10@yahoo.com
M002320,Ankit,Verma,Male,1973-12-30,52,Chennai,Individual,2023-10-13,8986170197,ankit.verma42@yahoo.com
M002321,Aryan,Verma,Male,1959-01-02,66,Kozhikode,Family,2024-12-09,8428582205,aryan.verma97@yahoo.com
M002322,Aditi,Rao,Female,1996-05-09,29,Kozhikode,Corporate,2021-09-16,8671828875,aditi.rao78@gmail.com
M002323,Tanvi,Bhatia,Female,2004-12-15,21,Mumbai,Individual,2024-03-13,8473465012,tanvi.bhatia27@gmail.com
M002324,Sneha,Choudhary,Female,1978-09-03,47,Kozhikode,Family,2021-01-29,8279840551,sneha.choudhary30@outlook.com
M002325,Gaurav,Mehta,Male,2001-08-04,24,Mumbai,Family,2021-02-04,8467963698,gauravmehtagmail.com
M002326,Rakesh,Pandey,Male,1988-01-14,37,Bengaluru,Individual,2020-12-28,8909202106,rakesh.pandey84@yahoo.com
M002327,Juhi,Bansal,Female,1989-05-12,36,Madurai,Family,2022-02-22,8725123552,juhi.bansal14@outlook.com
M002328,Aditya,Agarwal,Male,1979-05-01,46,Mangaluru,Individual,2021-06-06,8347901194,aditya.agarwal52@yahoo.com
M002329,Sanya,Ahluwalia,Female,1992-10-11,33,Visakhapatnam,Individual,2024-06-06,8213278810,sanya.ahluwalia24@gmail.com
M002330,Charu,Menon,Female,1965-01-12,60,Mumbai,Corporate,2022-05-15,8800822393,charu.menon5@yahoo.com
M002331,Nikhil,Malhotra,M,2001-06-03,24,Kochi,Individual,2021-06-27,8848740044,nikhil.malhotra57@yahoo.com
M002332,Arvind,Reddy,Male,2004-05-27,21,Bengaluru,Family,2021-10-21,8049036692,arvind.reddy76@outlook.com
M002333,Gaurav,Sharma,Male,1980-12-19,45,Mysuru,Family,2025-08-01,8363601100,gaurav.sharma70@outlook.com
M002334,Ritu,Agarwal,Female,1970-04-27,55,Chennai,Individual,2023-03-12,8315759177,ritu.agarwal17@yahoo.com
M002335,Amit,Pandey,Male,1965-08-15,60,Kozhikode,Individual,2025-09-05,8064742890,amit.pandey68@outlook.com
M002336,Vihaan,Mehta,Male,1993-03-14,32,Pune,Individual,2025-07-14,8854395640,vihaan.mehta71@yahoo.com
M002337,Vihaan,Menon,Male,1960-11-21,65,Coimbatore,Family,2022-11-05,8125991724,vihaan.menon14@yahoo.com
M002338,Falguni,Bhatia,Male,1991-10-07,34,Mumbai,Corporate,2023-06-14,8621288588,falguni.bhatia24@outlook.com
M002339,Tanvi,Kulkarni,Female,1972-04-22,53,Hyderabad,Family,2021-01-16,8964471736,tanvi.kulkarni16@yahoo.com
M002340,Kabir,Patel,Male,1956-12-15,69,Kozhikode,Individual,2025-08-24,8223691756,kabir.patel47@yahoo.com
M002341,Ankit,Chawla,Male,1995-01-17,30,Bengaluru,Family,2025-10-19,8517878706,ankit.chawla41@yahoo.com
M002342,Vihaan,Reddy,Male,1966-05-20,59,Hyderabad,Corporate,2021-11-07,8771172907,vihaan.reddy76@outlook.com
M002343,Karan,Kapoor,Male,2004-08-05,21,Kozhikode,Corporate,2024-05-31,8245242651,karan.kapoor22@gmail.com
M002344,Rakesh,Choudhary,Male,2000-02-27,25,Vijayawada,Family,2021-11-29,8705811812,rakesh.choudhary41@yahoo.com
M002345,Ankit,Pandey,Male,1968-03-26,57,Visakhapatnam,Individual,2022-11-02,8658271038,ankit.pandey88@outlook.com
M002346,Shaurya,Khanna,Male,1988-02-23,37,Gurugram,Individual,2021-05-05,8643161977,shaurya.khanna29@outlook.com
M002347,Kabir,Khanna,M,1972-03-22,53,Visakhapatnam,Family,2025-08-11,8138192053,kabir.khanna86@outlook.com
M002348,Manish,Desai,Male,1967-10-15,58,Mysuru,Individual,2024-04-15,8362867049,manish.desai78@yahoo.com
M002349,Sanjay,Chopra,Male,1964-04-18,61,Delhi,Corporate,2025-12-14,8095076053,sanjay.chopra74@gmail.com
M002350,Saurabh,Patel,Male,1961-06-17,64,Warangal,Family,2022-01-07,8668725026,saurabh.patel97@yahoo.com
M002351,Amit,Verma,Male,1992-12-19,33,Hyderabad,Individual,2020-11-27,8018272238,amit.verma76@gmail.com
M002352,Meghna,Bhatia,Female,1958-09-14,67,Visakhapatnam,Family,2022-04-11,8355771481,meghna.bhatia8@outlook.com
M002353,Dev,Choudhary,Male,1978-06-18,47,Chennai,Family,2020-12-23,8450617525,dev.choudhary36@gmail.com
M002354,Diya,Saxena,M,1976-01-25,49,Kozhikode,Family,2020-03-06,8932517151,diya.saxena47@outlook.com
M002355,Vivek,Shah,Male,1977-05-25,48,Pune,Individual,2024-05-31,8295087355,vivek.shah97@outlook.com
M002356,Priyal,Kulkarni,Female,2004-08-03,21,Coimbatore,Corporate,2025-04-16,8263266745,priyal.kulkarni10@gmail.com
M002357,Kabir,Agarwal,Male,1958-04-26,67,Mangaluru,Family,2022-12-01,8300480461,kabir.agarwal1@yahoo.com
M002358,Arvind,Rao,Male,1994-12-20,31,Mangaluru,Individual,2024-07-07,8174388108,arvind.rao12@outlook.com
M002359,Arvind,Chawla,M,2005-10-08,20,Ahmedabad,Corporate,2022-09-09,8256867878,arvind.chawla5@yahoo.com
M002360,Yash,Rao,Male,2002-03-28,23,Kozhikode,Individual,2024-12-20,8708532427,yash.rao80@outlook.com
M002361,Juhi,Kapoor,Female,2002-11-24,23,Kochi,Individual,2022-10-18,8737151115,juhi.kapoor89@gmail.com
M002362,Isha,Sharma,Female,2000-01-05,25,Gurugram,Family,2023-08-01,8440671739,isha.sharma35@gmail.com
M002363,Rohit,Saxena,Male,1984-02-19,41,Mangaluru,Corporate,2023-08-14,8000345199,rohit.saxena95@yahoo.com
M002364,Arvind,Gupta,Male,1995-12-16,30,Kochi,Corporate,2021-03-15,8697325991,arvindguptagmail.com
M002365,Preeti,Khanna,Female,1993-03-15,32,Madurai,Individual,2022-06-02,8714597052,preeti.khanna39@outlook.com
M002366,Arvind,Ahluwalia,Male,1976-06-11,49,Kochi,Individual,2022-06-13,8126737360,arvind.ahluwalia79@yahoo.com
M002367,Vihaan,Desai,Male,1964-12-25,61,Kochi,Family,2021-12-17,8246369942,vihaan.desai57@yahoo.com
M002368,Amit,Patel,Male,2002-09-07,23,Visakhapatnam,Individual,2024-03-13,8086005653,amit.patel27@yahoo.com
M002369,Nisha,Menon,Female,2004-04-29,21,Thiruvananthapuram,Individual,2025-01-01,8474706963,nisha.menon84@gmail.com
M002370,Sanya,Bansal,Female,1962-06-24,63,Coimbatore,Corporate,2020-09-15,8819528221,sanya.bansal6@yahoo.com
M002371,Bhavna,Chawla,Female,1981-11-02,44,Thiruvananthapuram,Corporate,2023-12-14,8227618323,bhavna.chawla93@outlook.com
M002372,Rajat,Agarwal,Male,1978-09-28,47,Mysuru,Corporate,2023-09-24,8300437527,rajat.agarwal24@yahoo.com
M002373,Gaurav,Saxena,Male,1955-05-05,70,Madurai,Family,2021-11-24,8069543352,gaurav.saxena61@outlook.com
M002374,Siddharth,Kulkarni,Male,1979-02-18,46,Kochi,Individual,2022-01-04,8679381377,siddharth.kulkarni15@outlook.com
M002375,Manish,Patel,Male,1958-01-31,67,Vijayawada,Individual,2023-06-10,8234914481,manish.patel49@gmail.com
M002376,Tushar,Malhotra,F,2003-04-28,22,Kochi,Corporate,2022-04-15,8605042602,tushar.malhotra25@gmail.com
M002377,Isha,Choudhary,Female,1973-07-15,52,Kochi,Individual,2023-06-06,8268531515,isha.choudhary59@yahoo.com
M002378,Sneha,Kapoor,M,1970-11-08,55,Kochi,Corporate,2022-06-03,8555704186,
M002379,Preeti,Verma,Female,1972-04-10,53,Gurugram,Family,2020-01-23,8935743732,preeti.verma92@yahoo.com
M002380,Dev,Chopra,Male,1986-01-08,39,Ahmedabad,Individual,2021-02-24,8624188864,dev.chopra78@gmail.com
M002381,Diya,Saxena,Male,1976-06-04,49,Warangal,Individual,2023-09-23,8047477066,diya.saxena7@gmail.com
M002382,Puneet,Rao,Male,1991-10-11,34,Madurai,Individual,2024-07-25,8164644222,puneet.rao25@yahoo.com
M002383,Ojasvi,Saxena,Female,1990-05-02,35,Madurai,Individual,2023-11-10,8314607402,ojasvi.saxena22@yahoo.com
M002384,Kabir,Reddy,Male,1965-06-30,60,Kozhikode,Individual,2023-09-22,8453587346,kabir.reddy82@yahoo.com
M002385,Garima,Ahluwalia,Female,1990-01-30,35,Madurai,Individual,2022-03-14,8518508131,garima.ahluwalia7@outlook.com
M002386,Kavita,Sharma,Female,1973-07-02,52,Pune,Corporate,2020-09-22,8352462794,kavita.sharma63@outlook.com
M002387,Sneha,Gupta,Female,1958-01-23,67,Delhi,Family,2020-02-14,8755364067,sneha.gupta78@outlook.com
M002388,Mansi,Chawla,Female,1971-10-16,54,Kozhikode,Family,2021-10-22,8330275803,mansi.chawla58@yahoo.com
M002389,Garima,Iyer,Female,1982-04-08,43,Hyderabad,Family,2023-02-12,8072542261,garima.iyer7@outlook.com
M002390,Puneet,Nair,Male,1995-12-31,30,Thiruvananthapuram,Corporate,2024-01-29,8492947964,puneet.nair84@gmail.com
M002391,Aryan,Menon,Male,1993-12-17,32,Mysuru,Individual,2025-07-27,8884239374,aryan.menon41@gmail.com
M002392,Yash,Menon,Male,1961-10-27,64,Mysuru,Family,2021-06-21,8851337629,
M002393,Ojasvi,Tiwari,Female,1960-05-11,65,Gurugram,Individual,2023-12-19,8470809743,ojasvi.tiwari50@gmail.com
M002394,Manish,Chawla,Male,1998-01-23,27,Kozhikode,Individual,2024-02-15,8597855754,manish.chawla84@outlook.com
M002395,Kavita,Bhatia,Female,1977-12-07,48,Chennai,Individual,2020-08-01,8061959676,kavita.bhatia33@outlook.com
M002396,Riya,Patel,Female,2001-06-15,24,Pune,Individual,2024-04-24,8022329739,riya.patel24@gmail.com
M002397,Nikhil,Patel,Male,1973-02-06,52,Gurugram,Individual,2024-09-27,8047595092,nikhil.patel73@yahoo.com
M002398,Rohit,Bhatia,Male,1999-01-29,26,Thiruvananthapuram,Family,2022-05-11,8023159782,rohit.bhatia99@gmail.com
M002399,Shaurya,Nair,Male,1977-11-18,48,Warangal,Individual,2024-03-23,8283988672,shaurya.nair68@gmail.com
M002400,Tanvi,Patel,Female,1964-12-07,61,Coimbatore,Individual,2024-01-04,8081639991,tanvi.patel82@gmail.com
M002401,Ankit,Rao,Male,1998-06-18,27,Mangaluru,Individual,2024-03-10,8877166431,ankit.rao11@outlook.com
M002402,Kirti,Pandey,Female,1997-01-01,28,Madurai,Corporate,2021-03-21,8256970319,kirti.pandey74@yahoo.com
M002403,Aditya,Desai,Male,2005-04-15,20,Kochi,Individual,2021-01-10,8059603136,
M002404,Pooja,Nair,Female,2004-12-03,21,Chennai,Corporate,2022-08-27,8455348884,pooja.nair91@gmail.com
M002405,Sanya,Chopra,Female,1962-03-18,63,Delhi,Family,2025-10-09,8084411771,sanya.chopra63@yahoo.com
M002406,Nidhi,Pandey,Female,1958-11-20,67,Gurugram,Individual,2022-11-03,8487276821,nidhi.pandey24@yahoo.com
M002407,Rohan,Patel,Male,1973-07-10,52,Chennai,Family,2024-10-23,8624637144,rohan.patel7@gmail.com
M002408,Aditi,Menon,Male,1956-12-24,69,Kochi,Individual,2024-11-22,8560757750,aditi.menon17@gmail.com
M002409,Vivek,Chopra,Male,1972-06-22,53,Bengaluru,Corporate,2023-12-07,8706349307,vivek.chopra85@outlook.com
M002410,Vivek,Kulkarni,Male,1999-06-17,26,Mangaluru,Individual,2024-11-03,8888927664,vivek.kulkarni54@outlook.com
M002411,Priyal,Desai,Female,1971-01-21,54,Thiruvananthapuram,Corporate,2020-10-08,8312255210,priyal.desai80@outlook.com
M002412,Bhavna,Ahluwalia,Female,1994-08-22,31,Warangal,Family,2024-04-14,8101075215,bhavna.ahluwalia85@gmail.com
M002413,Tushar,Mishra,Male,1992-12-26,33,Hyderabad,Individual,2025-10-07,8424957312,tushar.mishra64@gmail.com
M002414,Ankit,Bansal,Male,1962-04-28,63,Vijayawada,Family,2023-04-20,8860177090,ankit.bansal36@yahoo.com
M002415,Sanya,Rao,Female,1961-05-13,64,Thiruvananthapuram,Individual,2020-09-16,8861054352,sanya.rao65@outlook.com
M002416,Yash,Joshi,Male,1984-06-18,41,Chennai,Individual,2024-12-05,8845669948,yash.joshi49@outlook.com
M002417,Anjali,Verma,Female,1994-03-13,31,Vijayawada,Individual,2023-10-23,8523922216,anjali.verma51@outlook.com
M002418,Puneet,Saxena,Male,2003-10-03,22,Thiruvananthapuram,Family,2025-09-09,8072693648,puneet.saxena46@yahoo.com
M002419,Shaurya,Gupta,Male,1974-04-05,51,Hyderabad,Family,2020-03-07,8973148251,shaurya.gupta97@gmail.com
M002420,Esha,Iyer,Female,1993-06-30,32,Vijayawada,Corporate,2021-06-07,8786652751,esha.iyer90@yahoo.com
M002421,Ankit,Pandey,Male,1974-04-10,51,Hyderabad,Corporate,2025-05-13,8354780444,ankit.pandey22@gmail.com
M002422,Nisha,Bhatia,Female,1966-11-06,59,Warangal,Individual,2020-05-01,8859508502,nisha.bhatia71@yahoo.com
M002423,Nisha,Kapoor,Female,1980-06-01,45,Mangaluru,Corporate,2020-07-10,8007597658,nisha.kapoor2@outlook.com
M002424,Preeti,Agarwal,Female,1990-02-13,35,Vijayawada,Family,2023-04-28,8215755105,preeti.agarwal67@gmail.com
M002425,Nikhil,Mehta,Male,1982-04-07,43,Kochi,Individual,2022-03-03,8315606800,nikhil.mehta42@yahoo.com
M002426,Diya,Tiwari,Female,1976-03-05,49,Chennai,Family,2020-02-14,8248264115,diya.tiwari40@gmail.com
M002427,Pooja,Choudhary,Female,1980-03-05,45,Mysuru,Individual,2023-03-21,8288447366,pooja.choudhary48@outlook.com
M002428,Falguni,Joshi,Female,1985-12-16,40,Pune,Individual,2023-10-15,8883755374,falguni.joshi58@gmail.com
M002429,Garima,Patel,Female,2000-06-15,25,Pune,Individual,2020-05-22,8903386571,garima.patel45@yahoo.com
M002430,Diya,Chawla,Female,1987-04-28,38,Mangaluru,Family,2021-04-11,8727507884,diyachawlagmail.com
M002431,Neha,Chopra,Female,2001-06-20,24,Coimbatore,Individual,2023-11-19,8324826885,neha.chopra76@yahoo.com
M002432,Preeti,Mehta,M,1992-08-11,33,Mangaluru,Individual,2022-02-23,8649575081,preeti.mehta11@yahoo.com
M002433,Aditi,Mehta,Female,1977-03-03,48,Delhi,Individual,2025-09-21,8953275840,aditi.mehta19@yahoo.com
M002434,Nidhi,Bhatia,Female,1981-05-25,44,Delhi,Individual,2024-03-26,8609172306,nidhi.bhatia50@outlook.com
M002435,Aditya,Nair,Male,1980-10-25,45,Chennai,Corporate,2022-02-01,8254768623,aditya.nair12@yahoo.com
M002436,Juhi,Sharma,Female,1986-11-08,39,Coimbatore,Corporate,2025-03-16,8123830325,juhi.sharma28@yahoo.com
M002437,Garima,Mehta,Female,1997-06-04,28,Kochi,Corporate,2023-12-07,8695320155,garima.mehta81@yahoo.com
M002438,Aditi,Shah,Female,1967-08-01,58,Kochi,Individual,2024-05-04,8506008755,aditi.shah80@gmail.com
M002439,Falguni,Malhotra,Female,2004-03-20,21,Gurugram,Family,2022-06-01,8475134424,falguni.malhotra83@outlook.com
M002440,Aditya,Rao,Male,1958-12-10,67,Ahmedabad,Family,2023-04-12,8561936230,aditya.rao4@yahoo.com
M002441,Rakesh,Nair,Male,1960-01-20,65,Ahmedabad,Corporate,2023-09-25,8355523477,rakesh.nair71@outlook.com
M002442,Garima,Patel,Female,1992-08-05,33,Warangal,Individual,2022-09-20,8324245075,garima.patel39@gmail.com
M002443,Arvind,Ahluwalia,Male,1992-02-14,33,Madurai,Corporate,2025-06-25,8170974628,arvind.ahluwalia86@yahoo.com
M002444,Nisha,Choudhary,Female,1964-08-10,61,Thiruvananthapuram,Individual,2023-03-04,8750032461,nisha.choudhary77@yahoo.com
M002445,Sneha,Saxena,F,1994-06-25,31,Hyderabad,Corporate,2023-12-29,8902558231,sneha.saxena98@yahoo.com
M002446,Karan,Ahluwalia,Male,1988-06-28,37,Mangaluru,Individual,2023-10-30,8309976095,karanahluwalia@@gmail.com
M002447,Ankit,Rao,Male,1957-05-25,68,Bengaluru,Individual,2022-11-04,8537461199,ankit.rao48@yahoo.com
M002448,Sameer,Nair,Male,1964-05-12,61,Mumbai,Individual,2022-08-19,8922829000,sameer.nair94@gmail.com
M002449,Esha,Gupta,Female,1987-11-01,38,Bengaluru,Corporate,2023-06-01,8875519356,esha.gupta42@outlook.com
M002450,Nidhi,Agarwal,Female,1984-12-29,41,Madurai,Family,2024-01-25,8121109473,nidhi.agarwal61@yahoo.com
M002451,Dev,Chawla,Male,1989-11-25,36,Madurai,Individual,2022-04-25,8347502351,dev.chawla86@yahoo.com
M002452,Sanya,Kulkarni,Female,1963-03-01,62,Hyderabad,Individual,2022-06-19,8146417189,sanya.kulkarni8@outlook.com
M002453,Karan,Ahluwalia,Male,2002-09-14,23,Visakhapatnam,Corporate,2020-05-11,8917495681,karan.ahluwalia46@outlook.com
M002454,Nisha,Gupta,Female,1979-10-30,46,Gurugram,Corporate,2025-10-28,8285583764,nisha.gupta85@gmail.com
M002455,Ishaan,Chawla,Male,1966-05-14,59,Delhi,Individual,2024-09-25,8188856306,ishaan.chawla89@outlook.com
M002456,Swati,Khanna,Female,1960-08-06,65,Mumbai,Individual,2021-10-29,8588753332,swati.khanna5@outlook.com
M002457,Esha,Malhotra,Female,2001-12-17,24,Pune,Individual,2024-02-25,8815292079,esha.malhotra56@yahoo.com
M002458,Falguni,Joshi,Female,2005-05-04,20,Coimbatore,Corporate,2021-06-04,8070014376,falguni.joshi64@yahoo.com
M002459,Karan,Iyer,Male,1962-05-03,63,Visakhapatnam,Individual,2023-11-12,8444437909,karan.iyer80@gmail.com
M002460,Sameer,Iyer,Male,1997-07-31,28,Madurai,Family,2020-05-25,8197805595,sameer.iyer44@gmail.com
M002461,Dev,Saxena,Male,1981-08-27,44,Bengaluru,Corporate,2022-04-14,8416597193,dev.saxena79@outlook.com
M002462,Shweta,Choudhary,Female,1971-09-21,54,Mumbai,Individual,2025-02-03,8329283843,shweta.choudhary64@outlook.com
M002463,Bhavna,Sharma,Female,1989-06-10,36,Mangaluru,Family,2024-12-03,8380020627,bhavna.sharma88@outlook.com
M002464,Nidhi,Mehta,Female,1965-05-10,60,Coimbatore,Family,2020-02-09,8222111081,
M002465,Tushar,Malhotra,Male,1955-03-10,70,Thiruvananthapuram,Individual,2023-06-27,8839163182,tushar.malhotra48@gmail.com
M002466,Ankit,Khanna,Male,1971-08-09,54,Thiruvananthapuram,Individual,2023-09-11,8017612605,ankit.khanna89@yahoo.com
M002467,Karan,Kulkarni,Male,1956-01-17,69,Mumbai,Family,2025-12-02,8669961746,karan.kulkarni20@yahoo.com
M002468,Karan,Patel,Male,1959-09-16,66,Pune,Corporate,2023-12-17,8471831751,karan.patel49@outlook.com
M002469,Kavita,Bhatia,Female,1996-10-17,29,Delhi,Individual,2023-03-02,8268462734,kavita.bhatia72@gmail.com
M002470,Sanya,Choudhary,Male,1970-12-01,55,Gurugram,Individual,2022-03-10,8727200543,sanya.choudhary89@yahoo.com
M002471,Kavita,Gupta,Female,1988-08-20,37,Mysuru,Family,2021-04-23,8807482610,kavita.gupta3@gmail.com
M002472,Ishaan,Ahluwalia,Male,2004-06-26,21,Chennai,Family,2020-09-14,8977466874,ishaan.ahluwalia48@outlook.com
M002473,Siddharth,Kapoor,Male,2005-06-17,20,Vijayawada,Individual,2020-02-10,8412264172,siddharth.kapoor67@gmail.com
M002474,Karan,Joshi,Male,1956-09-27,69,Madurai,Individual,2020-07-31,8757018861,karan.joshi74@yahoo.com
M002475,Vikram,Tiwari,Male,1982-09-03,43,Warangal,Individual,2024-04-07,8495722785,vikram.tiwari46@gmail.com
M002476,Aryan,Gupta,Male,1963-03-07,62,Gurugram,Family,2020-12-30,8711575757,aryan.gupta11@gmail.com
M002477,Ishaan,Nair,Male,2000-02-03,25,Delhi,Corporate,2024-02-21,8867954993,ishaan.nair42@yahoo.com
M002478,Dev,Mehta,Male,2000-08-13,25,Warangal,Family,2024-06-30,8734625451,dev.mehta54@outlook.com
M002479,Sneha,Bansal,Female,2003-08-28,22,Delhi,Family,2020-03-10,8930523955,sneha.bansal59@gmail.com
M002480,Rohan,Patel,Male,1960-10-30,65,Chennai,Individual,2024-11-27,8861593142,rohan.patel35@yahoo.com
M002481,Aditi,Joshi,Female,1964-12-16,61,Gurugram,Corporate,2024-02-22,8061386670,aditi.joshi57@outlook.com
M002482,Dev,Agarwal,Male,2004-04-03,21,Chennai,Individual,2022-01-30,8132872273,dev.agarwal69@outlook.com
M002483,Tanvi,Sharma,Female,1972-07-21,53,Bengaluru,Individual,2023-09-02,8337837949,tanvi.sharma52@gmail.com
M002484,Garima,Ahluwalia,Female,1994-09-20,31,Mumbai,Family,2021-03-09,8176699558,garima.ahluwalia5@yahoo.com
M002485,Siddharth,Verma,Male,1990-01-11,35,Gurugram,Individual,2024-01-22,8345737500,siddharth.verma89@gmail.com
M002486,Kabir,Sharma,Male,1955-05-11,70,Gurugram,Individual,2024-03-11,8187446458,kabir.sharma12@outlook.com
M002487,Ankit,Ahluwalia,Male,2002-08-24,23,Gurugram,Family,2022-04-25,8083582625,ankit.ahluwalia90@outlook.com
M002488,Vikram,Bhatia,Female,1977-01-12,48,Bengaluru,Individual,2020-10-07,8086272067,vikram.bhatia61@yahoo.com
M002489,Tanvi,Agarwal,Male,1981-06-07,44,Thiruvananthapuram,Individual,2022-11-26,8196798841,tanvi.agarwal1@yahoo.com
M002490,Karan,Malhotra,Male,1979-11-23,46,Madurai,Corporate,2022-02-02,8799681681,karan.malhotra88@outlook.com
M002491,Aditya,Ahluwalia,Male,1964-03-19,61,Ahmedabad,Individual,2025-02-01,8280019602,aditya.ahluwalia59@yahoo.com
M002492,Arvind,Reddy,Male,1993-07-14,32,Pune,Corporate,2021-09-12,8536906534,arvind.reddy32@yahoo.com
M002493,Priyal,Bhatia,M,1981-12-13,44,Kozhikode,Family,2021-06-13,8409884588,priyalbhatiagmail.com
M002494,Neha,Rao,Female,1988-11-09,37,Mangaluru,Corporate,2022-05-20,8409319359,neha.rao24@outlook.com
M002495,Tanvi,Malhotra,Female,2000-01-06,25,Warangal,Individual,2023-12-19,8576511194,tanvi.malhotra21@outlook.com
M002496,Charu,Iyer,Female,1965-07-10,60,Mumbai,Corporate,2022-02-10,8917979771,charu.iyer3@outlook.com
M002497,Amit,Tiwari,Male,1979-06-11,46,Gurugram,Individual,2023-10-17,8996198337,
M002498,Isha,Tiwari,Female,1988-06-13,37,Coimbatore,Family,2020-03-13,8752741523,isha.tiwari87@outlook.com
M002499,Preeti,Agarwal,Female,1996-02-23,29,Kozhikode,Family,2020-07-22,8724546038,preeti.agarwal15@yahoo.com
M002500,Mansi,Patel,Female,1983-01-08,42,Bengaluru,Family,2024-06-13,8819061196,mansi.patel77@gmail.com
