subscription_id,member_id,package_id,subscription_date,expiry_date,payment_status
PS00001,M000205,PK021,2024-05-07,2025-05-07,Paid
PS00002,M000447,PK003,2025-05-06,2026-05-06,Paid
PS00003,M001101,PK029,2024-04-07,2025-04-07,Paid
PS00004,M001649,PK033,2025-08-10,2026-08-10,Pending
PS00005,M001647,PK036,2024-03-15,2024-09-11,Paid
PS00006,M001368,PK040,2024-07-17,2025-07-17,Paid
PS00007,M001920,PK013,2025-02-15,2025-08-14,Paid
PS00008,M000165,PK027,2025-07-11,2026-07-11,Paid
PS00009,M000065,PK025,2025-06-12,2026-06-12,Paid
PS00010,M001696,PK031,2024-08-13,2025-08-13,Pending
PS00011,M000427,PK038,2025-04-25,2026-04-25,Paid
PS00012,M001220,PK023,2025-08-13,2026-02-09,Refunded
PS00013,M001270,PK030,2025-04-16,2026-04-16,Paid
PS00014,M001769,PK018,2025-12-11,2026-12-11,Paid
PS00015,M001189,PK008,2024-01-17,2024-07-15,Paid
PS00016,M000691,PK035,2024-08-12,2025-08-12,Pending
PS00017,M001159,PK030,2025-12-03,2026-12-03,Paid
PS00018,M001435,PK013,2024-01-20,2024-07-18,Refunded
PS00019,M000821,PK026,2025-03-19,2026-03-19,Pending
PS00020,M000937,PK019,2025-01-08,2026-01-08,Paid
PS00021,M002407,PK004,2025-05-19,2026-05-19,Paid
PS00022,M001385,PK002,2024-09-14,2025-09-14,Paid
PS00023,M001562,PK012,2024-04-05,2024-10-02,Paid
PS00024,M001845,PK024,2024-04-13,2025-04-13,Paid
PS00025,M002052,PK033,2024-10-08,2025-10-08,Refunded
PS00026,M000414,PK003,2025-02-02,2026-02-02,Paid
PS00027,M001436,PK008,2025-10-08,2026-04-06,Paid
PS00028,M001440,PK040,2025-07-06,2026-07-06,Paid
PS00029,M001187,PK024,2025-08-20,2026-08-20,Paid
PS00030,M000120,PK034,2025-07-19,2026-07-19,Paid
PS00031,M000088,PK037,2025-03-23,2025-09-19,Paid
PS00032,M001096,PK001,2025-10-21,2026-10-21,Pending
PS00033,M000928,PK029,2025-10-19,2026-10-19,Paid
PS00034,M001049,PK031,2025-12-10,2026-12-10,Paid
PS00035,M001413,PK040,2025-04-07,2026-04-07,Paid
PS00036,M002001,PK009,2025-08-30,2026-08-30,Paid
PS00037,M001618,PK017,2025-03-27,2026-03-27,Paid
PS00038,M001414,PK021,2025-01-01,2026-01-01,Paid
PS00039,M001524,PK017,2024-10-31,2025-10-31,Paid
PS00040,M002392,PK005,2024-09-05,2025-03-04,Paid
PS00041,M001748,PK007,2025-01-04,2026-01-04,Paid
PS00042,M000500,PK017,2024-07-16,2025-07-16,Paid
PS00043,M001967,PK039,2024-03-06,2024-09-02,Paid
PS00044,M001375,PK028,2025-06-28,2026-06-28,Paid
PS00045,M000679,PK018,2025-06-28,2026-06-28,Paid
PS00046,M001375,PK007,2024-04-05,2025-04-05,Paid
PS00047,M002395,PK038,2024-05-03,2025-05-03,Refunded
PS00048,M000135,PK009,2024-07-08,2025-07-08,Pending
PS00049,M000206,PK005,2025-04-28,2025-10-25,Paid
PS00050,M001897,PK037,2025-08-17,2026-02-13,Pending
PS00051,M001564,PK019,2025-02-26,2026-02-26,Paid
PS00052,M001326,PK008,2025-06-02,2025-11-29,Paid
PS00053,M002231,PK022,2024-05-09,2025-05-09,Pending
PS00054,M001936,PK023,2024-10-05,2025-04-03,Paid
PS00055,M000585,PK006,2025-08-30,2026-08-30,Paid
PS00056,M000658,PK012,2024-03-13,2024-09-09,Paid
PS00057,M001496,PK007,2024-12-19,2025-12-19,Paid
PS00058,M000922,PK011,2024-10-30,2025-10-30,Paid
PS00059,M002230,PK016,2025-03-06,2025-09-02,Paid
PS00060,M001125,PK028,2025-11-21,2026-11-21,Paid
PS00061,M001587,PK024,2024-07-29,2025-07-29,Paid
PS00062,M000133,PK009,2024-11-25,2025-11-25,Paid
PS00063,M001663,PK030,2025-04-22,2026-04-22,Paid
PS00064,M000763,PK022,2024-08-17,2025-08-17,Paid
PS00065,M000858,PK002,2025-06-27,2026-06-27,Paid
PS00066,M000197,PK036,2025-06-28,2025-12-25,Pending
PS00067,M001966,PK009,2024-12-08,2025-12-08,Paid
PS00068,M001174,PK011,2024-11-10,2025-11-10,Paid
PS00069,M000516,PK011,2024-11-18,2025-11-18,Paid
PS00070,M001996,PK020,2025-03-27,2025-09-23,Paid
PS00071,M001323,PK012,2025-12-09,2026-06-07,Paid
PS00072,M001612,PK019,2024-09-25,2025-09-25,Paid
PS00073,M000249,PK024,2024-01-05,2025-01-04,Paid
PS00074,M000671,PK019,2024-09-12,2025-09-12,Paid
PS00075,M001848,PK023,2025-04-28,2025-10-25,Paid
PS00076,M000349,PK034,2024-12-22,2025-12-22,Paid
PS00077,M002150,PK009,2024-03-17,2025-03-17,Paid
PS00078,M002290,PK022,2025-10-23,2026-10-23,Paid
PS00079,M000166,PK021,2025-07-12,2026-07-12,Paid
PS00080,M001635,PK016,2025-05-27,2025-11-23,Paid
PS00081,M000217,PK037,2024-08-28,2025-02-24,Paid
PS00082,M000501,PK035,2024-12-01,2025-12-01,Paid
PS00083,M001843,PK007,2024-02-14,2025-02-13,Paid
PS00084,M001848,PK014,2025-06-11,2026-06-11,Paid
PS00085,M002367,PK036,2024-11-16,2025-05-15,Paid
PS00086,M000293,PK007,2025-01-08,2026-01-08,Paid
PS00087,M000348,PK008,2025-10-04,2026-04-02,Paid
PS00088,M002323,PK028,2025-08-09,2026-08-09,Paid
PS00089,M000229,PK038,2025-04-06,2026-04-06,Paid
PS00090,M001127,PK020,2025-06-24,2025-12-21,Paid
PS00091,M002311,PK016,2024-03-02,2024-08-29,Paid
PS00092,M001298,PK015,2024-07-09,2025-01-05,Paid
PS00093,M000412,PK003,2025-02-17,2026-02-17,Paid
PS00094,M001698,PK024,2024-08-15,2025-08-15,Paid
PS00095,M000130,PK031,2025-11-24,2026-11-24,Paid
PS00096,M000915,PK014,2025-02-06,2026-02-06,Paid
PS00097,M000264,PK014,2024-10-11,2025-10-11,Pending
PS00098,M002297,PK037,2024-07-03,2024-12-30,Paid
PS00099,M001366,PK028,2025-05-03,2026-05-03,Paid
PS00100,M002098,PK039,2025-10-26,2026-04-24,Paid
PS00101,M001581,PK001,2024-04-01,2025-04-01,Paid
PS00102,M001973,PK016,2025-10-24,2026-04-22,Paid
PS00103,M000822,PK037,2025-05-29,2025-11-25,Paid
PS00104,M001167,PK028,2024-03-04,2025-03-04,Refunded
PS00105,M002228,PK040,2025-09-04,2026-09-04,Refunded
PS00106,M002200,PK034,2025-02-17,2026-02-17,Paid
PS00107,M001259,PK003,2025-08-21,2026-08-21,Paid
PS00108,M002289,PK038,2025-05-23,2026-05-23,Paid
PS00109,M001654,PK026,2025-03-05,2026-03-05,Paid
PS00110,M002197,PK013,2025-07-20,2026-01-16,Paid
PS00111,M001105,PK017,2025-09-07,2026-09-07,Paid
PS00112,M000096,PK020,2024-12-24,2025-06-22,Paid
PS00113,M002202,PK016,2025-07-29,2026-01-25,Pending
PS00114,M002344,PK029,2024-01-04,2025-01-03,Paid
PS00115,M000107,PK033,2025-01-16,2026-01-16,Paid
PS00116,M001530,PK003,2024-03-12,2025-03-12,Pending
PS00117,M000065,PK010,2025-11-16,2026-11-16,Pending
PS00118,M001196,PK035,2025-03-25,2026-03-25,Paid
PS00119,M002085,PK009,2025-05-07,2026-05-07,Paid
PS00120,M001780,PK035,2025-11-17,2026-11-17,Paid
PS00121,M002214,PK022,2025-01-09,2026-01-09,Paid
PS00122,M000933,PK022,2024-07-04,2025-07-04,Paid
PS00123,M000063,PK003,2025-07-27,2026-07-27,Paid
PS00124,M001924,PK001,2024-06-23,2025-06-23,Paid
PS00125,M000937,PK004,2025-05-19,2026-05-19,Paid
PS00126,M001808,PK004,2024-01-29,2025-01-28,Paid
PS00127,M000305,PK007,2025-09-18,2026-09-18,Paid
PS00128,M001503,PK034,2024-03-15,2025-03-15,Paid
PS00129,M000223,PK014,2024-12-01,2025-12-01,Refunded
PS00130,M002455,PK030,2025-09-18,2026-09-18,Pending
PS00131,M000036,PK002,2025-04-02,2026-04-02,Paid
PS00132,M002310,PK020,2025-08-03,2026-01-30,Paid
PS00133,M002227,PK040,2024-10-23,2025-10-23,Paid
PS00134,M000749,PK031,2024-10-22,2025-10-22,Pending
PS00135,M000945,PK035,2024-12-14,2025-12-14,Paid
PS00136,M002088,PK010,2024-11-16,2025-11-16,Paid
PS00137,M001839,PK012,2025-08-18,2026-02-14,Paid
PS00138,M000895,PK006,2024-09-28,2025-09-28,Paid
PS00139,M000486,PK023,2024-04-03,2024-09-30,Paid
PS00140,M002381,PK028,2024-03-18,2025-03-18,Paid
PS00141,M001139,PK007,2024-02-17,2025-02-16,Paid
PS00142,M001245,PK023,2025-10-23,2026-04-21,Paid
PS00143,M001033,PK012,2025-11-10,2026-05-09,Paid
PS00144,M001830,PK033,2025-08-23,2026-08-23,Paid
PS00145,M000858,PK002,2025-02-26,2026-02-26,Paid
PS00146,M001915,PK013,2025-05-24,2025-11-20,Paid
PS00147,M001449,PK018,2025-06-25,2026-06-25,Paid
PS00148,M002122,PK030,2024-08-25,2025-08-25,Paid
PS00149,M000649,PK015,2024-12-12,2025-06-10,Paid
PS00150,M001842,PK033,2024-09-24,2025-09-24,Paid
PS00151,M002147,PK032,2025-11-01,2026-11-01,Paid
PS00152,M000683,PK040,2024-02-18,2025-02-17,Paid
PS00153,M000479,PK006,2025-08-26,2026-08-26,Paid
PS00154,M002463,PK029,2024-04-23,2025-04-23,Paid
PS00155,M001215,PK035,2024-11-21,2025-11-21,Pending
PS00156,M000973,PK027,2025-03-15,2026-03-15,Paid
PS00157,M001664,PK008,2024-04-14,2024-10-11,Paid
PS00158,M001242,PK034,2024-03-24,2025-03-24,Paid
PS00159,M000563,PK025,2024-12-05,2025-12-05,Pending
PS00160,M002343,PK029,2024-03-06,2025-03-06,Paid
PS00161,M001463,PK018,2025-10-04,2026-10-04,Refunded
PS00162,M002469,PK027,2024-12-13,2025-12-13,Paid
PS00163,M000277,PK022,2024-06-21,2025-06-21,Paid
PS00164,M000282,PK021,2025-07-02,2026-07-02,Paid
PS00165,M000370,PK014,2024-11-28,2025-11-28,Pending
PS00166,M001909,PK035,2024-12-12,2025-12-12,Paid
PS00167,M002100,PK018,2024-12-22,2025-12-22,Paid
PS00168,M001034,PK009,2025-08-04,2026-08-04,Paid
PS00169,M000736,PK006,2025-04-12,2026-04-12,Paid
PS00170,M000927,PK022,2025-11-30,2026-11-30,Paid
PS00171,M000860,PK003,2024-06-23,2025-06-23,Refunded
PS00172,M001700,PK038,2025-04-24,2026-04-24,Paid
PS00173,M001421,PK006,2025-03-25,2026-03-25,Paid
PS00174,M002292,PK024,2025-06-24,2026-06-24,Paid
PS00175,M001122,PK009,2025-06-11,2026-06-11,Paid
PS00176,M000220,PK009,2025-06-28,2026-06-28,Paid
PS00177,M001207,PK023,2024-03-17,2024-09-13,Paid
PS00178,M001449,PK029,2024-05-21,2025-05-21,Paid
PS00179,M000258,PK029,2025-11-30,2026-11-30,Paid
PS00180,M001484,PK027,2025-05-05,2026-05-05,Paid
PS00181,M002144,PK031,2025-02-09,2026-02-09,Paid
PS00182,M002269,PK021,2024-08-20,2025-08-20,Paid
PS00183,M002294,PK014,2025-09-11,2026-09-11,Paid
PS00184,M000753,PK034,2024-11-15,2025-11-15,Paid
PS00185,M002500,PK034,2024-04-02,2025-04-02,Paid
PS00186,M001293,PK025,2024-11-24,2025-11-24,Paid
PS00187,M000416,PK028,2024-11-06,2025-11-06,Paid
PS00188,M001492,PK021,2025-01-22,2026-01-22,Paid
PS00189,M001968,PK005,2025-08-25,2026-02-21,Paid
PS00190,M001066,PK029,2025-04-14,2026-04-14,Paid
PS00191,M000597,PK030,2024-09-19,2025-09-19,Pending
PS00192,M000162,PK025,2024-06-14,2025-06-14,Paid
PS00193,M000309,PK006,2024-10-11,2025-10-11,Paid
PS00194,M000598,PK020,2025-05-12,2025-11-08,Pending
PS00195,M001772,PK005,2025-06-16,2025-12-13,Paid
PS00196,M001941,PK009,2024-01-09,2025-01-08,Paid
PS00197,M000532,PK010,2025-12-16,2026-12-16,Paid
PS00198,M000523,PK012,2024-10-21,2025-04-19,Paid
PS00199,M000494,PK002,2025-07-26,2026-07-26,Paid
PS00200,M000269,PK033,2025-12-24,2026-12-24,Paid
PS00201,M001188,PK022,2025-08-03,2026-08-03,Paid
PS00202,M001848,PK024,2025-04-04,2026-04-04,Paid
PS00203,M001639,PK003,2024-07-26,2025-07-26,Paid
PS00204,M002193,PK012,2025-11-25,2026-05-24,Paid
PS00205,M002250,PK040,2024-11-19,2025-11-19,Paid
PS00206,M000669,PK001,2024-08-15,2025-08-15,Paid
PS00207,M002285,PK027,2025-03-27,2026-03-27,Paid
PS00208,M001710,PK006,2025-12-26,2026-12-26,Paid
PS00209,M000447,PK029,2025-01-06,2026-01-06,Paid
PS00210,M000993,PK019,2024-07-27,2025-07-27,Pending
PS00211,M002113,PK009,2024-06-10,2025-06-10,Refunded
PS00212,M000523,PK026,2025-02-28,2026-02-28,Paid
PS00213,M001161,PK032,2025-01-10,2026-01-10,Paid
PS00214,M001881,PK005,2025-03-10,2025-09-06,Paid
PS00215,M000225,PK032,2024-04-26,2025-04-26,Paid
PS00216,M001015,PK002,2025-10-07,2026-10-07,Paid
PS00217,M002400,PK031,2025-07-30,2026-07-30,Paid
PS00218,M000475,PK031,2025-08-07,2026-08-07,Pending
PS00219,M002376,PK004,2025-09-15,2026-09-15,Paid
PS00220,M001814,PK035,2025-02-06,2026-02-06,Paid
PS00221,M000286,PK002,2024-12-05,2025-12-05,Paid
PS00222,M001426,PK023,2024-01-13,2024-07-11,Paid
PS00223,M001142,PK002,2025-11-22,2026-11-22,Paid
PS00224,M000261,PK031,2025-06-04,2026-06-04,Paid
PS00225,M000112,PK011,2024-10-01,2025-10-01,Paid
PS00226,M001444,PK040,2024-06-19,2025-06-19,Paid
PS00227,M002420,PK010,2024-01-31,2025-01-30,Paid
PS00228,M000965,PK027,2024-09-26,2025-09-26,Paid
PS00229,M002324,PK014,2024-12-29,2025-12-29,Paid
PS00230,M002321,PK021,2025-02-21,2026-02-21,Pending
PS00231,M001332,PK025,2025-09-11,2026-09-11,Paid
PS00232,M001486,PK004,2025-05-11,2026-05-11,Paid
PS00233,M002277,PK013,2025-12-08,2026-06-06,Paid
PS00234,M000651,PK010,2024-02-20,2025-02-19,Paid
PS00235,M001146,PK024,2025-08-11,2026-08-11,Paid
PS00236,M001056,PK014,2025-10-02,2026-10-02,Paid
PS00237,M000057,PK024,2024-05-20,2025-05-20,Paid
PS00238,M000312,PK004,2024-11-30,2025-11-30,Paid
PS00239,M002362,PK007,2024-12-23,2025-12-23,Paid
PS00240,M002252,PK010,2025-08-13,2026-08-13,Paid
PS00241,M000656,PK024,2025-02-25,2026-02-25,Paid
PS00242,M001108,PK006,2024-09-09,2025-09-09,Paid
PS00243,M001917,PK040,2024-07-28,2025-07-28,Paid
PS00244,M002484,PK036,2024-01-28,2024-07-26,Paid
PS00245,M000636,PK035,2024-06-14,2025-06-14,Paid
PS00246,M001021,PK022,2025-04-28,2026-04-28,Paid
PS00247,M001748,PK012,2025-03-28,2025-09-24,Paid
PS00248,M001660,PK013,2025-09-16,2026-03-15,Paid
PS00249,M001909,PK038,2025-04-23,2026-04-23,Paid
PS00250,M000033,PK026,2024-12-04,2025-12-04,Paid
PS00251,M001852,PK037,2024-03-10,2024-09-06,Paid
PS00252,M001799,PK022,2024-04-24,2025-04-24,Paid
PS00253,M001974,PK037,2025-04-21,2025-10-18,Paid
PS00254,M000637,PK037,2024-01-06,2024-07-04,Paid
PS00255,M002500,PK008,2025-03-27,2025-09-23,Paid
PS00256,M002185,PK016,2025-03-11,2025-09-07,Paid
PS00257,M001059,PK019,2024-07-20,2025-07-20,Paid
PS00258,M000741,PK020,2024-01-22,2024-07-20,Paid
PS00259,M002039,PK030,2024-01-23,2025-01-22,Paid
PS00260,M002135,PK028,2025-12-29,2026-12-29,Paid
PS00261,M000010,PK024,2025-06-04,2026-06-04,Paid
PS00262,M000787,PK004,2024-02-25,2025-02-24,Paid
PS00263,M000789,PK003,2025-05-20,2026-05-20,Pending
PS00264,M002012,PK022,2024-01-23,2025-01-22,Paid
PS00265,M001191,PK002,2025-07-02,2026-07-02,Paid
PS00266,M001046,PK025,2024-07-28,2025-07-28,Paid
PS00267,M001271,PK039,2025-06-12,2025-12-09,Paid
PS00268,M001156,PK005,2024-09-10,2025-03-09,Paid
PS00269,M001502,PK014,2024-05-12,2025-05-12,Paid
PS00270,M000195,PK009,2024-02-25,2025-02-24,Paid
PS00271,M000065,PK015,2024-12-10,2025-06-08,Paid
PS00272,M000055,PK002,2025-05-07,2026-05-07,Paid
PS00273,M000413,PK023,2024-08-20,2025-02-16,Paid
PS00274,M000535,PK013,2024-08-31,2025-02-27,Refunded
PS00275,M000985,PK026,2024-03-06,2025-03-06,Refunded
PS00276,M000928,PK005,2025-12-08,2026-06-06,Paid
PS00277,M000987,PK013,2024-11-03,2025-05-02,Paid
PS00278,M000984,PK009,2025-12-28,2026-12-28,Paid
PS00279,M001059,PK038,2024-10-27,2025-10-27,Paid
PS00280,M001260,PK007,2025-05-14,2026-05-14,Paid
PS00281,M001083,PK018,2025-01-26,2026-01-26,Paid
PS00282,M000104,PK017,2024-01-27,2025-01-26,Paid
PS00283,M000594,PK012,2025-07-26,2026-01-22,Paid
PS00284,M000389,PK024,2025-05-23,2026-05-23,Paid
PS00285,M001522,PK008,2025-11-01,2026-04-30,Paid
PS00286,M000459,PK039,2024-10-26,2025-04-24,Paid
PS00287,M001378,PK031,2025-01-21,2026-01-21,Pending
PS00288,M002219,PK010,2025-08-29,2026-08-29,Paid
PS00289,M000507,PK018,2025-03-27,2026-03-27,Paid
PS00290,M001006,PK038,2024-08-27,2025-08-27,Paid
PS00291,M000488,PK003,2024-09-07,2025-09-07,Paid
PS00292,M002304,PK027,2025-11-25,2026-11-25,Paid
PS00293,M001022,PK028,2024-02-20,2025-02-19,Pending
PS00294,M001519,PK004,2024-07-03,2025-07-03,Paid
PS00295,M001743,PK017,2025-03-15,2026-03-15,Paid
PS00296,M001139,PK003,2025-08-27,2026-08-27,Paid
PS00297,M001791,PK037,2024-01-01,2024-06-29,Refunded
PS00298,M000962,PK033,2024-10-07,2025-10-07,Paid
PS00299,M001003,PK005,2024-07-20,2025-01-16,Paid
PS00300,M002285,PK022,2025-02-19,2026-02-19,Pending
PS00301,M000436,PK017,2025-10-12,2026-10-12,Paid
PS00302,M000418,PK038,2025-07-29,2026-07-29,Paid
PS00303,M002008,PK035,2025-11-29,2026-11-29,Paid
PS00304,M000030,PK031,2025-06-28,2026-06-28,Paid
PS00305,M000868,PK017,2025-04-22,2026-04-22,Refunded
PS00306,M002457,PK038,2025-01-21,2026-01-21,Paid
PS00307,M000726,PK012,2024-01-15,2024-07-13,Paid
PS00308,M000584,PK016,2025-12-21,2026-06-19,Paid
PS00309,M002344,PK033,2024-02-19,2025-02-18,Pending
PS00310,M001270,PK028,2025-06-28,2026-06-28,Paid
PS00311,M000973,PK018,2025-12-04,2026-12-04,Paid
PS00312,M002433,PK025,2025-01-29,2026-01-29,Paid
PS00313,M002179,PK002,2024-07-16,2025-07-16,Paid
PS00314,M000770,PK021,2024-03-13,2025-03-13,Paid
PS00315,M000705,PK023,2024-12-19,2025-06-17,Paid
PS00316,M001944,PK026,2025-10-08,2026-10-08,Paid
PS00317,M001549,PK010,2025-08-12,2026-08-12,Paid
PS00318,M002430,PK004,2025-09-15,2026-09-15,Pending
PS00319,M000277,PK029,2025-03-04,2026-03-04,Paid
PS00320,M002093,PK016,2025-05-31,2025-11-27,Paid
PS00321,M000556,PK030,2024-01-03,2025-01-02,Paid
PS00322,M000565,PK009,2025-07-16,2026-07-16,Paid
PS00323,M000446,PK009,2024-03-28,2025-03-28,Paid
PS00324,M002144,PK002,2024-02-27,2025-02-26,Pending
PS00325,M000445,PK010,2025-11-20,2026-11-20,Paid
PS00326,M001947,PK018,2024-10-16,2025-10-16,Paid
PS00327,M002244,PK032,2024-07-24,2025-07-24,Paid
PS00328,M000935,PK009,2024-08-04,2025-08-04,Paid
PS00329,M002304,PK027,2025-11-20,2026-11-20,Paid
PS00330,M002371,PK017,2025-01-29,2026-01-29,Pending
PS00331,M001555,PK027,2025-04-19,2026-04-19,Paid
PS00332,M000658,PK016,2025-07-11,2026-01-07,Paid
PS00333,M002477,PK010,2025-06-10,2026-06-10,Paid
PS00334,M002173,PK027,2025-07-22,2026-07-22,Paid
PS00335,M001783,PK009,2024-07-13,2025-07-13,Pending
PS00336,M001444,PK029,2024-02-24,2025-02-23,Refunded
PS00337,M000528,PK021,2024-03-06,2025-03-06,Paid
PS00338,M001585,PK027,2025-12-22,2026-12-22,Paid
PS00339,M001042,PK029,2024-12-31,2025-12-31,Paid
PS00340,M002327,PK014,2024-01-18,2025-01-17,Paid
PS00341,M001122,PK024,2025-04-20,2026-04-20,Paid
PS00342,M000133,PK012,2025-01-10,2025-07-09,Paid
PS00343,M002411,PK038,2024-09-20,2025-09-20,Paid
PS00344,M001436,PK022,2024-01-29,2025-01-28,Paid
PS00345,M001466,PK030,2025-01-15,2026-01-15,Paid
PS00346,M000126,PK007,2025-10-30,2026-10-30,Paid
PS00347,M000466,PK014,2025-05-17,2026-05-17,Paid
PS00348,M000082,PK028,2024-02-12,2025-02-11,Paid
PS00349,M000398,PK040,2024-09-19,2025-09-19,Paid
PS00350,M001162,PK002,2024-10-31,2025-10-31,Paid
PS00351,M000767,PK040,2024-09-23,2025-09-23,Pending
PS00352,M001458,PK034,2025-02-07,2026-02-07,Pending
PS00353,M002263,PK039,2025-01-25,2025-07-24,Paid
PS00354,M002321,PK033,2025-03-31,2026-03-31,Paid
PS00355,M001988,PK012,2025-04-14,2025-10-11,Paid
PS00356,M001024,PK006,2024-01-17,2025-01-16,Pending
PS00357,M001690,PK026,2024-02-09,2025-02-08,Pending
PS00358,M000567,PK008,2025-01-23,2025-07-22,Paid
PS00359,M001499,PK001,2024-12-01,2025-12-01,Paid
PS00360,M001910,PK010,2024-04-30,2025-04-30,Paid
PS00361,M000166,PK012,2024-08-28,2025-02-24,Paid
PS00362,M001763,PK019,2024-03-05,2025-03-05,Paid
PS00363,M000921,PK001,2024-09-16,2025-09-16,Pending
PS00364,M002296,PK037,2025-08-03,2026-01-30,Paid
PS00365,M000367,PK004,2025-11-24,2026-11-24,Paid
PS00366,M001524,PK023,2024-07-02,2024-12-29,Paid
PS00367,M001612,PK024,2024-09-26,2025-09-26,Paid
PS00368,M001342,PK003,2024-02-04,2025-02-03,Paid
PS00369,M001923,PK022,2024-04-20,2025-04-20,Refunded
PS00370,M002339,PK019,2024-09-16,2025-09-16,Paid
PS00371,M000635,PK011,2024-04-05,2025-04-05,Paid
PS00372,M002428,PK028,2025-09-29,2026-09-29,Paid
PS00373,M000472,PK014,2025-02-14,2026-02-14,Paid
PS00374,M000624,PK014,2024-01-04,2025-01-03,Pending
PS00375,M002108,PK014,2024-09-15,2025-09-15,Refunded
PS00376,M000422,PK033,2024-05-06,2025-05-06,Paid
PS00377,M000489,PK006,2024-02-21,2025-02-20,Paid
PS00378,M000268,PK007,2025-01-05,2026-01-05,Refunded
PS00379,M000741,PK021,2024-04-17,2025-04-17,Paid
PS00380,M001441,PK022,2025-06-23,2026-06-23,Paid
PS00381,M001973,PK031,2025-04-16,2026-04-16,Paid
PS00382,M000708,PK031,2025-06-26,2026-06-26,Paid
PS00383,M001764,PK029,2025-04-01,2026-04-01,Pending
PS00384,M001942,PK027,2024-06-25,2025-06-25,Paid
PS00385,M000989,PK039,2024-04-19,2024-10-16,Pending
PS00386,M002348,PK012,2025-03-30,2025-09-26,Paid
PS00387,M000674,PK034,2024-10-06,2025-10-06,Paid
PS00388,M001370,PK035,2025-08-26,2026-08-26,Paid
PS00389,M002039,PK023,2024-12-17,2025-06-15,Paid
PS00390,M001371,PK005,2025-05-24,2025-11-20,Paid
PS00391,M001666,PK002,2024-03-01,2025-03-01,Refunded
PS00392,M000920,PK033,2025-05-14,2026-05-14,Paid
PS00393,M000713,PK022,2024-11-18,2025-11-18,Paid
PS00394,M002384,PK025,2025-08-08,2026-08-08,Paid
PS00395,M000702,PK037,2024-02-15,2024-08-13,Pending
PS00396,M001099,PK037,2025-05-16,2025-11-12,Paid
PS00397,M000488,PK031,2024-06-02,2025-06-02,Paid
PS00398,M001469,PK039,2025-11-24,2026-05-23,Paid
PS00399,M002068,PK009,2025-04-26,2026-04-26,Paid
PS00400,M001184,PK017,2024-12-25,2025-12-25,Paid
PS00401,M001943,PK017,2025-04-14,2026-04-14,Paid
PS00402,M001936,PK035,2025-11-16,2026-11-16,Paid
PS00403,M001701,PK017,2025-11-16,2026-11-16,Paid
PS00404,M001970,PK033,2025-06-08,2026-06-08,Paid
PS00405,M000112,PK011,2025-04-01,2026-04-01,Paid
PS00406,M001342,PK030,2025-04-01,2026-04-01,Pending
PS00407,M001018,PK014,2025-09-20,2026-09-20,Paid
PS00408,M000452,PK006,2024-12-19,2025-12-19,Paid
PS00409,M001767,PK023,2024-05-15,2024-11-11,Paid
PS00410,M000140,PK031,2025-10-30,2026-10-30,Paid
PS00411,M001762,PK001,2025-02-27,2026-02-27,Paid
PS00412,M000210,PK032,2024-12-04,2025-12-04,Pending
PS00413,M001109,PK002,2025-09-03,2026-09-03,Paid
PS00414,M001453,PK036,2024-01-15,2024-07-13,Paid
PS00415,M001085,PK018,2024-07-12,2025-07-12,Paid
PS00416,M002438,PK007,2025-05-02,2026-05-02,Paid
PS00417,M001344,PK038,2025-03-30,2026-03-30,Pending
PS00418,M000157,PK027,2025-07-02,2026-07-02,Paid
PS00419,M002202,PK003,2024-05-04,2025-05-04,Paid
PS00420,M000685,PK011,2024-05-15,2025-05-15,Pending
PS00421,M000566,PK010,2025-08-10,2026-08-10,Paid
PS00422,M000729,PK015,2025-10-17,2026-04-15,Paid
PS00423,M001159,PK004,2024-01-28,2025-01-27,Paid
PS00424,M001293,PK034,2024-08-04,2025-08-04,Paid
PS00425,M002135,PK036,2025-08-17,2026-02-13,Paid
PS00426,M001734,PK017,2025-08-28,2026-08-28,Paid
PS00427,M000128,PK010,2025-02-27,2026-02-27,Paid
PS00428,M001543,PK031,2024-03-23,2025-03-23,Paid
PS00429,M000435,PK040,2025-11-16,2026-11-16,Paid
PS00430,M000937,PK009,2024-09-27,2025-09-27,Pending
PS00431,M002079,PK032,2025-11-19,2026-11-19,Paid
PS00432,M002390,PK019,2024-01-02,2025-01-01,Paid
PS00433,M000404,PK003,2025-07-11,2026-07-11,Paid
PS00434,M001699,PK035,2025-10-12,2026-10-12,Paid
PS00435,M001106,PK010,2025-07-08,2026-07-08,Pending
PS00436,M002109,PK013,2024-11-18,2025-05-17,Paid
PS00437,M001107,PK021,2024-07-30,2025-07-30,Paid
PS00438,M000423,PK013,2024-10-01,2025-03-30,Paid
PS00439,M001890,PK040,2024-06-28,2025-06-28,Paid
PS00440,M000044,PK019,2024-04-04,2025-04-04,Paid
PS00441,M000620,PK030,2024-02-28,2025-02-27,Paid
PS00442,M001223,PK026,2025-10-03,2026-10-03,Paid
PS00443,M001193,PK015,2024-01-22,2024-07-20,Paid
PS00444,M001523,PK007,2024-12-27,2025-12-27,Paid
PS00445,M001407,PK035,2025-10-11,2026-10-11,Paid
PS00446,M000770,PK012,2024-12-15,2025-06-13,Paid
PS00447,M001868,PK009,2025-11-15,2026-11-15,Paid
PS00448,M001979,PK034,2024-07-16,2025-07-16,Paid
PS00449,M000256,PK007,2025-10-09,2026-10-09,Paid
PS00450,M001979,PK025,2024-09-15,2025-09-15,Refunded
PS00451,M001201,PK040,2024-10-21,2025-10-21,Refunded
PS00452,M002311,PK029,2025-11-22,2026-11-22,Paid
PS00453,M000665,PK037,2024-07-25,2025-01-21,Paid
PS00454,M001046,PK028,2024-07-22,2025-07-22,Paid
PS00455,M000534,PK016,2024-12-04,2025-06-02,Paid
PS00456,M001794,PK011,2024-09-25,2025-09-25,Paid
PS00457,M001958,PK028,2024-06-02,2025-06-02,Paid
PS00458,M001044,PK023,2024-08-12,2025-02-08,Paid
PS00459,M001703,PK010,2024-08-18,2025-08-18,Paid
PS00460,M001798,PK031,2024-03-18,2025-03-18,Paid
PS00461,M000542,PK008,2024-08-08,2025-02-04,Pending
PS00462,M002302,PK025,2024-01-29,2025-01-28,Paid
PS00463,M001725,PK035,2025-10-19,2026-10-19,Paid
PS00464,M001601,PK007,2024-03-17,2025-03-17,Paid
PS00465,M000171,PK012,2024-05-15,2024-11-11,Pending
PS00466,M002423,PK037,2024-07-19,2025-01-15,Pending
PS00467,M000387,PK031,2024-08-19,2025-08-19,Paid
PS00468,M000012,PK011,2024-01-13,2025-01-12,Paid
PS00469,M000203,PK008,2024-06-29,2024-12-26,Paid
PS00470,M001759,PK018,2025-02-01,2026-02-01,Paid
PS00471,M000556,PK023,2025-03-22,2025-09-18,Paid
PS00472,M002250,PK028,2025-09-29,2026-09-29,Paid
PS00473,M000994,PK022,2024-07-29,2025-07-29,Paid
PS00474,M001403,PK030,2025-12-13,2026-12-13,Paid
PS00475,M001538,PK008,2024-05-12,2024-11-08,Pending
PS00476,M000851,PK029,2025-04-22,2026-04-22,Pending
PS00477,M000946,PK004,2024-07-16,2025-07-16,Pending
PS00478,M001274,PK006,2024-12-11,2025-12-11,Pending
PS00479,M002283,PK033,2025-09-30,2026-09-30,Paid
PS00480,M000652,PK037,2025-10-30,2026-04-28,Paid
PS00481,M001892,PK019,2024-01-22,2025-01-21,Paid
PS00482,M000922,PK032,2024-04-25,2025-04-25,Paid
PS00483,M002404,PK038,2024-12-30,2025-12-30,Paid
PS00484,M001468,PK036,2024-11-02,2025-05-01,Paid
PS00485,M000353,PK016,2025-05-21,2025-11-17,Paid
PS00486,M000800,PK023,2024-09-02,2025-03-01,Paid
PS00487,M001032,PK015,2025-10-27,2026-04-25,Pending
PS00488,M001008,PK025,2024-08-06,2025-08-06,Paid
PS00489,M000574,PK009,2024-06-27,2025-06-27,Paid
PS00490,M002287,PK037,2024-07-17,2025-01-13,Paid
PS00491,M002055,PK008,2024-08-20,2025-02-16,Paid
PS00492,M001493,PK024,2024-09-20,2025-09-20,Pending
PS00493,M000931,PK018,2024-07-15,2025-07-15,Paid
PS00494,M000040,PK017,2024-04-03,2025-04-03,Paid
PS00495,M002493,PK009,2024-03-31,2025-03-31,Paid
PS00496,M001698,PK009,2025-08-15,2026-08-15,Paid
PS00497,M001888,PK028,2025-04-19,2026-04-19,Paid
PS00498,M002340,PK016,2024-12-14,2025-06-12,Paid
PS00499,M002394,PK015,2024-09-28,2025-03-27,Pending
PS00500,M000496,PK036,2025-02-20,2025-08-19,Paid
PS00501,M000559,PK006,2025-07-10,2026-07-10,Paid
PS00502,M000388,PK014,2024-05-26,2025-05-26,Paid
PS00503,M001793,PK007,2024-08-30,2025-08-30,Paid
PS00504,M000265,PK037,2024-07-25,2025-01-21,Paid
PS00505,M000791,PK029,2025-04-18,2026-04-18,Paid
PS00506,M002454,PK022,2025-11-15,2026-11-15,Paid
PS00507,M000081,PK005,2025-06-28,2025-12-25,Paid
PS00508,M001359,PK006,2025-12-01,2026-12-01,Paid
PS00509,M002480,PK006,2024-12-31,2025-12-31,Paid
PS00510,M000170,PK016,2025-11-04,2026-05-03,Paid
PS00511,M000398,PK003,2024-09-26,2025-09-26,Paid
PS00512,M001867,PK016,2024-05-28,2024-11-24,Paid
PS00513,M002182,PK024,2025-12-08,2026-12-08,Paid
PS00514,M001721,PK029,2025-06-19,2026-06-19,Paid
PS00515,M002115,PK007,2024-11-08,2025-11-08,Paid
PS00516,M000472,PK014,2025-03-29,2026-03-29,Paid
PS00517,M002494,PK011,2024-12-20,2025-12-20,Paid
PS00518,M001854,PK023,2024-02-26,2024-08-24,Paid
PS00519,M001660,PK018,2025-07-01,2026-07-01,Paid
PS00520,M002143,PK003,2024-07-20,2025-07-20,Paid
PS00521,M001997,PK010,2025-12-03,2026-12-03,Pending
PS00522,M000231,PK005,2024-08-02,2025-01-29,Pending
PS00523,M000018,PK012,2025-07-25,2026-01-21,Paid
PS00524,M001302,PK032,2024-03-08,2025-03-08,Paid
PS00525,M000601,PK021,2025-08-25,2026-08-25,Paid
PS00526,M001459,PK039,2025-01-23,2025-07-22,Paid
PS00527,M001706,PK025,2024-07-07,2025-07-07,Paid
PS00528,M000005,PK016,2025-04-08,2025-10-05,Paid
PS00529,M002166,PK018,2024-09-09,2025-09-09,Paid
PS00530,M002343,PK030,2024-07-10,2025-07-10,Paid
PS00531,M000884,PK001,2025-01-07,2026-01-07,Paid
PS00532,M000320,PK038,2024-09-07,2025-09-07,Paid
PS00533,M000146,PK023,2024-07-26,2025-01-22,Paid
PS00534,M001007,PK021,2025-11-11,2026-11-11,Refunded
PS00535,M000014,PK038,2024-12-29,2025-12-29,Pending
PS00536,M001476,PK008,2025-08-31,2026-02-27,Paid
PS00537,M000787,PK024,2025-02-06,2026-02-06,Paid
PS00538,M001216,PK006,2024-12-24,2025-12-24,Paid
PS00539,M001315,PK020,2025-06-02,2025-11-29,Paid
PS00540,M001531,PK012,2025-01-17,2025-07-16,Paid
PS00541,M002399,PK033,2024-03-23,2025-03-23,Paid
PS00542,M000552,PK011,2024-01-18,2025-01-17,Pending
PS00543,M000203,PK025,2025-05-18,2026-05-18,Paid
PS00544,M001692,PK040,2025-02-03,2026-02-03,Paid
PS00545,M001997,PK020,2025-01-14,2025-07-13,Paid
PS00546,M000013,PK008,2025-08-10,2026-02-06,Paid
PS00547,M002491,PK034,2025-01-24,2026-01-24,Paid
PS00548,M001496,PK026,2025-10-06,2026-10-06,Pending
PS00549,M000476,PK003,2024-05-26,2025-05-26,Paid
PS00550,M000849,PK032,2024-09-02,2025-09-02,Paid
PS00551,M000118,PK024,2024-04-26,2025-04-26,Paid
PS00552,M001425,PK002,2025-12-25,2026-12-25,Paid
PS00553,M002447,PK017,2024-10-03,2025-10-03,Paid
PS00554,M002070,PK018,2024-06-27,2025-06-27,Paid
PS00555,M002286,PK024,2024-04-02,2025-04-02,Paid
PS00556,M000884,PK035,2024-12-30,2025-12-30,Paid
PS00557,M001727,PK024,2024-06-01,2025-06-01,Paid
PS00558,M000429,PK001,2024-01-01,2024-12-31,Pending
PS00559,M000983,PK001,2025-01-27,2026-01-27,Pending
PS00560,M002081,PK016,2025-03-30,2025-09-26,Paid
PS00561,M002228,PK023,2024-12-21,2025-06-19,Paid
PS00562,M001554,PK012,2025-08-26,2026-02-22,Paid
PS00563,M001831,PK004,2024-08-29,2025-08-29,Paid
PS00564,M000900,PK015,2025-06-06,2025-12-03,Paid
PS00565,M001306,PK023,2025-01-14,2025-07-13,Paid
PS00566,M002351,PK029,2025-05-02,2026-05-02,Paid
PS00567,M001936,PK012,2024-12-21,2025-06-19,Paid
PS00568,M000386,PK020,2025-05-08,2025-11-04,Paid
PS00569,M002472,PK038,2025-05-19,2026-05-19,Paid
PS00570,M000080,PK028,2024-07-16,2025-07-16,Paid
PS00571,M001993,PK013,2025-03-02,2025-08-29,Paid
PS00572,M000126,PK011,2025-09-27,2026-09-27,Paid
PS00573,M001199,PK019,2024-08-28,2025-08-28,Paid
PS00574,M000719,PK026,2024-05-04,2025-05-04,Paid
PS00575,M000789,PK017,2024-09-01,2025-09-01,Paid
PS00576,M001991,PK009,2025-01-09,2026-01-09,Paid
PS00577,M000198,PK009,2024-01-08,2025-01-07,Paid
PS00578,M001446,PK035,2024-11-26,2025-11-26,Paid
PS00579,M001627,PK039,2024-05-01,2024-10-28,Paid
PS00580,M001913,PK022,2025-11-15,2026-11-15,Paid
PS00581,M000171,PK017,2025-11-22,2026-11-22,Pending
PS00582,M000556,PK033,2025-09-27,2026-09-27,Paid
PS00583,M001228,PK032,2024-12-28,2025-12-28,Pending
PS00584,M002435,PK006,2025-01-16,2026-01-16,Refunded
PS00585,M001218,PK001,2025-10-11,2026-10-11,Pending
PS00586,M001849,PK022,2024-03-17,2025-03-17,Paid
PS00587,M001941,PK031,2025-07-15,2026-07-15,Paid
PS00588,M001895,PK021,2024-03-21,2025-03-21,Paid
PS00589,M001951,PK013,2024-04-21,2024-10-18,Paid
PS00590,M001133,PK026,2024-07-12,2025-07-12,Pending
PS00591,M002485,PK021,2024-03-05,2025-03-05,Paid
PS00592,M000097,PK023,2025-06-17,2025-12-14,Paid
PS00593,M001393,PK014,2025-03-12,2026-03-12,Paid
PS00594,M002000,PK017,2025-11-01,2026-11-01,Paid
PS00595,M000165,PK008,2024-01-03,2024-07-01,Paid
PS00596,M002109,PK013,2024-04-29,2024-10-26,Paid
PS00597,M001980,PK010,2024-06-28,2025-06-28,Refunded
PS00598,M000032,PK001,2025-02-10,2026-02-10,Paid
PS00599,M002250,PK006,2025-02-28,2026-02-28,Paid
PS00600,M001139,PK036,2024-12-01,2025-05-30,Paid
PS00601,M002060,PK003,2024-08-16,2025-08-16,Paid
PS00602,M001842,PK015,2025-02-25,2025-08-24,Paid
PS00603,M002463,PK018,2025-06-22,2026-06-22,Paid
PS00604,M000903,PK027,2024-06-28,2025-06-28,Paid
PS00605,M001908,PK006,2024-10-31,2025-10-31,Paid
PS00606,M002174,PK005,2024-02-12,2024-08-10,Paid
PS00607,M002199,PK028,2024-01-10,2025-01-09,Refunded
PS00608,M000165,PK020,2024-06-08,2024-12-05,Paid
PS00609,M000808,PK019,2024-05-27,2025-05-27,Pending
PS00610,M000300,PK006,2025-11-14,2026-11-14,Paid
PS00611,M002130,PK025,2025-04-11,2026-04-11,Paid
PS00612,M001660,PK024,2025-07-06,2026-07-06,Paid
PS00613,M001074,PK006,2024-11-20,2025-11-20,Paid
PS00614,M002350,PK003,2025-06-02,2026-06-02,Paid
PS00615,M001954,PK006,2025-09-20,2026-09-20,Paid
PS00616,M000386,PK009,2025-06-15,2026-06-15,Paid
PS00617,M001053,PK027,2024-02-27,2025-02-26,Paid
PS00618,M001876,PK019,2024-06-20,2025-06-20,Paid
PS00619,M000713,PK024,2025-04-05,2026-04-05,Paid
PS00620,M000379,PK019,2025-08-05,2026-08-05,Paid
PS00621,M001814,PK016,2025-07-20,2026-01-16,Paid
PS00622,M001992,PK029,2024-02-17,2025-02-16,Paid
PS00623,M001271,PK026,2025-09-02,2026-09-02,Paid
PS00624,M000453,PK040,2025-08-27,2026-08-27,Paid
PS00625,M001834,PK015,2024-04-21,2024-10-18,Paid
PS00626,M000373,PK025,2025-10-30,2026-10-30,Paid
PS00627,M002014,PK011,2025-12-07,2026-12-07,Paid
PS00628,M002452,PK018,2025-12-27,2026-12-27,Paid
PS00629,M000754,PK018,2024-01-04,2025-01-03,Paid
PS00630,M000177,PK028,2025-09-15,2026-09-15,Paid
PS00631,M000634,PK029,2024-12-19,2025-12-19,Refunded
PS00632,M000721,PK025,2024-10-25,2025-10-25,Paid
PS00633,M000157,PK018,2024-02-29,2025-02-28,Refunded
PS00634,M001662,PK008,2025-02-04,2025-08-03,Paid
PS00635,M001249,PK028,2025-06-08,2026-06-08,Paid
PS00636,M001580,PK027,2024-08-24,2025-08-24,Paid
PS00637,M000508,PK038,2024-09-09,2025-09-09,Paid
PS00638,M000052,PK038,2025-02-19,2026-02-19,Refunded
PS00639,M000839,PK018,2025-05-25,2026-05-25,Paid
PS00640,M001489,PK021,2024-03-28,2025-03-28,Paid
PS00641,M000714,PK013,2024-03-29,2024-09-25,Paid
PS00642,M001812,PK015,2025-06-02,2025-11-29,Pending
PS00643,M000159,PK038,2025-07-18,2026-07-18,Paid
PS00644,M001733,PK005,2024-01-09,2024-07-07,Paid
PS00645,M002414,PK014,2024-06-12,2025-06-12,Paid
PS00646,M001637,PK025,2024-09-10,2025-09-10,Paid
PS00647,M000757,PK013,2024-10-03,2025-04-01,Paid
PS00648,M001511,PK006,2025-06-09,2026-06-09,Paid
PS00649,M001642,PK036,2025-03-18,2025-09-14,Paid
PS00650,M000559,PK003,2024-01-09,2025-01-08,Paid
PS00651,M001697,PK033,2025-10-08,2026-10-08,Paid
PS00652,M000857,PK031,2025-03-01,2026-03-01,Paid
PS00653,M001438,PK006,2024-01-26,2025-01-25,Paid
PS00654,M002466,PK035,2025-10-21,2026-10-21,Paid
PS00655,M000546,PK039,2024-08-21,2025-02-17,Refunded
PS00656,M002312,PK006,2025-12-22,2026-12-22,Paid
PS00657,M000253,PK024,2024-01-29,2025-01-28,Paid
PS00658,M000411,PK037,2024-11-08,2025-05-07,Paid
PS00659,M002217,PK030,2024-10-26,2025-10-26,Paid
PS00660,M000746,PK028,2024-01-26,2025-01-25,Paid
PS00661,M001047,PK009,2025-06-10,2026-06-10,Paid
PS00662,M000675,PK007,2024-05-16,2025-05-16,Paid
PS00663,M001217,PK029,2024-08-21,2025-08-21,Paid
PS00664,M001363,PK029,2024-07-31,2025-07-31,Paid
PS00665,M001850,PK036,2025-07-17,2026-01-13,Paid
PS00666,M000983,PK032,2024-10-13,2025-10-13,Paid
PS00667,M001127,PK033,2024-03-24,2025-03-24,Paid
PS00668,M001352,PK021,2024-02-03,2025-02-02,Paid
PS00669,M001694,PK032,2025-10-16,2026-10-16,Paid
PS00670,M001635,PK013,2025-03-28,2025-09-24,Pending
PS00671,M000098,PK001,2024-07-14,2025-07-14,Paid
PS00672,M000016,PK017,2024-10-29,2025-10-29,Paid
PS00673,M000329,PK024,2025-04-26,2026-04-26,Paid
PS00674,M000313,PK017,2025-11-13,2026-11-13,Paid
PS00675,M000933,PK035,2024-05-03,2025-05-03,Paid
PS00676,M001893,PK010,2024-01-01,2024-12-31,Paid
PS00677,M001695,PK032,2024-11-12,2025-11-12,Paid
PS00678,M001498,PK001,2024-10-30,2025-10-30,Paid
PS00679,M001738,PK001,2025-12-06,2026-12-06,Refunded
PS00680,M001810,PK022,2024-09-27,2025-09-27,Paid
PS00681,M000736,PK024,2024-01-10,2025-01-09,Paid
PS00682,M002142,PK017,2025-02-10,2026-02-10,Paid
PS00683,M002314,PK008,2024-03-27,2024-09-23,Paid
PS00684,M000295,PK006,2024-04-07,2025-04-07,Refunded
PS00685,M000908,PK025,2024-09-27,2025-09-27,Paid
PS00686,M001257,PK016,2025-08-30,2026-02-26,Pending
PS00687,M000676,PK021,2024-08-01,2025-08-01,Paid
PS00688,M001498,PK006,2024-02-02,2025-02-01,Paid
PS00689,M001604,PK011,2025-06-28,2026-06-28,Paid
PS00690,M000861,PK025,2025-07-27,2026-07-27,Paid
PS00691,M000832,PK001,2025-08-18,2026-08-18,Pending
PS00692,M001745,PK017,2024-05-14,2025-05-14,Paid
PS00693,M002214,PK001,2024-06-02,2025-06-02,Paid
PS00694,M001169,PK022,2025-09-11,2026-09-11,Paid
PS00695,M001459,PK001,2024-09-20,2025-09-20,Paid
PS00696,M000072,PK004,2024-04-13,2025-04-13,Paid
PS00697,M000943,PK014,2024-12-14,2025-12-14,Paid
PS00698,M001143,PK030,2024-05-10,2025-05-10,Paid
PS00699,M001714,PK001,2025-01-14,2026-01-14,Paid
PS00700,M000267,PK037,2024-02-21,2024-08-19,Paid
PS00701,M001051,PK027,2025-12-14,2026-12-14,Pending
PS00702,M001177,PK020,2024-07-14,2025-01-10,Paid
PS00703,M002096,PK035,2024-07-29,2025-07-29,Paid
PS00704,M002228,PK003,2024-06-15,2025-06-15,Paid
PS00705,M000456,PK001,2025-03-11,2026-03-11,Pending
PS00706,M001668,PK036,2024-11-07,2025-05-06,Pending
PS00707,M000528,PK036,2025-11-30,2026-05-29,Paid
PS00708,M001095,PK006,2024-04-06,2025-04-06,Paid
PS00709,M000869,PK023,2025-05-25,2025-11-21,Paid
PS00710,M000230,PK004,2025-04-11,2026-04-11,Paid
PS00711,M001593,PK024,2024-07-02,2025-07-02,Paid
PS00712,M002341,PK020,2025-07-11,2026-01-07,Refunded
PS00713,M002116,PK027,2025-05-01,2026-05-01,Paid
PS00714,M000023,PK037,2024-06-25,2024-12-22,Paid
PS00715,M000732,PK036,2024-02-06,2024-08-04,Paid
PS00716,M001285,PK038,2024-06-10,2025-06-10,Pending
PS00717,M001460,PK014,2024-02-16,2025-02-15,Paid
PS00718,M002169,PK036,2025-12-05,2026-06-03,Paid
PS00719,M000230,PK030,2024-03-26,2025-03-26,Pending
PS00720,M002305,PK037,2024-01-06,2024-07-04,Paid
PS00721,M001173,PK034,2024-08-03,2025-08-03,Paid
PS00722,M001438,PK037,2025-10-27,2026-04-25,Paid
PS00723,M001271,PK002,2025-02-19,2026-02-19,Paid
PS00724,M002287,PK018,2025-05-09,2026-05-09,Pending
PS00725,M001721,PK040,2025-11-17,2026-11-17,Paid
PS00726,M000440,PK020,2025-03-15,2025-09-11,Paid
PS00727,M001864,PK036,2025-05-31,2025-11-27,Paid
PS00728,M000744,PK040,2024-06-10,2025-06-10,Paid
PS00729,M001264,PK018,2025-01-16,2026-01-16,Paid
PS00730,M000260,PK036,2025-07-29,2026-01-25,Pending
PS00731,M001114,PK002,2024-05-17,2025-05-17,Paid
PS00732,M000604,PK016,2024-11-08,2025-05-07,Pending
PS00733,M001230,PK013,2024-02-14,2024-08-12,Paid
PS00734,M002278,PK005,2024-03-25,2024-09-21,Refunded
PS00735,M000880,PK022,2025-08-05,2026-08-05,Paid
PS00736,M000935,PK001,2024-11-25,2025-11-25,Paid
PS00737,M000597,PK006,2025-12-12,2026-12-12,Paid
PS00738,M001835,PK011,2024-04-20,2025-04-20,Paid
PS00739,M002288,PK038,2024-04-17,2025-04-17,Paid
PS00740,M001803,PK039,2025-12-24,2026-06-22,Pending
PS00741,M001905,PK012,2024-06-15,2024-12-12,Refunded
PS00742,M002279,PK032,2025-05-08,2026-05-08,Paid
PS00743,M002392,PK006,2024-10-29,2025-10-29,Paid
PS00744,M001125,PK032,2024-07-26,2025-07-26,Paid
PS00745,M000650,PK026,2024-12-09,2025-12-09,Paid
PS00746,M001323,PK027,2024-07-02,2025-07-02,Paid
PS00747,M000575,PK005,2025-04-10,2025-10-07,Paid
PS00748,M002032,PK038,2024-07-01,2025-07-01,Paid
PS00749,M000749,PK028,2024-05-02,2025-05-02,Pending
PS00750,M001092,PK001,2024-09-25,2025-09-25,Paid
PS00751,M001427,PK002,2025-12-22,2026-12-22,Paid
PS00752,M001470,PK022,2025-04-30,2026-04-30,Paid
PS00753,M002366,PK037,2025-10-19,2026-04-17,Paid
PS00754,M000711,PK035,2025-10-14,2026-10-14,Paid
PS00755,M002175,PK030,2025-03-30,2026-03-30,Paid
PS00756,M000603,PK003,2025-07-14,2026-07-14,Pending
PS00757,M001009,PK008,2025-02-28,2025-08-27,Pending
PS00758,M000750,PK011,2025-08-11,2026-08-11,Paid
PS00759,M000311,PK040,2024-09-05,2025-09-05,Paid
PS00760,M000013,PK038,2024-12-17,2025-12-17,Paid
PS00761,M000170,PK021,2025-02-18,2026-02-18,Refunded
PS00762,M000088,PK038,2024-05-02,2025-05-02,Pending
PS00763,M001872,PK036,2025-09-24,2026-03-23,Paid
PS00764,M002046,PK001,2024-10-31,2025-10-31,Paid
PS00765,M000596,PK035,2025-05-14,2026-05-14,Pending
PS00766,M000158,PK035,2025-07-10,2026-07-10,Paid
PS00767,M001676,PK033,2024-10-08,2025-10-08,Paid
PS00768,M002474,PK016,2025-11-25,2026-05-24,Pending
PS00769,M000352,PK011,2025-08-19,2026-08-19,Paid
PS00770,M000242,PK013,2025-05-13,2025-11-09,Paid
PS00771,M001269,PK033,2025-09-12,2026-09-12,Pending
PS00772,M000920,PK029,2025-02-27,2026-02-27,Paid
PS00773,M000129,PK010,2025-08-04,2026-08-04,Paid
PS00774,M002008,PK026,2024-02-05,2025-02-04,Paid
PS00775,M000974,PK030,2025-03-07,2026-03-07,Paid
PS00776,M002454,PK008,2025-11-19,2026-05-18,Refunded
PS00777,M002407,PK019,2025-11-20,2026-11-20,Paid
PS00778,M000395,PK035,2025-04-25,2026-04-25,Paid
PS00779,M001151,PK019,2024-04-18,2025-04-18,Paid
PS00780,M000398,PK020,2025-12-12,2026-06-10,Paid
PS00781,M002450,PK010,2025-12-29,2026-12-29,Paid
PS00782,M000319,PK016,2025-02-16,2025-08-15,Paid
PS00783,M000677,PK011,2024-06-11,2025-06-11,Refunded
PS00784,M000146,PK001,2025-02-12,2026-02-12,Paid
PS00785,M000790,PK005,2025-04-28,2025-10-25,Paid
PS00786,M001405,PK015,2024-10-11,2025-04-09,Paid
PS00787,M000276,PK010,2025-07-11,2026-07-11,Paid
PS00788,M000467,PK016,2025-09-09,2026-03-08,Paid
PS00789,M002489,PK018,2025-07-27,2026-07-27,Paid
PS00790,M001930,PK018,2024-11-11,2025-11-11,Paid
PS00791,M001075,PK037,2025-03-07,2025-09-03,Paid
PS00792,M000926,PK020,2025-06-06,2025-12-03,Paid
PS00793,M000369,PK030,2025-07-15,2026-07-15,Paid
PS00794,M001034,PK010,2024-03-03,2025-03-03,Paid
PS00795,M001102,PK036,2025-11-03,2026-05-02,Paid
PS00796,M000559,PK001,2024-09-14,2025-09-14,Paid
PS00797,M001121,PK020,2024-10-18,2025-04-16,Paid
PS00798,M000532,PK026,2024-11-29,2025-11-29,Paid
PS00799,M001675,PK038,2024-01-09,2025-01-08,Paid
PS00800,M000836,PK029,2024-07-05,2025-07-05,Paid
PS00801,M001140,PK007,2025-10-04,2026-10-04,Paid
PS00802,M001001,PK007,2024-07-21,2025-07-21,Paid
PS00803,M000521,PK026,2024-10-23,2025-10-23,Refunded
PS00804,M001635,PK020,2024-11-29,2025-05-28,Paid
PS00805,M002111,PK009,2024-03-20,2025-03-20,Paid
PS00806,M001854,PK004,2025-02-01,2026-02-01,Paid
PS00807,M000068,PK039,2024-07-17,2025-01-13,Paid
PS00808,M002106,PK019,2024-10-09,2025-10-09,Pending
PS00809,M001676,PK036,2024-08-12,2025-02-08,Paid
PS00810,M001789,PK003,2024-09-24,2025-09-24,Paid
PS00811,M002224,PK024,2024-07-21,2025-07-21,Pending
PS00812,M000796,PK034,2025-10-24,2026-10-24,Paid
PS00813,M000586,PK009,2024-02-21,2025-02-20,Paid
PS00814,M000034,PK003,2024-03-17,2025-03-17,Paid
PS00815,M001392,PK024,2024-12-29,2025-12-29,Pending
PS00816,M001183,PK012,2025-08-12,2026-02-08,Paid
PS00817,M001469,PK007,2025-04-03,2026-04-03,Paid
PS00818,M000013,PK023,2024-11-20,2025-05-19,Paid
PS00819,M000292,PK017,2024-03-15,2025-03-15,Paid
PS00820,M001755,PK035,2025-02-21,2026-02-21,Paid
PS00821,M001763,PK022,2025-02-02,2026-02-02,Paid
PS00822,M000294,PK020,2024-09-04,2025-03-03,Paid
PS00823,M002231,PK006,2024-06-20,2025-06-20,Paid
PS00824,M000608,PK021,2024-03-29,2025-03-29,Paid
PS00825,M002497,PK023,2025-05-16,2025-11-12,Paid
PS00826,M001577,PK032,2024-01-02,2025-01-01,Refunded
PS00827,M002176,PK024,2025-01-18,2026-01-18,Paid
PS00828,M001513,PK003,2024-08-03,2025-08-03,Paid
PS00829,M002289,PK017,2025-06-21,2026-06-21,Paid
PS00830,M000598,PK010,2025-07-14,2026-07-14,Paid
PS00831,M001350,PK023,2024-08-20,2025-02-16,Paid
PS00832,M001053,PK023,2025-11-07,2026-05-06,Paid
PS00833,M000756,PK025,2025-08-05,2026-08-05,Paid
PS00834,M001020,PK018,2024-01-29,2025-01-28,Paid
PS00835,M001673,PK036,2024-06-23,2024-12-20,Paid
PS00836,M001845,PK012,2024-02-04,2024-08-02,Paid
PS00837,M002465,PK040,2025-02-19,2026-02-19,Paid
PS00838,M002410,PK016,2024-11-12,2025-05-11,Paid
PS00839,M002490,PK023,2024-12-24,2025-06-22,Paid
PS00840,M000244,PK005,2024-01-23,2024-07-21,Paid
PS00841,M000338,PK004,2025-10-24,2026-10-24,Paid
PS00842,M002425,PK025,2025-12-24,2026-12-24,Paid
PS00843,M002346,PK028,2024-11-15,2025-11-15,Paid
PS00844,M000237,PK006,2024-06-10,2025-06-10,Paid
PS00845,M001636,PK037,2025-12-17,2026-06-15,Pending
PS00846,M000596,PK036,2024-01-29,2024-07-27,Paid
PS00847,M000609,PK015,2024-09-11,2025-03-10,Paid
PS00848,M002099,PK022,2025-12-16,2026-12-16,Refunded
PS00849,M000976,PK030,2025-08-27,2026-08-27,Paid
PS00850,M000814,PK036,2024-10-28,2025-04-26,Paid
PS00851,M000218,PK012,2025-01-20,2025-07-19,Paid
PS00852,M000267,PK037,2024-09-25,2025-03-24,Pending
PS00853,M000782,PK002,2024-01-29,2025-01-28,Paid
PS00854,M001102,PK017,2024-05-22,2025-05-22,Paid
PS00855,M001268,PK017,2025-03-30,2026-03-30,Paid
PS00856,M001746,PK028,2025-06-14,2026-06-14,Paid
PS00857,M000833,PK019,2025-09-08,2026-09-08,Paid
PS00858,M002370,PK020,2025-01-23,2025-07-22,Paid
PS00859,M000582,PK003,2025-12-01,2026-12-01,Paid
PS00860,M000803,PK028,2024-02-18,2025-02-17,Paid
PS00861,M000279,PK005,2024-06-25,2024-12-22,Paid
PS00862,M001820,PK039,2024-11-29,2025-05-28,Paid
PS00863,M002466,PK014,2025-12-26,2026-12-26,Paid
PS00864,M002189,PK012,2025-10-29,2026-04-27,Paid
PS00865,M000580,PK019,2024-03-01,2025-03-01,Paid
PS00866,M000932,PK015,2024-01-12,2024-07-10,Paid
PS00867,M002362,PK024,2025-01-18,2026-01-18,Paid
PS00868,M000646,PK016,2024-07-03,2024-12-30,Paid
PS00869,M001308,PK040,2024-01-12,2025-01-11,Paid
PS00870,M001654,PK013,2024-03-26,2024-09-22,Paid
PS00871,M001914,PK005,2025-02-11,2025-08-10,Paid
PS00872,M001630,PK027,2025-11-01,2026-11-01,Paid
PS00873,M000644,PK019,2025-10-28,2026-10-28,Paid
PS00874,M002032,PK013,2025-05-02,2025-10-29,Paid
PS00875,M001639,PK022,2025-12-21,2026-12-21,Pending
PS00876,M002440,PK007,2024-06-03,2025-06-03,Paid
PS00877,M002402,PK017,2025-10-14,2026-10-14,Paid
PS00878,M002007,PK022,2024-07-24,2025-07-24,Refunded
PS00879,M000609,PK034,2025-01-24,2026-01-24,Paid
PS00880,M002061,PK005,2025-11-06,2026-05-05,Refunded
PS00881,M000363,PK023,2024-06-29,2024-12-26,Paid
PS00882,M001285,PK009,2024-10-30,2025-10-30,Paid
PS00883,M000023,PK029,2024-03-23,2025-03-23,Paid
PS00884,M000873,PK033,2025-05-28,2026-05-28,Paid
PS00885,M001677,PK025,2025-07-23,2026-07-23,Paid
PS00886,M002407,PK036,2025-11-24,2026-05-23,Paid
PS00887,M000301,PK028,2025-04-03,2026-04-03,Paid
PS00888,M000431,PK034,2024-02-18,2025-02-17,Paid
PS00889,M000456,PK004,2025-12-29,2026-12-29,Paid
PS00890,M001168,PK006,2024-04-15,2025-04-15,Paid
PS00891,M001810,PK005,2024-03-22,2024-09-18,Paid
PS00892,M000587,PK017,2024-09-21,2025-09-21,Paid
PS00893,M001222,PK039,2025-04-23,2025-10-20,Pending
PS00894,M000659,PK009,2024-02-20,2025-02-19,Paid
PS00895,M001602,PK024,2024-09-18,2025-09-18,Paid
PS00896,M000163,PK029,2025-06-04,2026-06-04,Paid
PS00897,M000135,PK035,2025-06-30,2026-06-30,Refunded
PS00898,M000586,PK029,2024-04-22,2025-04-22,Paid
PS00899,M002052,PK015,2025-10-03,2026-04-01,Paid
PS00900,M000056,PK010,2024-08-25,2025-08-25,Paid
PS00901,M001540,PK003,2025-05-05,2026-05-05,Paid
PS00902,M001718,PK026,2025-08-05,2026-08-05,Paid
PS00903,M000492,PK030,2025-10-29,2026-10-29,Paid
PS00904,M000702,PK016,2025-08-02,2026-01-29,Paid
PS00905,M001994,PK009,2025-06-06,2026-06-06,Paid
PS00906,M001283,PK022,2025-11-08,2026-11-08,Pending
PS00907,M002068,PK024,2025-04-10,2026-04-10,Paid
PS00908,M000693,PK019,2025-12-04,2026-12-04,Paid
PS00909,M000008,PK030,2024-12-10,2025-12-10,Paid
PS00910,M001171,PK023,2025-10-10,2026-04-08,Refunded
PS00911,M001754,PK004,2025-02-20,2026-02-20,Paid
PS00912,M001297,PK019,2025-02-24,2026-02-24,Pending
PS00913,M000835,PK036,2025-08-26,2026-02-22,Paid
PS00914,M001431,PK012,2025-09-07,2026-03-06,Paid
PS00915,M001808,PK026,2025-08-23,2026-08-23,Paid
PS00916,M000867,PK034,2025-01-02,2026-01-02,Paid
PS00917,M000450,PK005,2025-03-14,2025-09-10,Paid
PS00918,M001799,PK010,2025-03-18,2026-03-18,Paid
PS00919,M000100,PK031,2024-11-07,2025-11-07,Paid
PS00920,M000412,PK015,2024-05-11,2024-11-07,Paid
PS00921,M000793,PK031,2025-01-03,2026-01-03,Refunded
PS00922,M000580,PK015,2025-06-14,2025-12-11,Paid
PS00923,M001592,PK038,2024-04-15,2025-04-15,Pending
PS00924,M000129,PK008,2025-12-07,2026-06-05,Paid
PS00925,M000335,PK007,2025-07-20,2026-07-20,Paid
PS00926,M001154,PK005,2025-12-03,2026-06-01,Paid
PS00927,M000336,PK019,2025-12-04,2026-12-04,Paid
PS00928,M002200,PK037,2024-06-02,2024-11-29,Paid
PS00929,M001291,PK004,2025-11-14,2026-11-14,Pending
PS00930,M002004,PK025,2024-05-26,2025-05-26,Paid
PS00931,M002047,PK028,2025-06-06,2026-06-06,Paid
PS00932,M000135,PK036,2024-04-16,2024-10-13,Pending
PS00933,M001239,PK017,2025-01-28,2026-01-28,Paid
PS00934,M000669,PK024,2024-10-11,2025-10-11,Paid
PS00935,M001169,PK007,2025-11-13,2026-11-13,Paid
PS00936,M000776,PK015,2024-07-25,2025-01-21,Paid
PS00937,M001710,PK039,2025-09-01,2026-02-28,Paid
PS00938,M000261,PK005,2024-09-07,2025-03-06,Paid
PS00939,M000067,PK022,2024-12-19,2025-12-19,Paid
PS00940,M001945,PK027,2025-03-12,2026-03-12,Pending
PS00941,M001461,PK001,2024-01-11,2025-01-10,Paid
PS00942,M001208,PK029,2024-05-07,2025-05-07,Paid
PS00943,M002083,PK040,2024-06-19,2025-06-19,Paid
PS00944,M001047,PK020,2025-09-03,2026-03-02,Paid
PS00945,M000371,PK038,2025-09-15,2026-09-15,Paid
PS00946,M000453,PK006,2025-02-12,2026-02-12,Paid
PS00947,M000480,PK014,2025-09-28,2026-09-28,Paid
PS00948,M000164,PK028,2025-09-18,2026-09-18,Paid
PS00949,M000586,PK001,2025-08-17,2026-08-17,Paid
PS00950,M000148,PK012,2024-03-24,2024-09-20,Paid
PS00951,M001590,PK008,2024-10-24,2025-04-22,Paid
PS00952,M001453,PK004,2025-06-04,2026-06-04,Paid
PS00953,M000499,PK009,2024-08-16,2025-08-16,Paid
PS00954,M001720,PK040,2025-03-29,2026-03-29,Pending
PS00955,M000325,PK028,2025-05-02,2026-05-02,Paid
PS00956,M000716,PK024,2025-01-24,2026-01-24,Paid
PS00957,M000818,PK025,2024-06-09,2025-06-09,Paid
PS00958,M002211,PK025,2025-05-01,2026-05-01,Paid
PS00959,M000407,PK003,2024-04-21,2025-04-21,Paid
PS00960,M002108,PK030,2024-02-20,2025-02-19,Paid
PS00961,M000285,PK021,2025-06-30,2026-06-30,Paid
PS00962,M000630,PK007,2025-03-09,2026-03-09,Paid
PS00963,M000740,PK022,2024-11-01,2025-11-01,Paid
PS00964,M002097,PK012,2024-11-15,2025-05-14,Paid
PS00965,M000947,PK029,2024-09-21,2025-09-21,Paid
PS00966,M002242,PK003,2024-08-28,2025-08-28,Pending
PS00967,M000395,PK025,2024-05-03,2025-05-03,Paid
PS00968,M000778,PK021,2024-10-19,2025-10-19,Paid
PS00969,M000630,PK011,2024-12-28,2025-12-28,Paid
PS00970,M002488,PK003,2025-05-18,2026-05-18,Paid
PS00971,M002402,PK014,2024-11-01,2025-11-01,Paid
PS00972,M002108,PK022,2025-11-28,2026-11-28,Paid
PS00973,M001018,PK009,2024-12-26,2025-12-26,Paid
PS00974,M001589,PK038,2024-05-01,2025-05-01,Refunded
PS00975,M002082,PK013,2025-07-28,2026-01-24,Paid
PS00976,M000949,PK033,2024-02-12,2025-02-11,Paid
PS00977,M001977,PK015,2025-03-12,2025-09-08,Paid
PS00978,M001006,PK002,2024-11-17,2025-11-17,Pending
PS00979,M002064,PK009,2024-06-06,2025-06-06,Paid
PS00980,M001972,PK036,2024-10-26,2025-04-24,Paid
PS00981,M001857,PK031,2025-12-18,2026-12-18,Paid
PS00982,M001816,PK012,2025-06-13,2025-12-10,Paid
PS00983,M000168,PK015,2025-06-07,2025-12-04,Paid
PS00984,M000662,PK036,2025-09-17,2026-03-16,Pending
PS00985,M002347,PK027,2024-05-08,2025-05-08,Paid
PS00986,M001919,PK028,2024-05-30,2025-05-30,Paid
PS00987,M002272,PK032,2025-10-23,2026-10-23,Refunded
PS00988,M000105,PK011,2025-01-08,2026-01-08,Pending
PS00989,M001005,PK017,2024-06-27,2025-06-27,Paid
PS00990,M000671,PK014,2025-03-26,2026-03-26,Paid
PS00991,M000269,PK023,2024-02-29,2024-08-27,Paid
PS00992,M002046,PK025,2025-12-20,2026-12-20,Pending
PS00993,M001378,PK007,2024-06-08,2025-06-08,Paid
PS00994,M001433,PK038,2025-11-09,2026-11-09,Paid
PS00995,M000576,PK031,2025-11-30,2026-11-30,Paid
PS00996,M001033,PK002,2025-01-04,2026-01-04,Paid
PS00997,M000161,PK035,2024-10-09,2025-10-09,Refunded
PS00998,M000490,PK026,2025-06-03,2026-06-03,Paid
PS00999,M000694,PK020,2025-01-25,2025-07-24,Paid
PS01000,M000038,PK025,2024-09-13,2025-09-13,Paid
PS01001,M002200,PK010,2024-02-27,2025-02-26,Pending
PS01002,M001210,PK039,2025-09-04,2026-03-03,Pending
PS01003,M000599,PK028,2025-10-06,2026-10-06,Paid
PS01004,M001022,PK032,2024-09-13,2025-09-13,Paid
PS01005,M000472,PK012,2025-07-04,2025-12-31,Refunded
PS01006,M000292,PK004,2024-08-11,2025-08-11,Paid
PS01007,M000915,PK012,2025-04-28,2025-10-25,Paid
PS01008,M000864,PK004,2025-12-14,2026-12-14,Paid
PS01009,M002171,PK035,2025-10-24,2026-10-24,Paid
PS01010,M000892,PK012,2025-04-30,2025-10-27,Paid
PS01011,M001569,PK008,2024-07-04,2024-12-31,Paid
PS01012,M001316,PK037,2025-12-22,2026-06-20,Paid
PS01013,M002030,PK035,2025-12-15,2026-12-15,Refunded
PS01014,M001684,PK036,2025-06-25,2025-12-22,Paid
PS01015,M002070,PK004,2024-08-18,2025-08-18,Paid
PS01016,M002495,PK032,2024-10-19,2025-10-19,Paid
PS01017,M000802,PK011,2025-02-26,2026-02-26,Paid
PS01018,M002206,PK013,2025-07-23,2026-01-19,Paid
PS01019,M001147,PK037,2025-12-16,2026-06-14,Paid
PS01020,M002069,PK001,2024-03-04,2025-03-04,Paid
PS01021,M002039,PK038,2024-03-24,2025-03-24,Paid
PS01022,M000956,PK027,2024-05-13,2025-05-13,Paid
PS01023,M001907,PK028,2024-04-08,2025-04-08,Paid
PS01024,M000443,PK008,2024-06-24,2024-12-21,Paid
PS01025,M000651,PK010,2024-04-20,2025-04-20,Refunded
PS01026,M001984,PK029,2025-11-07,2026-11-07,Paid
PS01027,M001072,PK016,2025-12-19,2026-06-17,Paid
PS01028,M000379,PK012,2024-07-19,2025-01-15,Pending
PS01029,M002159,PK001,2025-07-19,2026-07-19,Paid
PS01030,M001264,PK011,2024-07-19,2025-07-19,Paid
PS01031,M001409,PK001,2025-07-07,2026-07-07,Pending
PS01032,M002149,PK035,2025-07-31,2026-07-31,Paid
PS01033,M001786,PK012,2024-09-29,2025-03-28,Paid
PS01034,M002329,PK035,2024-12-14,2025-12-14,Paid
PS01035,M000008,PK002,2025-09-10,2026-09-10,Paid
PS01036,M001854,PK023,2025-09-02,2026-03-01,Paid
PS01037,M001808,PK028,2025-10-13,2026-10-13,Paid
PS01038,M001761,PK012,2024-05-30,2024-11-26,Paid
PS01039,M000598,PK008,2024-12-22,2025-06-20,Paid
PS01040,M002320,PK017,2025-07-27,2026-07-27,Pending
PS01041,M000908,PK015,2025-05-05,2025-11-01,Paid
PS01042,M000824,PK030,2024-11-04,2025-11-04,Paid
PS01043,M000916,PK031,2024-07-06,2025-07-06,Paid
PS01044,M001943,PK031,2025-06-15,2026-06-15,Paid
PS01045,M000028,PK006,2025-10-07,2026-10-07,Paid
PS01046,M001214,PK033,2024-12-09,2025-12-09,Paid
PS01047,M001584,PK023,2025-03-20,2025-09-16,Paid
PS01048,M000611,PK032,2025-03-11,2026-03-11,Paid
PS01049,M000977,PK029,2024-11-24,2025-11-24,Paid
PS01050,M000322,PK002,2024-12-01,2025-12-01,Paid
PS01051,M002372,PK009,2024-08-16,2025-08-16,Paid
PS01052,M000277,PK028,2025-01-12,2026-01-12,Paid
PS01053,M000256,PK036,2024-07-26,2025-01-22,Paid
PS01054,M000919,PK034,2024-07-19,2025-07-19,Paid
PS01055,M001234,PK035,2024-02-11,2025-02-10,Paid
PS01056,M000638,PK011,2025-10-25,2026-10-25,Pending
PS01057,M001263,PK026,2024-04-08,2025-04-08,Paid
PS01058,M001356,PK008,2025-03-14,2025-09-10,Paid
PS01059,M001500,PK031,2025-09-06,2026-09-06,Paid
PS01060,M001090,PK018,2025-04-10,2026-04-10,Paid
PS01061,M000654,PK026,2024-12-03,2025-12-03,Paid
PS01062,M001064,PK012,2024-02-07,2024-08-05,Paid
PS01063,M001682,PK037,2025-09-24,2026-03-23,Paid
PS01064,M000188,PK037,2024-04-21,2024-10-18,Paid
PS01065,M001165,PK016,2024-04-26,2024-10-23,Paid
PS01066,M001163,PK021,2024-07-30,2025-07-30,Paid
PS01067,M000487,PK034,2024-08-27,2025-08-27,Pending
PS01068,M001309,PK001,2024-06-24,2025-06-24,Paid
PS01069,M001554,PK026,2025-06-30,2026-06-30,Paid
PS01070,M001454,PK028,2025-07-25,2026-07-25,Paid
PS01071,M001684,PK001,2024-06-14,2025-06-14,Paid
PS01072,M001020,PK039,2024-11-23,2025-05-22,Paid
PS01073,M000277,PK016,2025-12-28,2026-06-26,Paid
PS01074,M002021,PK016,2025-12-22,2026-06-20,Paid
PS01075,M001424,PK025,2024-11-16,2025-11-16,Paid
PS01076,M002185,PK005,2025-06-03,2025-11-30,Paid
PS01077,M001119,PK024,2024-03-31,2025-03-31,Paid
PS01078,M000864,PK033,2024-02-28,2025-02-27,Paid
PS01079,M000757,PK031,2024-12-02,2025-12-02,Paid
PS01080,M001029,PK017,2025-05-14,2026-05-14,Paid
PS01081,M000686,PK007,2025-01-16,2026-01-16,Paid
PS01082,M000658,PK031,2025-06-06,2026-06-06,Paid
PS01083,M000148,PK014,2025-03-24,2026-03-24,Paid
PS01084,M001666,PK007,2025-11-07,2026-11-07,Paid
PS01085,M001307,PK006,2024-05-23,2025-05-23,Paid
PS01086,M000514,PK005,2025-10-24,2026-04-22,Paid
PS01087,M002292,PK034,2024-03-20,2025-03-20,Paid
PS01088,M001017,PK012,2025-01-17,2025-07-16,Pending
PS01089,M000489,PK012,2024-05-04,2024-10-31,Paid
PS01090,M000872,PK012,2024-09-03,2025-03-02,Paid
PS01091,M000428,PK005,2025-08-11,2026-02-07,Pending
PS01092,M000801,PK023,2025-08-23,2026-02-19,Paid
PS01093,M002101,PK022,2025-08-13,2026-08-13,Paid
PS01094,M001339,PK031,2025-01-05,2026-01-05,Paid
PS01095,M000492,PK033,2025-02-13,2026-02-13,Paid
PS01096,M001587,PK031,2025-07-12,2026-07-12,Paid
PS01097,M000366,PK015,2024-12-25,2025-06-23,Pending
PS01098,M000618,PK028,2024-12-18,2025-12-18,Pending
PS01099,M002351,PK038,2024-01-11,2025-01-10,Paid
PS01100,M000734,PK013,2024-08-08,2025-02-04,Paid
PS01101,M000625,PK005,2024-12-16,2025-06-14,Refunded
PS01102,M002171,PK014,2024-02-01,2025-01-31,Paid
PS01103,M001913,PK003,2025-02-16,2026-02-16,Paid
PS01104,M000564,PK011,2024-05-10,2025-05-10,Paid
PS01105,M002410,PK001,2025-09-28,2026-09-28,Paid
PS01106,M002031,PK039,2025-10-31,2026-04-29,Paid
PS01107,M000210,PK018,2025-10-17,2026-10-17,Paid
PS01108,M001869,PK021,2025-09-15,2026-09-15,Paid
PS01109,M001095,PK038,2024-05-08,2025-05-08,Paid
PS01110,M001077,PK038,2025-09-26,2026-09-26,Paid
PS01111,M001649,PK037,2024-02-05,2024-08-03,Paid
PS01112,M001768,PK028,2025-12-13,2026-12-13,Paid
PS01113,M002338,PK003,2025-04-29,2026-04-29,Refunded
PS01114,M002018,PK009,2025-09-10,2026-09-10,Paid
PS01115,M001355,PK007,2024-01-11,2025-01-10,Paid
PS01116,M002313,PK035,2024-08-16,2025-08-16,Paid
PS01117,M001759,PK008,2025-04-03,2025-09-30,Paid
PS01118,M001816,PK038,2025-06-13,2026-06-13,Paid
PS01119,M002094,PK039,2025-12-12,2026-06-10,Paid
PS01120,M000925,PK021,2025-04-14,2026-04-14,Paid
PS01121,M000553,PK030,2025-09-19,2026-09-19,Paid
PS01122,M000128,PK009,2024-09-09,2025-09-09,Paid
PS01123,M000708,PK020,2024-03-05,2024-09-01,Paid
PS01124,M000975,PK030,2025-04-08,2026-04-08,Paid
PS01125,M001844,PK004,2025-03-21,2026-03-21,Paid
PS01126,M001392,PK031,2025-03-26,2026-03-26,Pending
PS01127,M001418,PK036,2025-04-18,2025-10-15,Paid
PS01128,M000261,PK035,2025-01-17,2026-01-17,Paid
PS01129,M001706,PK030,2025-01-04,2026-01-04,Pending
PS01130,M001589,PK027,2025-12-17,2026-12-17,Paid
PS01131,M002165,PK009,2024-04-07,2025-04-07,Paid
PS01132,M000803,PK023,2025-11-28,2026-05-27,Paid
PS01133,M001063,PK040,2025-11-01,2026-11-01,Pending
PS01134,M002240,PK004,2025-03-03,2026-03-03,Paid
PS01135,M001210,PK013,2025-06-12,2025-12-09,Paid
PS01136,M001018,PK025,2025-10-20,2026-10-20,Paid
PS01137,M001855,PK019,2024-08-18,2025-08-18,Paid
PS01138,M000285,PK025,2025-04-09,2026-04-09,Paid
PS01139,M000169,PK036,2024-08-28,2025-02-24,Paid
PS01140,M000583,PK004,2024-06-07,2025-06-07,Paid
PS01141,M002130,PK040,2024-12-21,2025-12-21,Paid
PS01142,M001325,PK001,2024-09-26,2025-09-26,Pending
PS01143,M001939,PK019,2024-06-16,2025-06-16,Paid
PS01144,M000739,PK027,2025-06-29,2026-06-29,Paid
PS01145,M002186,PK012,2024-06-26,2024-12-23,Paid
PS01146,M002058,PK034,2025-12-19,2026-12-19,Paid
PS01147,M000678,PK038,2024-01-29,2025-01-28,Paid
PS01148,M001789,PK019,2025-04-04,2026-04-04,Paid
PS01149,M002382,PK011,2024-07-15,2025-07-15,Paid
PS01150,M002019,PK023,2025-07-23,2026-01-19,Paid
PS01151,M001061,PK013,2025-04-26,2025-10-23,Paid
PS01152,M000518,PK018,2024-04-24,2025-04-24,Pending
PS01153,M001187,PK032,2025-10-14,2026-10-14,Paid
PS01154,M001375,PK015,2025-03-09,2025-09-05,Paid
PS01155,M000473,PK031,2025-07-15,2026-07-15,Paid
PS01156,M000741,PK031,2025-09-07,2026-09-07,Paid
PS01157,M001131,PK010,2024-07-17,2025-07-17,Paid
PS01158,M002261,PK027,2025-03-28,2026-03-28,Paid
PS01159,M001584,PK038,2025-07-26,2026-07-26,Paid
PS01160,M001775,PK024,2025-03-31,2026-03-31,Paid
PS01161,M000675,PK006,2024-04-08,2025-04-08,Paid
PS01162,M000341,PK025,2024-02-24,2025-02-23,Refunded
PS01163,M000333,PK029,2025-08-31,2026-08-31,Paid
PS01164,M000161,PK005,2025-10-21,2026-04-19,Paid
PS01165,M001744,PK001,2024-07-11,2025-07-11,Paid
PS01166,M001508,PK038,2024-03-09,2025-03-09,Refunded
PS01167,M001497,PK022,2025-01-17,2026-01-17,Paid
PS01168,M002233,PK028,2024-10-29,2025-10-29,Paid
PS01169,M001917,PK016,2025-12-29,2026-06-27,Paid
PS01170,M001182,PK008,2025-10-23,2026-04-21,Paid
PS01171,M000080,PK024,2024-09-15,2025-09-15,Pending
PS01172,M001574,PK007,2025-01-05,2026-01-05,Paid
PS01173,M000509,PK004,2025-10-17,2026-10-17,Paid
PS01174,M002033,PK013,2024-12-02,2025-05-31,Paid
PS01175,M001805,PK013,2025-06-13,2025-12-10,Paid
PS01176,M001647,PK021,2024-06-04,2025-06-04,Paid
PS01177,M000504,PK016,2024-01-11,2024-07-09,Paid
PS01178,M000306,PK019,2024-06-20,2025-06-20,Paid
PS01179,M001508,PK021,2024-12-10,2025-12-10,Paid
PS01180,M002203,PK016,2025-10-26,2026-04-24,Paid
PS01181,M002366,PK038,2024-01-10,2025-01-09,Pending
PS01182,M001427,PK017,2025-04-27,2026-04-27,Paid
PS01183,M000960,PK008,2024-11-08,2025-05-07,Paid
PS01184,M001847,PK031,2025-10-02,2026-10-02,Paid
PS01185,M001616,PK029,2025-03-07,2026-03-07,Paid
PS01186,M001257,PK013,2024-08-08,2025-02-04,Paid
PS01187,M001051,PK037,2025-01-18,2025-07-17,Paid
PS01188,M000441,PK019,2024-05-13,2025-05-13,Paid
PS01189,M001314,PK037,2024-06-26,2024-12-23,Paid
PS01190,M001553,PK022,2024-06-17,2025-06-17,Paid
PS01191,M001311,PK001,2024-06-24,2025-06-24,Pending
PS01192,M000445,PK014,2025-09-08,2026-09-08,Paid
PS01193,M001650,PK009,2025-03-22,2026-03-22,Paid
PS01194,M000996,PK023,2024-09-06,2025-03-05,Paid
PS01195,M000631,PK002,2025-04-14,2026-04-14,Paid
PS01196,M001416,PK008,2024-12-31,2025-06-29,Paid
PS01197,M001958,PK032,2024-12-03,2025-12-03,Paid
PS01198,M001079,PK020,2025-10-26,2026-04-24,Paid
PS01199,M000919,PK007,2025-05-10,2026-05-10,Refunded
PS01200,M001587,PK030,2024-07-04,2025-07-04,Pending
PS01201,M000494,PK028,2025-11-21,2026-11-21,Refunded
PS01202,M001476,PK021,2024-09-12,2025-09-12,Paid
PS01203,M001986,PK005,2025-09-29,2026-03-28,Paid
PS01204,M000708,PK004,2025-06-09,2026-06-09,Paid
PS01205,M001531,PK039,2025-01-12,2025-07-11,Paid
PS01206,M001949,PK004,2024-06-14,2025-06-14,Paid
PS01207,M000340,PK031,2024-09-24,2025-09-24,Paid
PS01208,M000800,PK018,2025-06-15,2026-06-15,Paid
PS01209,M000038,PK029,2024-10-28,2025-10-28,Paid
PS01210,M000683,PK002,2024-07-11,2025-07-11,Pending
PS01211,M001260,PK017,2025-01-19,2026-01-19,Paid
PS01212,M001571,PK011,2025-01-03,2026-01-03,Paid
PS01213,M000074,PK007,2024-04-29,2025-04-29,Paid
PS01214,M001717,PK031,2024-12-16,2025-12-16,Paid
PS01215,M000224,PK031,2025-06-26,2026-06-26,Paid
PS01216,M000050,PK011,2025-11-28,2026-11-28,Paid
PS01217,M001178,PK034,2025-03-12,2026-03-12,Paid
PS01218,M000383,PK026,2024-02-05,2025-02-04,Paid
PS01219,M002137,PK027,2024-03-17,2025-03-17,Paid
PS01220,M000325,PK031,2025-08-23,2026-08-23,Paid
PS01221,M000884,PK017,2024-09-10,2025-09-10,Paid
PS01222,M001206,PK020,2025-01-16,2025-07-15,Pending
PS01223,M000113,PK038,2024-09-04,2025-09-04,Paid
PS01224,M000594,PK033,2025-11-14,2026-11-14,Paid
PS01225,M001395,PK021,2025-09-26,2026-09-26,Paid
PS01226,M000782,PK006,2024-08-31,2025-08-31,Paid
PS01227,M001905,PK033,2024-05-02,2025-05-02,Pending
PS01228,M001804,PK031,2024-03-18,2025-03-18,Refunded
PS01229,M000806,PK010,2025-11-18,2026-11-18,Paid
PS01230,M000595,PK002,2025-09-21,2026-09-21,Pending
PS01231,M001562,PK026,2024-03-17,2025-03-17,Paid
PS01232,M001171,PK022,2025-08-07,2026-08-07,Paid
PS01233,M002118,PK037,2025-09-24,2026-03-23,Paid
PS01234,M001047,PK017,2024-01-22,2025-01-21,Paid
PS01235,M002438,PK018,2024-08-13,2025-08-13,Paid
PS01236,M000036,PK004,2025-11-18,2026-11-18,Paid
PS01237,M000008,PK010,2024-07-16,2025-07-16,Paid
PS01238,M000971,PK013,2024-12-16,2025-06-14,Paid
PS01239,M001965,PK006,2025-09-07,2026-09-07,Paid
PS01240,M001515,PK016,2024-02-17,2024-08-15,Paid
PS01241,M001693,PK003,2025-01-16,2026-01-16,Paid
PS01242,M000588,PK006,2024-09-02,2025-09-02,Pending
PS01243,M001416,PK038,2024-04-18,2025-04-18,Paid
PS01244,M000841,PK039,2025-05-26,2025-11-22,Paid
PS01245,M001141,PK038,2024-06-18,2025-06-18,Refunded
PS01246,M000171,PK019,2024-10-27,2025-10-27,Paid
PS01247,M000012,PK015,2024-11-28,2025-05-27,Paid
PS01248,M000606,PK030,2024-11-24,2025-11-24,Pending
PS01249,M000817,PK009,2025-05-26,2026-05-26,Paid
PS01250,M001280,PK031,2025-03-16,2026-03-16,Paid
PS01251,M000890,PK034,2025-09-14,2026-09-14,Paid
PS01252,M001827,PK040,2025-06-28,2026-06-28,Pending
PS01253,M001740,PK020,2024-09-04,2025-03-03,Refunded
PS01254,M000505,PK025,2025-02-17,2026-02-17,Paid
PS01255,M000794,PK002,2025-06-14,2026-06-14,Paid
PS01256,M001877,PK014,2024-10-14,2025-10-14,Paid
PS01257,M001356,PK019,2024-03-16,2025-03-16,Paid
PS01258,M000423,PK005,2024-08-28,2025-02-24,Paid
PS01259,M000315,PK012,2025-05-10,2025-11-06,Paid
PS01260,M001559,PK019,2024-03-18,2025-03-18,Paid
PS01261,M000899,PK022,2024-08-10,2025-08-10,Paid
PS01262,M000654,PK011,2025-06-11,2026-06-11,Paid
PS01263,M002308,PK037,2025-11-22,2026-05-21,Paid
PS01264,M001357,PK038,2025-03-26,2026-03-26,Paid
PS01265,M001360,PK017,2024-06-04,2025-06-04,Paid
PS01266,M001189,PK012,2025-05-19,2025-11-15,Paid
PS01267,M001075,PK009,2025-08-20,2026-08-20,Paid
PS01268,M001369,PK034,2025-02-08,2026-02-08,Pending
PS01269,M000145,PK026,2025-01-01,2026-01-01,Paid
PS01270,M001984,PK009,2025-07-29,2026-07-29,Paid
PS01271,M002335,PK015,2025-10-21,2026-04-19,Paid
PS01272,M001266,PK031,2025-06-12,2026-06-12,Paid
PS01273,M000355,PK009,2024-01-08,2025-01-07,Paid
PS01274,M001428,PK002,2024-06-28,2025-06-28,Paid
PS01275,M002124,PK003,2024-08-30,2025-08-30,Paid
PS01276,M002036,PK034,2025-12-17,2026-12-17,Paid
PS01277,M002118,PK024,2025-04-17,2026-04-17,Paid
PS01278,M002245,PK037,2025-05-25,2025-11-21,Refunded
PS01279,M002488,PK019,2024-06-20,2025-06-20,Paid
PS01280,M000382,PK016,2025-08-14,2026-02-10,Refunded
PS01281,M002105,PK005,2025-10-30,2026-04-28,Refunded
PS01282,M002070,PK039,2025-09-27,2026-03-26,Paid
PS01283,M000449,PK012,2024-09-28,2025-03-27,Paid
PS01284,M000632,PK023,2024-06-03,2024-11-30,Paid
PS01285,M001913,PK035,2025-06-30,2026-06-30,Paid
PS01286,M000332,PK005,2024-05-24,2024-11-20,Paid
PS01287,M000251,PK013,2024-10-09,2025-04-07,Paid
PS01288,M000052,PK022,2024-12-22,2025-12-22,Paid
PS01289,M001842,PK021,2025-03-19,2026-03-19,Paid
PS01290,M000100,PK006,2024-12-10,2025-12-10,Paid
PS01291,M001728,PK008,2024-09-08,2025-03-07,Paid
PS01292,M000652,PK019,2025-06-07,2026-06-07,Paid
PS01293,M001906,PK036,2024-08-22,2025-02-18,Paid
PS01294,M000568,PK002,2024-06-13,2025-06-13,Paid
PS01295,M001854,PK013,2025-07-24,2026-01-20,Paid
PS01296,M000315,PK009,2025-06-30,2026-06-30,Paid
PS01297,M000640,PK005,2024-05-04,2024-10-31,Paid
PS01298,M001408,PK020,2025-01-21,2025-07-20,Paid
PS01299,M000595,PK023,2025-06-16,2025-12-13,Paid
PS01300,M001268,PK011,2025-10-29,2026-10-29,Paid
PS01301,M000353,PK001,2024-12-28,2025-12-28,Paid
PS01302,M000243,PK030,2024-12-22,2025-12-22,Paid
PS01303,M001577,PK017,2024-01-02,2025-01-01,Paid
PS01304,M001839,PK034,2024-09-12,2025-09-12,Paid
PS01305,M000604,PK018,2025-11-20,2026-11-20,Paid
PS01306,M001453,PK025,2024-09-17,2025-09-17,Paid
PS01307,M000286,PK037,2025-10-18,2026-04-16,Paid
PS01308,M001058,PK023,2024-03-03,2024-08-30,Paid
PS01309,M002421,PK032,2025-08-28,2026-08-28,Paid
PS01310,M000580,PK040,2025-09-23,2026-09-23,Paid
PS01311,M002261,PK035,2024-04-28,2025-04-28,Paid
PS01312,M002435,PK034,2024-02-07,2025-02-06,Paid
PS01313,M000494,PK033,2024-02-08,2025-02-07,Paid
PS01314,M001762,PK026,2024-09-29,2025-09-29,Paid
PS01315,M002361,PK032,2025-08-07,2026-08-07,Paid
PS01316,M000658,PK028,2024-09-15,2025-09-15,Paid
PS01317,M002006,PK010,2025-07-30,2026-07-30,Paid
PS01318,M001990,PK021,2025-12-08,2026-12-08,Paid
PS01319,M000954,PK011,2025-05-09,2026-05-09,Paid
PS01320,M001432,PK003,2024-01-02,2025-01-01,Paid
PS01321,M001160,PK014,2024-08-22,2025-08-22,Paid
PS01322,M000959,PK003,2024-05-12,2025-05-12,Paid
PS01323,M000620,PK029,2024-10-03,2025-10-03,Paid
PS01324,M002308,PK023,2025-06-30,2025-12-27,Paid
PS01325,M000872,PK018,2024-04-14,2025-04-14,Paid
PS01326,M001112,PK019,2024-11-28,2025-11-28,Pending
PS01327,M002116,PK004,2024-05-29,2025-05-29,Paid
PS01328,M002160,PK037,2025-05-05,2025-11-01,Paid
PS01329,M001916,PK029,2025-12-04,2026-12-04,Paid
PS01330,M001206,PK006,2025-07-30,2026-07-30,Paid
PS01331,M001973,PK007,2024-03-13,2025-03-13,Paid
PS01332,M002132,PK018,2025-04-13,2026-04-13,Paid
PS01333,M000293,PK010,2024-12-07,2025-12-07,Paid
PS01334,M000684,PK027,2025-05-09,2026-05-09,Paid
PS01335,M001597,PK022,2024-10-25,2025-10-25,Paid
PS01336,M000979,PK017,2025-10-12,2026-10-12,Paid
PS01337,M001380,PK003,2024-08-18,2025-08-18,Paid
PS01338,M002427,PK010,2025-01-10,2026-01-10,Paid
PS01339,M002497,PK030,2025-07-06,2026-07-06,Paid
PS01340,M000370,PK001,2025-10-20,2026-10-20,Pending
PS01341,M001244,PK031,2025-04-04,2026-04-04,Paid
PS01342,M001223,PK016,2024-08-10,2025-02-06,Pending
PS01343,M002415,PK023,2025-04-01,2025-09-28,Paid
PS01344,M000184,PK003,2024-05-06,2025-05-06,Paid
PS01345,M002129,PK003,2025-08-01,2026-08-01,Paid
PS01346,M001702,PK011,2024-10-27,2025-10-27,Paid
PS01347,M000833,PK020,2025-08-30,2026-02-26,Paid
PS01348,M000392,PK022,2025-01-12,2026-01-12,Pending
PS01349,M002354,PK003,2024-12-06,2025-12-06,Paid
PS01350,M000041,PK040,2024-06-26,2025-06-26,Paid
PS01351,M000393,PK017,2025-08-05,2026-08-05,Paid
PS01352,M002493,PK015,2025-09-02,2026-03-01,Paid
PS01353,M002466,PK001,2024-05-06,2025-05-06,Paid
PS01354,M000746,PK022,2024-05-29,2025-05-29,Paid
PS01355,M001448,PK003,2024-02-01,2025-01-31,Paid
PS01356,M000532,PK025,2025-08-21,2026-08-21,Paid
PS01357,M000898,PK040,2024-09-12,2025-09-12,Paid
PS01358,M001319,PK026,2025-10-13,2026-10-13,Paid
PS01359,M001751,PK034,2025-12-04,2026-12-04,Paid
PS01360,M001771,PK015,2025-09-19,2026-03-18,Paid
PS01361,M000160,PK023,2024-03-02,2024-08-29,Paid
PS01362,M000073,PK038,2024-08-25,2025-08-25,Paid
PS01363,M002177,PK039,2025-05-20,2025-11-16,Paid
PS01364,M002493,PK018,2024-05-09,2025-05-09,Paid
PS01365,M002474,PK017,2025-06-21,2026-06-21,Paid
PS01366,M001803,PK009,2024-04-17,2025-04-17,Paid
PS01367,M001006,PK029,2024-12-13,2025-12-13,Paid
PS01368,M001330,PK020,2024-01-28,2024-07-26,Paid
PS01369,M001480,PK027,2024-06-26,2025-06-26,Paid
PS01370,M002083,PK020,2025-08-29,2026-02-25,Paid
PS01371,M000491,PK018,2025-06-11,2026-06-11,Paid
PS01372,M001325,PK010,2025-12-17,2026-12-17,Paid
PS01373,M001811,PK022,2024-02-26,2025-02-25,Paid
PS01374,M000108,PK039,2024-09-10,2025-03-09,Paid
PS01375,M001465,PK021,2024-05-12,2025-05-12,Paid
PS01376,M002017,PK008,2025-12-23,2026-06-21,Paid
PS01377,M002073,PK007,2025-11-21,2026-11-21,Paid
PS01378,M002360,PK014,2025-03-16,2026-03-16,Paid
PS01379,M000855,PK040,2024-05-19,2025-05-19,Paid
PS01380,M001692,PK009,2024-08-19,2025-08-19,Paid
PS01381,M000001,PK019,2024-01-12,2025-01-11,Refunded
PS01382,M001727,PK036,2024-12-20,2025-06-18,Paid
PS01383,M001472,PK035,2025-03-21,2026-03-21,Pending
PS01384,M001262,PK010,2024-04-20,2025-04-20,Pending
PS01385,M000915,PK038,2025-07-27,2026-07-27,Pending
PS01386,M002162,PK004,2025-04-10,2026-04-10,Paid
PS01387,M002416,PK003,2024-10-17,2025-10-17,Paid
PS01388,M002013,PK017,2024-08-26,2025-08-26,Paid
PS01389,M002428,PK020,2024-09-02,2025-03-01,Paid
PS01390,M001744,PK011,2024-06-23,2025-06-23,Paid
PS01391,M000889,PK008,2024-09-09,2025-03-08,Paid
PS01392,M001466,PK027,2025-06-27,2026-06-27,Pending
PS01393,M001181,PK008,2024-11-24,2025-05-23,Paid
PS01394,M001479,PK011,2024-06-01,2025-06-01,Paid
PS01395,M002129,PK033,2024-06-18,2025-06-18,Paid
PS01396,M001993,PK040,2025-06-29,2026-06-29,Pending
PS01397,M000124,PK007,2025-05-20,2026-05-20,Paid
PS01398,M002404,PK030,2024-05-14,2025-05-14,Paid
PS01399,M001927,PK026,2024-02-25,2025-02-24,Pending
PS01400,M000253,PK010,2024-08-20,2025-08-20,Pending
PS01401,M000053,PK014,2024-05-29,2025-05-29,Paid
PS01402,M000783,PK005,2025-11-02,2026-05-01,Paid
PS01403,M001691,PK026,2024-01-20,2025-01-19,Paid
PS01404,M000950,PK025,2024-02-08,2025-02-07,Paid
PS01405,M002124,PK027,2024-08-22,2025-08-22,Paid
PS01406,M000406,PK005,2025-07-26,2026-01-22,Paid
PS01407,M001491,PK009,2024-06-07,2025-06-07,Paid
PS01408,M002261,PK024,2025-04-06,2026-04-06,Refunded
PS01409,M002034,PK029,2025-04-01,2026-04-01,Paid
PS01410,M000293,PK030,2024-04-22,2025-04-22,Paid
PS01411,M000920,PK013,2024-03-04,2024-08-31,Refunded
PS01412,M000374,PK011,2024-08-16,2025-08-16,Paid
PS01413,M001039,PK005,2025-09-07,2026-03-06,Paid
PS01414,M002140,PK029,2024-02-21,2025-02-20,Pending
PS01415,M002131,PK039,2024-08-12,2025-02-08,Paid
PS01416,M001985,PK015,2025-11-23,2026-05-22,Paid
PS01417,M000134,PK022,2024-11-08,2025-11-08,Paid
PS01418,M002104,PK002,2024-09-23,2025-09-23,Paid
PS01419,M002435,PK003,2024-03-25,2025-03-25,Paid
PS01420,M001672,PK021,2024-08-12,2025-08-12,Paid
PS01421,M001919,PK013,2024-03-28,2024-09-24,Refunded
PS01422,M001934,PK009,2025-04-19,2026-04-19,Paid
PS01423,M001777,PK031,2025-06-13,2026-06-13,Refunded
PS01424,M001156,PK039,2025-04-12,2025-10-09,Paid
PS01425,M002348,PK024,2024-08-29,2025-08-29,Paid
PS01426,M001065,PK008,2025-01-23,2025-07-22,Paid
PS01427,M000108,PK025,2024-09-30,2025-09-30,Pending
PS01428,M000183,PK009,2025-09-13,2026-09-13,Paid
PS01429,M002136,PK035,2024-03-12,2025-03-12,Pending
PS01430,M001891,PK018,2024-12-27,2025-12-27,Paid
PS01431,M000096,PK005,2024-01-10,2024-07-08,Paid
PS01432,M000400,PK029,2024-12-23,2025-12-23,Paid
PS01433,M000758,PK023,2024-09-02,2025-03-01,Paid
PS01434,M000005,PK010,2025-05-23,2026-05-23,Paid
PS01435,M000246,PK019,2024-07-29,2025-07-29,Paid
PS01436,M002328,PK022,2025-05-18,2026-05-18,Paid
PS01437,M000542,PK013,2024-09-12,2025-03-11,Paid
PS01438,M000536,PK036,2024-05-11,2024-11-07,Pending
PS01439,M000298,PK018,2024-03-31,2025-03-31,Paid
PS01440,M000260,PK008,2025-08-08,2026-02-04,Paid
PS01441,M000152,PK037,2025-04-10,2025-10-07,Paid
PS01442,M001746,PK018,2024-08-15,2025-08-15,Paid
PS01443,M000992,PK002,2025-07-06,2026-07-06,Paid
PS01444,M000317,PK026,2025-10-25,2026-10-25,Paid
PS01445,M001435,PK014,2024-11-07,2025-11-07,Paid
PS01446,M000428,PK021,2024-02-13,2025-02-12,Paid
PS01447,M000401,PK001,2024-03-02,2025-03-02,Paid
PS01448,M000846,PK004,2025-01-10,2026-01-10,Paid
PS01449,M002065,PK015,2024-07-08,2025-01-04,Refunded
PS01450,M001252,PK008,2024-08-03,2025-01-30,Paid
PS01451,M000143,PK002,2024-08-25,2025-08-25,Paid
PS01452,M002337,PK016,2024-09-28,2025-03-27,Paid
PS01453,M000946,PK033,2025-02-08,2026-02-08,Paid
PS01454,M002288,PK030,2024-12-15,2025-12-15,Paid
PS01455,M001974,PK019,2024-10-30,2025-10-30,Paid
PS01456,M000032,PK034,2024-07-04,2025-07-04,Paid
PS01457,M002466,PK019,2025-11-11,2026-11-11,Paid
PS01458,M001813,PK027,2024-02-17,2025-02-16,Paid
PS01459,M000783,PK029,2025-12-17,2026-12-17,Paid
PS01460,M002034,PK039,2024-07-18,2025-01-14,Pending
PS01461,M001335,PK008,2024-10-24,2025-04-22,Paid
PS01462,M001274,PK023,2025-08-22,2026-02-18,Paid
PS01463,M001534,PK007,2024-08-05,2025-08-05,Paid
PS01464,M001134,PK038,2025-09-20,2026-09-20,Paid
PS01465,M001450,PK032,2024-12-17,2025-12-17,Paid
PS01466,M001630,PK025,2025-09-30,2026-09-30,Paid
PS01467,M002490,PK037,2025-04-13,2025-10-10,Paid
PS01468,M001923,PK001,2024-12-11,2025-12-11,Paid
PS01469,M001477,PK010,2024-08-06,2025-08-06,Paid
PS01470,M000858,PK037,2025-09-26,2026-03-25,Paid
PS01471,M001495,PK033,2025-05-10,2026-05-10,Paid
PS01472,M001665,PK038,2025-02-10,2026-02-10,Paid
PS01473,M002076,PK008,2024-05-03,2024-10-30,Paid
PS01474,M000283,PK033,2024-12-17,2025-12-17,Paid
PS01475,M000169,PK010,2024-01-17,2025-01-16,Paid
PS01476,M001987,PK028,2025-02-19,2026-02-19,Pending
PS01477,M001071,PK029,2024-04-03,2025-04-03,Paid
PS01478,M001560,PK011,2025-06-10,2026-06-10,Paid
PS01479,M000301,PK005,2025-05-27,2025-11-23,Paid
PS01480,M000964,PK030,2025-03-28,2026-03-28,Paid
PS01481,M001979,PK019,2024-05-10,2025-05-10,Paid
PS01482,M001831,PK008,2025-03-04,2025-08-31,Paid
PS01483,M002452,PK010,2025-02-28,2026-02-28,Paid
PS01484,M000066,PK015,2024-06-25,2024-12-22,Paid
PS01485,M001721,PK002,2024-08-23,2025-08-23,Paid
PS01486,M002291,PK006,2024-06-11,2025-06-11,Paid
PS01487,M001533,PK010,2025-10-23,2026-10-23,Pending
PS01488,M001485,PK018,2024-03-11,2025-03-11,Pending
PS01489,M000686,PK004,2024-06-30,2025-06-30,Paid
PS01490,M002106,PK002,2025-09-13,2026-09-13,Paid
PS01491,M001667,PK022,2025-03-24,2026-03-24,Paid
PS01492,M001365,PK007,2025-04-29,2026-04-29,Pending
PS01493,M001807,PK035,2024-05-13,2025-05-13,Paid
PS01494,M001659,PK019,2024-11-09,2025-11-09,Paid
PS01495,M002353,PK034,2024-02-16,2025-02-15,Paid
PS01496,M001226,PK021,2024-05-14,2025-05-14,Paid
PS01497,M000844,PK010,2024-07-27,2025-07-27,Paid
PS01498,M001807,PK027,2025-09-01,2026-09-01,Paid
PS01499,M001647,PK008,2025-09-10,2026-03-09,Paid
PS01500,M000167,PK006,2024-04-30,2025-04-30,Paid
PS01501,M002062,PK014,2025-05-22,2026-05-22,Paid
PS01502,M000639,PK021,2025-12-07,2026-12-07,Paid
PS01503,M000241,PK038,2024-11-02,2025-11-02,Paid
PS01504,M001010,PK001,2024-05-11,2025-05-11,Paid
PS01505,M000157,PK004,2024-06-04,2025-06-04,Refunded
PS01506,M000169,PK039,2025-12-27,2026-06-25,Paid
PS01507,M000843,PK010,2025-06-11,2026-06-11,Paid
PS01508,M002340,PK031,2025-11-01,2026-11-01,Paid
PS01509,M001220,PK003,2025-03-02,2026-03-02,Paid
PS01510,M002437,PK001,2024-12-13,2025-12-13,Paid
PS01511,M000436,PK020,2025-03-27,2025-09-23,Paid
PS01512,M000601,PK037,2024-11-15,2025-05-14,Paid
PS01513,M001148,PK033,2024-12-30,2025-12-30,Paid
PS01514,M000365,PK007,2024-03-15,2025-03-15,Paid
PS01515,M000130,PK012,2025-04-10,2025-10-07,Paid
PS01516,M000935,PK016,2024-05-19,2024-11-15,Paid
PS01517,M002188,PK019,2024-07-23,2025-07-23,Paid
PS01518,M002150,PK031,2024-03-21,2025-03-21,Paid
PS01519,M000804,PK032,2025-11-04,2026-11-04,Paid
PS01520,M002092,PK014,2024-03-14,2025-03-14,Paid
PS01521,M001089,PK027,2024-07-03,2025-07-03,Pending
PS01522,M001673,PK011,2024-11-12,2025-11-12,Paid
PS01523,M002139,PK015,2024-07-03,2024-12-30,Paid
PS01524,M002219,PK029,2024-06-05,2025-06-05,Paid
PS01525,M000112,PK015,2025-09-02,2026-03-01,Paid
PS01526,M002313,PK003,2025-03-21,2026-03-21,Pending
PS01527,M001087,PK031,2025-08-14,2026-08-14,Refunded
PS01528,M001264,PK033,2024-12-31,2025-12-31,Paid
PS01529,M002103,PK031,2025-11-07,2026-11-07,Paid
PS01530,M000257,PK032,2025-08-23,2026-08-23,Paid
PS01531,M000700,PK006,2024-10-29,2025-10-29,Paid
PS01532,M001956,PK040,2024-01-03,2025-01-02,Paid
PS01533,M000068,PK011,2024-07-17,2025-07-17,Paid
PS01534,M000441,PK039,2025-06-18,2025-12-15,Paid
PS01535,M000916,PK022,2024-04-08,2025-04-08,Paid
PS01536,M001607,PK027,2024-07-24,2025-07-24,Paid
PS01537,M001877,PK035,2024-01-13,2025-01-12,Paid
PS01538,M000529,PK026,2025-06-18,2026-06-18,Paid
PS01539,M000710,PK029,2025-01-22,2026-01-22,Paid
PS01540,M000633,PK034,2024-04-12,2025-04-12,Pending
PS01541,M002437,PK027,2025-04-13,2026-04-13,Paid
PS01542,M001850,PK009,2024-08-23,2025-08-23,Refunded
PS01543,M001793,PK030,2025-12-10,2026-12-10,Paid
PS01544,M001437,PK006,2025-12-21,2026-12-21,Pending
PS01545,M000724,PK003,2025-09-17,2026-09-17,Pending
PS01546,M000495,PK013,2024-09-21,2025-03-20,Paid
PS01547,M000493,PK013,2025-03-01,2025-08-28,Paid
PS01548,M000732,PK014,2024-01-30,2025-01-29,Paid
PS01549,M002460,PK037,2025-12-15,2026-06-13,Paid
PS01550,M001959,PK029,2024-06-13,2025-06-13,Paid
PS01551,M001659,PK033,2024-04-20,2025-04-20,Paid
PS01552,M000973,PK019,2024-12-30,2025-12-30,Paid
PS01553,M001237,PK039,2024-03-15,2024-09-11,Paid
PS01554,M000085,PK010,2025-09-04,2026-09-04,Paid
PS01555,M000401,PK036,2024-11-14,2025-05-13,Paid
PS01556,M000698,PK010,2024-08-12,2025-08-12,Paid
PS01557,M001437,PK021,2025-12-17,2026-12-17,Paid
PS01558,M002090,PK008,2025-09-17,2026-03-16,Refunded
PS01559,M000676,PK026,2024-04-05,2025-04-05,Paid
PS01560,M000406,PK022,2024-09-23,2025-09-23,Paid
PS01561,M000886,PK010,2024-01-12,2025-01-11,Paid
PS01562,M001222,PK003,2025-11-13,2026-11-13,Pending
PS01563,M001360,PK026,2025-10-26,2026-10-26,Refunded
PS01564,M001985,PK030,2024-10-27,2025-10-27,Pending
PS01565,M002500,PK040,2024-11-08,2025-11-08,Paid
PS01566,M000111,PK004,2024-12-29,2025-12-29,Refunded
PS01567,M000946,PK038,2024-01-26,2025-01-25,Pending
PS01568,M002489,PK029,2024-09-25,2025-09-25,Paid
PS01569,M000029,PK011,2025-02-04,2026-02-04,Paid
PS01570,M000468,PK008,2025-10-12,2026-04-10,Paid
PS01571,M001247,PK033,2024-09-29,2025-09-29,Pending
PS01572,M001443,PK010,2025-09-06,2026-09-06,Paid
PS01573,M002023,PK034,2025-03-18,2026-03-18,Paid
PS01574,M000199,PK006,2024-02-28,2025-02-27,Paid
PS01575,M000946,PK015,2025-08-24,2026-02-20,Paid
PS01576,M001363,PK008,2025-08-23,2026-02-19,Paid
PS01577,M001994,PK016,2024-04-09,2024-10-06,Paid
PS01578,M000116,PK016,2025-08-23,2026-02-19,Paid
PS01579,M001310,PK033,2024-08-27,2025-08-27,Paid
PS01580,M002407,PK035,2025-09-15,2026-09-15,Paid
PS01581,M000176,PK008,2024-01-09,2024-07-07,Paid
PS01582,M000781,PK005,2025-01-05,2025-07-04,Paid
PS01583,M001723,PK036,2025-06-30,2025-12-27,Paid
PS01584,M001005,PK002,2025-02-28,2026-02-28,Paid
PS01585,M000470,PK037,2025-02-05,2025-08-04,Paid
PS01586,M000424,PK031,2025-12-26,2026-12-26,Paid
PS01587,M001271,PK033,2024-05-08,2025-05-08,Pending
PS01588,M000707,PK020,2025-01-18,2025-07-17,Pending
PS01589,M001016,PK033,2025-05-17,2026-05-17,Paid
PS01590,M001199,PK026,2024-02-10,2025-02-09,Paid
PS01591,M001130,PK038,2025-02-27,2026-02-27,Pending
PS01592,M001931,PK009,2024-02-18,2025-02-17,Paid
PS01593,M002202,PK022,2024-12-15,2025-12-15,Paid
PS01594,M000765,PK027,2025-05-11,2026-05-11,Paid
PS01595,M000256,PK029,2024-02-03,2025-02-02,Refunded
PS01596,M001613,PK014,2025-04-29,2026-04-29,Paid
PS01597,M000598,PK030,2024-12-26,2025-12-26,Paid
PS01598,M002327,PK002,2025-06-23,2026-06-23,Paid
PS01599,M001832,PK025,2024-04-27,2025-04-27,Paid
PS01600,M000986,PK035,2024-02-22,2025-02-21,Paid
PS01601,M002218,PK014,2025-12-10,2026-12-10,Paid
PS01602,M000739,PK011,2024-12-30,2025-12-30,Paid
PS01603,M002167,PK014,2024-07-25,2025-07-25,Pending
PS01604,M001826,PK012,2025-04-20,2025-10-17,Paid
PS01605,M001940,PK007,2025-06-24,2026-06-24,Paid
PS01606,M000401,PK027,2025-04-25,2026-04-25,Paid
PS01607,M000704,PK036,2025-10-16,2026-04-14,Paid
PS01608,M001832,PK017,2024-11-07,2025-11-07,Paid
PS01609,M002284,PK016,2025-07-20,2026-01-16,Paid
PS01610,M002100,PK034,2024-11-23,2025-11-23,Paid
PS01611,M001202,PK004,2024-08-13,2025-08-13,Pending
PS01612,M001967,PK006,2024-07-16,2025-07-16,Paid
PS01613,M000242,PK039,2024-07-29,2025-01-25,Paid
PS01614,M001882,PK006,2024-08-07,2025-08-07,Pending
PS01615,M001775,PK032,2025-11-24,2026-11-24,Paid
PS01616,M001818,PK028,2024-09-24,2025-09-24,Paid
PS01617,M000193,PK028,2025-10-13,2026-10-13,Paid
PS01618,M000211,PK010,2025-05-24,2026-05-24,Paid
PS01619,M001149,PK017,2024-09-18,2025-09-18,Paid
PS01620,M000636,PK002,2025-01-27,2026-01-27,Pending
PS01621,M001435,PK015,2024-07-12,2025-01-08,Paid
PS01622,M001208,PK018,2025-08-19,2026-08-19,Paid
PS01623,M001513,PK028,2024-04-19,2025-04-19,Pending
PS01624,M001191,PK018,2024-04-06,2025-04-06,Pending
PS01625,M002303,PK019,2025-05-24,2026-05-24,Paid
PS01626,M002098,PK036,2024-11-22,2025-05-21,Paid
PS01627,M000548,PK015,2025-08-20,2026-02-16,Paid
PS01628,M000426,PK005,2024-12-07,2025-06-05,Paid
PS01629,M002168,PK024,2024-09-08,2025-09-08,Paid
PS01630,M002440,PK020,2025-02-20,2025-08-19,Paid
PS01631,M001620,PK018,2025-06-19,2026-06-19,Paid
PS01632,M001298,PK023,2025-03-13,2025-09-09,Paid
PS01633,M001059,PK016,2025-09-21,2026-03-20,Paid
PS01634,M001294,PK015,2024-10-09,2025-04-07,Paid
PS01635,M000782,PK035,2024-01-13,2025-01-12,Paid
PS01636,M001578,PK013,2024-07-12,2025-01-08,Paid
PS01637,M000380,PK032,2024-04-15,2025-04-15,Pending
PS01638,M000553,PK029,2024-01-03,2025-01-02,Paid
PS01639,M001220,PK031,2024-11-16,2025-11-16,Pending
PS01640,M001680,PK012,2025-06-18,2025-12-15,Paid
PS01641,M000590,PK006,2024-12-27,2025-12-27,Refunded
PS01642,M000870,PK012,2025-11-02,2026-05-01,Paid
PS01643,M001512,PK006,2025-12-18,2026-12-18,Paid
PS01644,M000232,PK021,2025-03-02,2026-03-02,Paid
PS01645,M000313,PK018,2025-11-17,2026-11-17,Pending
PS01646,M001132,PK025,2024-11-10,2025-11-10,Paid
PS01647,M002314,PK034,2025-06-30,2026-06-30,Paid
PS01648,M001279,PK013,2025-09-01,2026-02-28,Refunded
PS01649,M001701,PK030,2025-04-28,2026-04-28,Pending
PS01650,M001758,PK013,2025-09-02,2026-03-01,Paid
PS01651,M002030,PK020,2025-08-23,2026-02-19,Paid
PS01652,M001075,PK002,2025-03-26,2026-03-26,Paid
PS01653,M000637,PK006,2024-04-15,2025-04-15,Paid
PS01654,M001906,PK005,2024-01-03,2024-07-01,Paid
PS01655,M002391,PK033,2024-05-01,2025-05-01,Paid
PS01656,M001504,PK029,2025-01-26,2026-01-26,Paid
PS01657,M002178,PK020,2024-10-30,2025-04-28,Paid
PS01658,M002263,PK028,2024-10-16,2025-10-16,Paid
PS01659,M001853,PK037,2024-06-20,2024-12-17,Paid
PS01660,M002094,PK013,2025-10-20,2026-04-18,Paid
PS01661,M000312,PK021,2025-10-05,2026-10-05,Paid
PS01662,M001975,PK008,2024-05-14,2024-11-10,Paid
PS01663,M000364,PK002,2024-09-17,2025-09-17,Paid
PS01664,M000911,PK009,2024-05-30,2025-05-30,Paid
PS01665,M000699,PK003,2024-10-30,2025-10-30,Paid
PS01666,M000363,PK016,2024-09-04,2025-03-03,Paid
PS01667,M002397,PK010,2024-06-25,2025-06-25,Paid
PS01668,M000850,PK002,2025-11-27,2026-11-27,Pending
PS01669,M000559,PK014,2025-09-08,2026-09-08,Paid
PS01670,M000492,PK010,2025-12-04,2026-12-04,Paid
PS01671,M001139,PK027,2024-12-25,2025-12-25,Paid
PS01672,M000944,PK018,2025-03-10,2026-03-10,Paid
PS01673,M000043,PK027,2024-01-12,2025-01-11,Paid
PS01674,M001767,PK031,2025-08-10,2026-08-10,Paid
PS01675,M001169,PK040,2024-12-19,2025-12-19,Paid
PS01676,M001496,PK002,2024-06-03,2025-06-03,Paid
PS01677,M002419,PK022,2025-01-07,2026-01-07,Paid
PS01678,M001611,PK027,2025-08-29,2026-08-29,Paid
PS01679,M000430,PK038,2024-09-06,2025-09-06,Paid
PS01680,M001104,PK009,2025-09-07,2026-09-07,Refunded
PS01681,M002077,PK021,2024-07-27,2025-07-27,Paid
PS01682,M000457,PK002,2025-08-09,2026-08-09,Paid
PS01683,M001103,PK026,2024-05-18,2025-05-18,Paid
PS01684,M000303,PK018,2024-05-11,2025-05-11,Pending
PS01685,M000233,PK018,2025-04-02,2026-04-02,Paid
PS01686,M001891,PK026,2025-05-29,2026-05-29,Paid
PS01687,M001888,PK036,2024-04-27,2024-10-24,Paid
PS01688,M001926,PK024,2024-11-23,2025-11-23,Paid
PS01689,M002412,PK031,2024-07-25,2025-07-25,Paid
PS01690,M000461,PK005,2025-03-03,2025-08-30,Paid
PS01691,M001885,PK015,2024-04-16,2024-10-13,Paid
PS01692,M002391,PK024,2024-08-03,2025-08-03,Paid
PS01693,M002179,PK031,2025-05-17,2026-05-17,Paid
PS01694,M000479,PK020,2024-10-23,2025-04-21,Paid
PS01695,M000381,PK029,2025-04-15,2026-04-15,Paid
PS01696,M001290,PK029,2025-11-28,2026-11-28,Paid
PS01697,M001424,PK015,2025-12-11,2026-06-09,Paid
PS01698,M000083,PK009,2025-10-15,2026-10-15,Paid
PS01699,M000147,PK023,2025-12-14,2026-06-12,Paid
PS01700,M001939,PK004,2024-06-11,2025-06-11,Paid
PS01701,M001247,PK026,2025-09-02,2026-09-02,Paid
PS01702,M002393,PK016,2024-07-27,2025-01-23,Paid
PS01703,M000956,PK010,2024-04-12,2025-04-12,Pending
PS01704,M001248,PK013,2025-02-25,2025-08-24,Paid
PS01705,M001218,PK008,2024-09-23,2025-03-22,Paid
PS01706,M000663,PK026,2025-10-27,2026-10-27,Paid
PS01707,M001594,PK002,2024-08-03,2025-08-03,Paid
PS01708,M002210,PK013,2025-08-25,2026-02-21,Paid
PS01709,M002360,PK014,2025-07-20,2026-07-20,Paid
PS01710,M001461,PK007,2025-05-16,2026-05-16,Paid
PS01711,M001364,PK010,2024-07-24,2025-07-24,Paid
PS01712,M000824,PK018,2024-04-15,2025-04-15,Paid
PS01713,M000279,PK007,2025-02-12,2026-02-12,Paid
PS01714,M002382,PK016,2024-12-15,2025-06-13,Paid
PS01715,M000554,PK020,2024-03-02,2024-08-29,Paid
PS01716,M002159,PK011,2025-01-10,2026-01-10,Paid
PS01717,M000213,PK019,2024-05-03,2025-05-03,Paid
PS01718,M002057,PK017,2025-06-23,2026-06-23,Paid
PS01719,M001773,PK035,2025-01-19,2026-01-19,Paid
PS01720,M001571,PK026,2025-01-20,2026-01-20,Paid
PS01721,M002176,PK029,2024-05-21,2025-05-21,Paid
PS01722,M000997,PK014,2024-04-18,2025-04-18,Paid
PS01723,M001862,PK031,2024-12-15,2025-12-15,Paid
PS01724,M000214,PK033,2025-08-31,2026-08-31,Paid
PS01725,M000258,PK027,2024-04-30,2025-04-30,Paid
PS01726,M001570,PK007,2025-11-11,2026-11-11,Paid
PS01727,M002057,PK033,2024-10-14,2025-10-14,Paid
PS01728,M001141,PK024,2025-02-14,2026-02-14,Pending
PS01729,M000992,PK002,2024-03-02,2025-03-02,Paid
PS01730,M000870,PK034,2025-08-03,2026-08-03,Paid
PS01731,M000612,PK002,2024-09-09,2025-09-09,Paid
PS01732,M000754,PK024,2024-12-03,2025-12-03,Pending
PS01733,M001074,PK034,2024-05-18,2025-05-18,Paid
PS01734,M001462,PK004,2025-12-26,2026-12-26,Paid
PS01735,M001724,PK023,2024-07-16,2025-01-12,Refunded
PS01736,M001812,PK039,2025-02-10,2025-08-09,Pending
PS01737,M000065,PK025,2024-02-08,2025-02-07,Paid
PS01738,M000685,PK009,2024-07-04,2025-07-04,Paid
PS01739,M001640,PK007,2024-07-23,2025-07-23,Paid
PS01740,M001467,PK039,2024-11-29,2025-05-28,Paid
PS01741,M001377,PK011,2024-02-23,2025-02-22,Paid
PS01742,M001580,PK026,2024-08-28,2025-08-28,Paid
PS01743,M000253,PK019,2025-01-04,2026-01-04,Paid
PS01744,M001830,PK039,2024-06-13,2024-12-10,Refunded
PS01745,M000389,PK005,2025-07-11,2026-01-07,Paid
PS01746,M000881,PK020,2025-07-21,2026-01-17,Paid
PS01747,M001383,PK009,2024-08-18,2025-08-18,Paid
PS01748,M000856,PK032,2024-08-17,2025-08-17,Pending
PS01749,M000683,PK018,2024-12-01,2025-12-01,Paid
PS01750,M000400,PK026,2024-06-15,2025-06-15,Paid
PS01751,M001970,PK022,2025-02-06,2026-02-06,Paid
PS01752,M000790,PK030,2025-03-08,2026-03-08,Paid
PS01753,M000973,PK035,2025-06-24,2026-06-24,Paid
PS01754,M002492,PK015,2024-01-17,2024-07-15,Pending
PS01755,M000783,PK038,2024-01-05,2025-01-04,Paid
PS01756,M000127,PK030,2024-10-11,2025-10-11,Refunded
PS01757,M000832,PK003,2025-03-30,2026-03-30,Paid
PS01758,M002130,PK040,2024-07-18,2025-07-18,Paid
PS01759,M002216,PK038,2025-02-10,2026-02-10,Paid
PS01760,M001901,PK027,2025-07-25,2026-07-25,Paid
PS01761,M002087,PK014,2024-08-18,2025-08-18,Paid
PS01762,M000825,PK011,2025-10-14,2026-10-14,Paid
PS01763,M000215,PK040,2024-09-29,2025-09-29,Paid
PS01764,M002158,PK020,2025-06-04,2025-12-01,Paid
PS01765,M002447,PK021,2024-04-23,2025-04-23,Paid
PS01766,M002112,PK030,2024-05-27,2025-05-27,Paid
PS01767,M000898,PK025,2025-01-30,2026-01-30,Paid
PS01768,M001174,PK006,2024-10-11,2025-10-11,Paid
PS01769,M001205,PK013,2024-06-08,2024-12-05,Paid
PS01770,M000423,PK020,2025-04-19,2025-10-16,Paid
PS01771,M000435,PK013,2024-07-13,2025-01-09,Paid
PS01772,M000471,PK025,2025-01-17,2026-01-17,Paid
PS01773,M001524,PK011,2025-10-20,2026-10-20,Paid
PS01774,M002416,PK002,2024-12-07,2025-12-07,Paid
PS01775,M000994,PK002,2025-02-04,2026-02-04,Refunded
PS01776,M002045,PK018,2025-12-29,2026-12-29,Paid
PS01777,M001609,PK039,2024-02-22,2024-08-20,Pending
PS01778,M002062,PK040,2025-03-08,2026-03-08,Paid
PS01779,M001695,PK037,2024-11-10,2025-05-09,Pending
PS01780,M000533,PK010,2025-06-26,2026-06-26,Paid
PS01781,M001064,PK019,2025-08-14,2026-08-14,Pending
PS01782,M000355,PK019,2025-02-06,2026-02-06,Paid
PS01783,M000263,PK008,2025-03-24,2025-09-20,Paid
PS01784,M000184,PK036,2025-07-28,2026-01-24,Paid
PS01785,M002005,PK021,2025-08-03,2026-08-03,Paid
PS01786,M000275,PK037,2024-01-29,2024-07-27,Paid
PS01787,M000277,PK018,2025-04-29,2026-04-29,Paid
PS01788,M000475,PK023,2024-03-16,2024-09-12,Paid
PS01789,M000361,PK011,2024-05-24,2025-05-24,Paid
PS01790,M000669,PK005,2025-05-29,2025-11-25,Paid
PS01791,M001080,PK002,2024-09-17,2025-09-17,Paid
PS01792,M000070,PK015,2025-02-20,2025-08-19,Paid
PS01793,M000258,PK022,2025-10-03,2026-10-03,Paid
PS01794,M001646,PK014,2024-02-05,2025-02-04,Paid
PS01795,M002133,PK004,2025-10-13,2026-10-13,Paid
PS01796,M001021,PK038,2024-07-29,2025-07-29,Paid
PS01797,M000156,PK035,2024-06-24,2025-06-24,Paid
PS01798,M000978,PK001,2025-11-10,2026-11-10,Paid
PS01799,M000667,PK020,2024-12-22,2025-06-20,Paid
PS01800,M001111,PK021,2025-03-04,2026-03-04,Paid
PS01801,M001847,PK034,2024-02-09,2025-02-08,Paid
PS01802,M000898,PK014,2024-02-25,2025-02-24,Paid
PS01803,M002077,PK027,2025-09-01,2026-09-01,Paid
PS01804,M001048,PK021,2025-09-29,2026-09-29,Paid
PS01805,M002042,PK005,2024-09-08,2025-03-07,Paid
PS01806,M000979,PK002,2025-06-19,2026-06-19,Paid
PS01807,M000562,PK024,2025-08-25,2026-08-25,Paid
PS01808,M001621,PK027,2024-10-23,2025-10-23,Paid
PS01809,M000737,PK031,2025-02-12,2026-02-12,Paid
PS01810,M001120,PK019,2025-05-06,2026-05-06,Paid
PS01811,M000960,PK040,2025-05-03,2026-05-03,Pending
PS01812,M001548,PK017,2024-02-08,2025-02-07,Paid
PS01813,M001187,PK013,2024-04-02,2024-09-29,Paid
PS01814,M001356,PK024,2025-07-23,2026-07-23,Paid
PS01815,M002308,PK010,2024-01-25,2025-01-24,Paid
PS01816,M001658,PK033,2024-11-30,2025-11-30,Paid
PS01817,M001609,PK017,2025-03-13,2026-03-13,Pending
PS01818,M000694,PK036,2025-09-30,2026-03-29,Refunded
PS01819,M001684,PK014,2025-03-29,2026-03-29,Paid
PS01820,M002280,PK028,2025-04-05,2026-04-05,Pending
PS01821,M000621,PK014,2025-12-13,2026-12-13,Refunded
PS01822,M001870,PK039,2024-10-30,2025-04-28,Paid
PS01823,M000093,PK008,2025-04-21,2025-10-18,Paid
PS01824,M002342,PK011,2025-12-13,2026-12-13,Paid
PS01825,M001676,PK031,2024-03-26,2025-03-26,Paid
PS01826,M000928,PK031,2024-08-23,2025-08-23,Paid
PS01827,M001715,PK021,2024-10-26,2025-10-26,Paid
PS01828,M001321,PK033,2024-01-02,2025-01-01,Paid
PS01829,M000043,PK015,2025-01-01,2025-06-30,Paid
PS01830,M000284,PK008,2025-09-03,2026-03-02,Paid
PS01831,M000549,PK002,2024-08-05,2025-08-05,Paid
PS01832,M000023,PK008,2024-01-08,2024-07-06,Paid
PS01833,M001255,PK005,2025-02-12,2025-08-11,Paid
PS01834,M000010,PK007,2025-12-07,2026-12-07,Paid
PS01835,M001810,PK033,2025-08-04,2026-08-04,Paid
PS01836,M001177,PK002,2024-08-02,2025-08-02,Pending
PS01837,M000808,PK034,2025-01-24,2026-01-24,Paid
PS01838,M001332,PK020,2024-04-23,2024-10-20,Paid
PS01839,M000661,PK009,2024-02-29,2025-02-28,Paid
PS01840,M000461,PK026,2024-07-21,2025-07-21,Paid
PS01841,M000427,PK003,2025-11-20,2026-11-20,Paid
PS01842,M002250,PK030,2025-12-17,2026-12-17,Paid
PS01843,M001103,PK039,2024-10-12,2025-04-10,Paid
PS01844,M000549,PK012,2025-01-03,2025-07-02,Paid
PS01845,M001523,PK025,2025-07-25,2026-07-25,Pending
PS01846,M001454,PK008,2025-06-12,2025-12-09,Paid
PS01847,M001693,PK006,2024-02-19,2025-02-18,Paid
PS01848,M002414,PK030,2024-06-06,2025-06-06,Pending
PS01849,M000429,PK028,2025-09-24,2026-09-24,Paid
PS01850,M000137,PK022,2024-03-17,2025-03-17,Paid
PS01851,M000580,PK027,2025-05-02,2026-05-02,Paid
PS01852,M000154,PK034,2025-11-09,2026-11-09,Paid
PS01853,M002318,PK038,2024-07-14,2025-07-14,Paid
PS01854,M002180,PK025,2025-01-23,2026-01-23,Paid
PS01855,M000332,PK015,2024-05-09,2024-11-05,Paid
PS01856,M001709,PK026,2024-09-17,2025-09-17,Paid
PS01857,M001714,PK024,2025-09-28,2026-09-28,Paid
PS01858,M001147,PK033,2024-12-06,2025-12-06,Paid
PS01859,M000448,PK002,2025-04-25,2026-04-25,Paid
PS01860,M001014,PK037,2025-10-01,2026-03-30,Paid
PS01861,M000234,PK002,2025-11-17,2026-11-17,Paid
PS01862,M001348,PK033,2024-08-20,2025-08-20,Paid
PS01863,M001259,PK012,2024-10-12,2025-04-10,Paid
PS01864,M000712,PK014,2025-05-26,2026-05-26,Paid
PS01865,M002146,PK009,2024-04-18,2025-04-18,Paid
PS01866,M001577,PK007,2025-06-20,2026-06-20,Paid
PS01867,M001481,PK029,2025-02-18,2026-02-18,Paid
PS01868,M002400,PK024,2025-03-24,2026-03-24,Pending
PS01869,M000367,PK020,2025-11-12,2026-05-11,Paid
PS01870,M000297,PK028,2024-02-13,2025-02-12,Paid
PS01871,M000355,PK040,2024-11-19,2025-11-19,Pending
PS01872,M000107,PK037,2024-01-09,2024-07-07,Refunded
PS01873,M002217,PK009,2024-08-08,2025-08-08,Paid
PS01874,M002227,PK009,2024-07-07,2025-07-07,Paid
PS01875,M000896,PK021,2025-12-27,2026-12-27,Paid
PS01876,M001341,PK031,2025-08-13,2026-08-13,Paid
PS01877,M000497,PK016,2024-10-23,2025-04-21,Paid
PS01878,M000919,PK017,2025-10-01,2026-10-01,Paid
PS01879,M000237,PK039,2025-01-21,2025-07-20,Paid
PS01880,M000194,PK004,2025-08-21,2026-08-21,Paid
PS01881,M000647,PK006,2024-05-12,2025-05-12,Paid
PS01882,M001915,PK028,2025-02-05,2026-02-05,Paid
PS01883,M000595,PK020,2024-10-16,2025-04-14,Paid
PS01884,M000365,PK040,2024-09-16,2025-09-16,Paid
PS01885,M001267,PK004,2024-05-06,2025-05-06,Paid
PS01886,M002281,PK019,2025-04-15,2026-04-15,Paid
PS01887,M001484,PK008,2024-05-13,2024-11-09,Paid
PS01888,M000893,PK022,2025-02-05,2026-02-05,Pending
PS01889,M002391,PK019,2025-03-16,2026-03-16,Paid
PS01890,M001457,PK014,2025-12-12,2026-12-12,Pending
PS01891,M000625,PK038,2025-09-13,2026-09-13,Paid
PS01892,M001140,PK023,2025-01-14,2025-07-13,Paid
PS01893,M001583,PK015,2024-02-12,2024-08-10,Paid
PS01894,M000431,PK019,2025-12-13,2026-12-13,Paid
PS01895,M002382,PK029,2024-03-17,2025-03-17,Paid
PS01896,M000257,PK021,2024-05-21,2025-05-21,Paid
PS01897,M002146,PK023,2025-11-17,2026-05-16,Paid
PS01898,M001352,PK037,2025-05-03,2025-10-30,Paid
PS01899,M001738,PK018,2025-06-20,2026-06-20,Paid
PS01900,M000468,PK039,2024-06-12,2024-12-09,Paid
PS01901,M000812,PK014,2025-11-30,2026-11-30,Paid
PS01902,M000590,PK002,2025-09-07,2026-09-07,Paid
PS01903,M001200,PK006,2024-10-09,2025-10-09,Paid
PS01904,M000943,PK013,2024-08-29,2025-02-25,Paid
PS01905,M000303,PK003,2024-05-09,2025-05-09,Pending
PS01906,M001148,PK007,2024-04-02,2025-04-02,Paid
PS01907,M000249,PK026,2025-06-13,2026-06-13,Paid
PS01908,M001926,PK001,2025-12-23,2026-12-23,Paid
PS01909,M000797,PK033,2025-06-12,2026-06-12,Paid
PS01910,M001478,PK023,2024-06-10,2024-12-07,Paid
PS01911,M002423,PK019,2024-04-24,2025-04-24,Pending
PS01912,M002026,PK034,2025-10-01,2026-10-01,Paid
PS01913,M001319,PK034,2025-06-01,2026-06-01,Refunded
PS01914,M002008,PK010,2025-06-19,2026-06-19,Paid
PS01915,M000878,PK025,2025-05-19,2026-05-19,Paid
PS01916,M002222,PK010,2025-04-08,2026-04-08,Paid
PS01917,M002150,PK031,2025-10-21,2026-10-21,Paid
PS01918,M000319,PK034,2025-08-10,2026-08-10,Paid
PS01919,M001037,PK026,2024-02-17,2025-02-16,Paid
PS01920,M001199,PK029,2024-08-09,2025-08-09,Paid
PS01921,M000410,PK005,2024-08-16,2025-02-12,Paid
PS01922,M001879,PK014,2025-09-23,2026-09-23,Paid
PS01923,M000482,PK038,2025-06-05,2026-06-05,Paid
PS01924,M001939,PK023,2024-05-05,2024-11-01,Paid
PS01925,M000385,PK035,2025-02-12,2026-02-12,Paid
PS01926,M000241,PK004,2024-06-09,2025-06-09,Paid
PS01927,M000801,PK005,2024-12-10,2025-06-08,Paid
PS01928,M001132,PK001,2024-06-06,2025-06-06,Paid
PS01929,M001842,PK017,2025-02-21,2026-02-21,Paid
PS01930,M001894,PK022,2025-09-21,2026-09-21,Paid
PS01931,M002091,PK015,2025-10-16,2026-04-14,Paid
PS01932,M000544,PK013,2024-07-08,2025-01-04,Paid
PS01933,M001543,PK013,2025-11-23,2026-05-22,Pending
PS01934,M000824,PK005,2024-09-06,2025-03-05,Paid
PS01935,M001034,PK034,2024-08-24,2025-08-24,Paid
PS01936,M001117,PK032,2025-01-15,2026-01-15,Paid
PS01937,M001205,PK013,2024-04-03,2024-09-30,Paid
PS01938,M002210,PK017,2024-10-03,2025-10-03,Pending
PS01939,M002080,PK020,2025-11-22,2026-05-21,Paid
PS01940,M001016,PK011,2025-04-09,2026-04-09,Paid
PS01941,M002384,PK011,2024-09-23,2025-09-23,Paid
PS01942,M002194,PK037,2025-05-31,2025-11-27,Paid
PS01943,M001501,PK033,2024-12-11,2025-12-11,Paid
PS01944,M000714,PK014,2025-07-05,2026-07-05,Paid
PS01945,M000457,PK014,2025-12-15,2026-12-15,Paid
PS01946,M002179,PK006,2024-08-22,2025-08-22,Paid
PS01947,M001132,PK039,2024-02-12,2024-08-10,Paid
PS01948,M001528,PK031,2025-04-17,2026-04-17,Paid
PS01949,M000208,PK022,2025-03-13,2026-03-13,Paid
PS01950,M000157,PK016,2024-03-04,2024-08-31,Paid
PS01951,M000596,PK018,2025-10-04,2026-10-04,Paid
PS01952,M000693,PK006,2024-07-30,2025-07-30,Paid
PS01953,M002079,PK035,2024-07-03,2025-07-03,Paid
PS01954,M000683,PK024,2025-08-11,2026-08-11,Paid
PS01955,M000070,PK006,2025-09-27,2026-09-27,Paid
PS01956,M000810,PK037,2024-09-17,2025-03-16,Paid
PS01957,M000223,PK012,2024-07-19,2025-01-15,Paid
PS01958,M000820,PK023,2025-06-12,2025-12-09,Refunded
PS01959,M001856,PK016,2024-08-07,2025-02-03,Paid
PS01960,M000225,PK030,2024-12-09,2025-12-09,Paid
PS01961,M001600,PK027,2024-12-06,2025-12-06,Paid
PS01962,M000998,PK014,2024-03-17,2025-03-17,Paid
PS01963,M002191,PK006,2025-11-01,2026-11-01,Pending
PS01964,M000552,PK033,2025-11-15,2026-11-15,Paid
PS01965,M001769,PK032,2025-08-14,2026-08-14,Paid
PS01966,M002451,PK020,2024-04-19,2024-10-16,Paid
PS01967,M001448,PK026,2025-03-18,2026-03-18,Paid
PS01968,M000499,PK039,2024-06-17,2024-12-14,Paid
PS01969,M001577,PK011,2024-12-17,2025-12-17,Paid
PS01970,M000764,PK036,2024-11-19,2025-05-18,Paid
PS01971,M001970,PK035,2024-08-31,2025-08-31,Paid
PS01972,M001156,PK009,2024-02-28,2025-02-27,Paid
PS01973,M001194,PK005,2025-08-25,2026-02-21,Paid
PS01974,M000524,PK011,2025-03-06,2026-03-06,Paid
PS01975,M001256,PK037,2024-09-20,2025-03-19,Paid
PS01976,M000488,PK011,2025-02-07,2026-02-07,Paid
PS01977,M001850,PK001,2025-01-17,2026-01-17,Paid
PS01978,M000455,PK035,2025-10-25,2026-10-25,Paid
PS01979,M001077,PK038,2024-12-05,2025-12-05,Paid
PS01980,M002173,PK014,2024-04-09,2025-04-09,Paid
PS01981,M001709,PK008,2025-07-12,2026-01-08,Paid
PS01982,M000153,PK004,2024-09-18,2025-09-18,Paid
PS01983,M002424,PK031,2025-01-07,2026-01-07,Paid
PS01984,M000300,PK002,2025-11-22,2026-11-22,Paid
PS01985,M001494,PK034,2025-10-09,2026-10-09,Paid
PS01986,M002096,PK017,2025-01-03,2026-01-03,Paid
PS01987,M000658,PK018,2024-10-12,2025-10-12,Paid
PS01988,M002096,PK038,2024-01-28,2025-01-27,Refunded
PS01989,M000735,PK038,2024-11-09,2025-11-09,Paid
PS01990,M001820,PK012,2025-04-24,2025-10-21,Paid
PS01991,M000880,PK018,2025-08-26,2026-08-26,Pending
PS01992,M002436,PK035,2025-04-15,2026-04-15,Paid
PS01993,M001787,PK033,2025-06-28,2026-06-28,Pending
PS01994,M001250,PK036,2025-02-11,2025-08-10,Paid
PS01995,M001569,PK015,2024-01-13,2024-07-11,Paid
PS01996,M002317,PK017,2024-03-29,2025-03-29,Paid
PS01997,M000766,PK029,2024-07-26,2025-07-26,Paid
PS01998,M000358,PK017,2024-06-18,2025-06-18,Paid
PS01999,M000367,PK019,2024-06-30,2025-06-30,Paid
PS02000,M001733,PK017,2024-03-04,2025-03-04,Paid
PS02001,M002089,PK015,2024-11-10,2025-05-09,Pending
PS02002,M002471,PK025,2024-04-05,2025-04-05,Paid
PS02003,M000491,PK002,2024-10-16,2025-10-16,Paid
PS02004,M000169,PK029,2025-02-07,2026-02-07,Pending
PS02005,M001853,PK038,2025-07-26,2026-07-26,Paid
PS02006,M000091,PK028,2025-11-04,2026-11-04,Paid
PS02007,M001832,PK016,2025-07-27,2026-01-23,Pending
PS02008,M000020,PK005,2024-04-01,2024-09-28,Paid
PS02009,M000579,PK016,2025-04-26,2025-10-23,Refunded
PS02010,M000266,PK035,2025-03-04,2026-03-04,Refunded
PS02011,M001626,PK033,2024-12-12,2025-12-12,Paid
PS02012,M001842,PK008,2024-05-31,2024-11-27,Paid
PS02013,M000099,PK033,2024-06-28,2025-06-28,Paid
PS02014,M000248,PK002,2024-04-18,2025-04-18,Paid
PS02015,M000844,PK002,2024-05-30,2025-05-30,Paid
PS02016,M000624,PK010,2025-02-11,2026-02-11,Paid
PS02017,M002113,PK009,2025-09-04,2026-09-04,Pending
PS02018,M002289,PK031,2024-08-12,2025-08-12,Paid
PS02019,M002383,PK002,2024-01-09,2025-01-08,Paid
PS02020,M001672,PK024,2024-07-13,2025-07-13,Paid
PS02021,M001623,PK035,2025-11-20,2026-11-20,Pending
PS02022,M001729,PK014,2025-09-14,2026-09-14,Pending
PS02023,M002185,PK005,2024-12-15,2025-06-13,Paid
PS02024,M000702,PK002,2024-07-14,2025-07-14,Paid
PS02025,M001744,PK029,2025-06-16,2026-06-16,Paid
PS02026,M002023,PK005,2024-06-16,2024-12-13,Paid
PS02027,M001630,PK026,2025-01-25,2026-01-25,Paid
PS02028,M000785,PK036,2025-06-23,2025-12-20,Paid
PS02029,M001758,PK008,2025-05-05,2025-11-01,Paid
PS02030,M000803,PK006,2025-01-03,2026-01-03,Paid
PS02031,M002218,PK034,2024-06-28,2025-06-28,Paid
PS02032,M000733,PK006,2024-05-19,2025-05-19,Paid
PS02033,M002399,PK008,2025-11-06,2026-05-05,Paid
PS02034,M001309,PK018,2024-05-24,2025-05-24,Paid
PS02035,M001377,PK017,2024-06-03,2025-06-03,Refunded
PS02036,M001392,PK007,2025-12-19,2026-12-19,Paid
PS02037,M000669,PK033,2025-01-21,2026-01-21,Paid
PS02038,M001976,PK009,2024-08-09,2025-08-09,Paid
PS02039,M002341,PK005,2024-10-09,2025-04-07,Paid
PS02040,M000867,PK037,2025-12-04,2026-06-02,Paid
PS02041,M000677,PK023,2024-08-17,2025-02-13,Paid
PS02042,M000025,PK014,2024-01-22,2025-01-21,Paid
PS02043,M000112,PK004,2024-04-05,2025-04-05,Paid
PS02044,M000107,PK026,2024-11-01,2025-11-01,Paid
PS02045,M001280,PK029,2024-04-29,2025-04-29,Paid
PS02046,M000729,PK015,2024-08-02,2025-01-29,Paid
PS02047,M000297,PK025,2024-12-08,2025-12-08,Paid
PS02048,M001705,PK023,2025-02-21,2025-08-20,Paid
PS02049,M002036,PK034,2024-02-05,2025-02-04,Paid
PS02050,M001155,PK012,2025-01-20,2025-07-19,Paid
PS02051,M001305,PK006,2025-05-23,2026-05-23,Paid
PS02052,M000557,PK014,2024-01-29,2025-01-28,Paid
PS02053,M000638,PK012,2024-02-26,2024-08-24,Paid
PS02054,M000306,PK032,2025-05-17,2026-05-17,Paid
PS02055,M000105,PK020,2025-02-17,2025-08-16,Paid
PS02056,M000582,PK030,2025-10-16,2026-10-16,Paid
PS02057,M000334,PK030,2025-08-01,2026-08-01,Paid
PS02058,M001128,PK003,2025-12-21,2026-12-21,Pending
PS02059,M001964,PK009,2024-05-12,2025-05-12,Paid
PS02060,M000122,PK013,2024-01-23,2024-07-21,Paid
PS02061,M002250,PK033,2024-08-22,2025-08-22,Refunded
PS02062,M001590,PK003,2025-08-14,2026-08-14,Paid
PS02063,M000960,PK011,2024-12-19,2025-12-19,Paid
PS02064,M000978,PK014,2024-09-17,2025-09-17,Paid
PS02065,M001726,PK002,2025-11-24,2026-11-24,Paid
PS02066,M001795,PK017,2025-08-09,2026-08-09,Paid
PS02067,M001377,PK025,2025-08-23,2026-08-23,Pending
PS02068,M000434,PK036,2024-05-02,2024-10-29,Paid
PS02069,M000411,PK008,2025-06-24,2025-12-21,Paid
PS02070,M001966,PK020,2025-08-18,2026-02-14,Paid
PS02071,M001847,PK022,2025-10-25,2026-10-25,Paid
PS02072,M000644,PK024,2024-01-20,2025-01-19,Paid
PS02073,M002185,PK001,2025-10-26,2026-10-26,Paid
PS02074,M002281,PK002,2024-02-10,2025-02-09,Pending
PS02075,M002216,PK034,2025-12-13,2026-12-13,Paid
PS02076,M000212,PK032,2025-11-11,2026-11-11,Paid
PS02077,M000611,PK006,2025-09-28,2026-09-28,Paid
PS02078,M001609,PK032,2024-01-02,2025-01-01,Paid
PS02079,M000223,PK019,2024-12-29,2025-12-29,Paid
PS02080,M001232,PK019,2024-03-22,2025-03-22,Paid
PS02081,M002445,PK006,2024-07-24,2025-07-24,Paid
PS02082,M000109,PK001,2025-10-13,2026-10-13,Paid
PS02083,M001777,PK026,2024-05-26,2025-05-26,Pending
PS02084,M000535,PK037,2025-04-23,2025-10-20,Paid
PS02085,M001878,PK034,2024-04-13,2025-04-13,Paid
PS02086,M001503,PK029,2025-01-07,2026-01-07,Paid
PS02087,M000063,PK036,2024-08-10,2025-02-06,Paid
PS02088,M001137,PK030,2025-08-01,2026-08-01,Pending
PS02089,M002290,PK038,2025-04-08,2026-04-08,Paid
PS02090,M000433,PK034,2024-12-06,2025-12-06,Paid
PS02091,M000055,PK010,2025-06-12,2026-06-12,Paid
PS02092,M001915,PK025,2024-10-16,2025-10-16,Pending
PS02093,M000154,PK031,2025-11-21,2026-11-21,Paid
PS02094,M001672,PK023,2024-11-28,2025-05-27,Paid
PS02095,M002424,PK007,2025-08-04,2026-08-04,Paid
PS02096,M001309,PK023,2025-06-20,2025-12-17,Paid
PS02097,M002177,PK023,2024-05-14,2024-11-10,Pending
PS02098,M000877,PK002,2025-12-23,2026-12-23,Paid
PS02099,M002130,PK039,2025-05-25,2025-11-21,Refunded
PS02100,M001384,PK040,2024-09-23,2025-09-23,Paid
PS02101,M000714,PK034,2024-05-31,2025-05-31,Paid
PS02102,M001724,PK001,2025-11-10,2026-11-10,Paid
PS02103,M001930,PK001,2025-03-03,2026-03-03,Paid
PS02104,M001059,PK039,2024-09-02,2025-03-01,Paid
PS02105,M002216,PK011,2024-06-18,2025-06-18,Paid
PS02106,M000640,PK028,2025-02-28,2026-02-28,Paid
PS02107,M002467,PK008,2025-01-28,2025-07-27,Paid
PS02108,M000903,PK036,2024-03-14,2024-09-10,Paid
PS02109,M002154,PK029,2024-07-06,2025-07-06,Paid
PS02110,M001459,PK003,2024-04-16,2025-04-16,Pending
PS02111,M000298,PK010,2024-04-27,2025-04-27,Paid
PS02112,M002196,PK011,2024-02-12,2025-02-11,Paid
PS02113,M002052,PK040,2024-07-13,2025-07-13,Paid
PS02114,M000519,PK035,2025-05-16,2026-05-16,Paid
PS02115,M001719,PK012,2025-11-28,2026-05-27,Paid
PS02116,M001323,PK001,2025-01-11,2026-01-11,Paid
PS02117,M000894,PK006,2025-04-25,2026-04-25,Paid
PS02118,M002406,PK028,2024-08-30,2025-08-30,Paid
PS02119,M000080,PK040,2025-09-10,2026-09-10,Paid
PS02120,M001133,PK006,2024-07-23,2025-07-23,Paid
PS02121,M000928,PK028,2024-04-24,2025-04-24,Paid
PS02122,M000310,PK005,2024-05-02,2024-10-29,Paid
PS02123,M001807,PK029,2025-10-07,2026-10-07,Paid
PS02124,M000548,PK035,2025-03-21,2026-03-21,Paid
PS02125,M001014,PK004,2024-07-05,2025-07-05,Paid
PS02126,M000973,PK030,2024-05-17,2025-05-17,Paid
PS02127,M002126,PK031,2024-08-14,2025-08-14,Paid
PS02128,M000070,PK030,2024-09-28,2025-09-28,Paid
PS02129,M000438,PK031,2025-11-15,2026-11-15,Paid
PS02130,M002485,PK010,2024-06-14,2025-06-14,Paid
PS02131,M002345,PK033,2025-10-19,2026-10-19,Paid
PS02132,M001266,PK021,2025-03-23,2026-03-23,Paid
PS02133,M002448,PK002,2025-05-21,2026-05-21,Paid
PS02134,M001153,PK015,2025-03-22,2025-09-18,Paid
PS02135,M001652,PK022,2024-06-28,2025-06-28,Paid
PS02136,M001651,PK022,2024-07-27,2025-07-27,Pending
PS02137,M001170,PK019,2024-05-09,2025-05-09,Paid
PS02138,M000890,PK026,2024-11-01,2025-11-01,Paid
PS02139,M002031,PK010,2025-11-08,2026-11-08,Paid
PS02140,M000840,PK025,2025-04-03,2026-04-03,Paid
PS02141,M000125,PK030,2024-01-25,2025-01-24,Paid
PS02142,M001004,PK008,2025-01-11,2025-07-10,Paid
PS02143,M001244,PK021,2025-08-17,2026-08-17,Paid
PS02144,M000552,PK010,2025-03-29,2026-03-29,Paid
PS02145,M001776,PK028,2024-01-02,2025-01-01,Paid
PS02146,M002493,PK016,2024-04-16,2024-10-13,Paid
PS02147,M001356,PK010,2025-03-02,2026-03-02,Paid
PS02148,M002146,PK028,2024-10-05,2025-10-05,Paid
PS02149,M002136,PK032,2024-01-06,2025-01-05,Paid
PS02150,M000001,PK018,2025-07-19,2026-07-19,Paid
PS02151,M001544,PK011,2024-05-27,2025-05-27,Paid
PS02152,M001833,PK016,2025-12-08,2026-06-06,Paid
PS02153,M000761,PK038,2025-01-14,2026-01-14,Pending
PS02154,M000937,PK017,2025-01-14,2026-01-14,Paid
PS02155,M002115,PK009,2025-07-24,2026-07-24,Paid
PS02156,M002477,PK025,2024-08-29,2025-08-29,Paid
PS02157,M000038,PK015,2024-09-08,2025-03-07,Paid
PS02158,M002175,PK028,2024-12-06,2025-12-06,Paid
PS02159,M001971,PK015,2024-01-13,2024-07-11,Pending
PS02160,M001725,PK025,2025-11-20,2026-11-20,Paid
PS02161,M002132,PK025,2025-03-16,2026-03-16,Paid
PS02162,M000448,PK024,2025-01-29,2026-01-29,Pending
PS02163,M001780,PK016,2025-03-30,2025-09-26,Paid
PS02164,M000935,PK027,2025-10-19,2026-10-19,Paid
PS02165,M001829,PK028,2025-04-23,2026-04-23,Paid
PS02166,M000214,PK011,2024-04-26,2025-04-26,Paid
PS02167,M000037,PK002,2024-07-15,2025-07-15,Paid
PS02168,M001462,PK031,2024-05-01,2025-05-01,Paid
PS02169,M001095,PK022,2024-10-16,2025-10-16,Paid
PS02170,M000149,PK027,2025-06-16,2026-06-16,Pending
PS02171,M000876,PK037,2024-03-02,2024-08-29,Paid
PS02172,M002169,PK025,2025-01-16,2026-01-16,Paid
PS02173,M001615,PK013,2024-08-24,2025-02-20,Paid
PS02174,M001831,PK015,2025-02-24,2025-08-23,Paid
PS02175,M001916,PK037,2025-06-05,2025-12-02,Paid
PS02176,M000403,PK023,2024-02-15,2024-08-13,Paid
PS02177,M002322,PK021,2025-07-26,2026-07-26,Pending
PS02178,M001926,PK017,2025-10-03,2026-10-03,Refunded
PS02179,M001109,PK004,2024-07-23,2025-07-23,Paid
PS02180,M001476,PK016,2025-08-19,2026-02-15,Paid
PS02181,M002456,PK023,2025-06-08,2025-12-05,Paid
PS02182,M001695,PK033,2025-09-30,2026-09-30,Paid
PS02183,M000376,PK010,2025-08-29,2026-08-29,Paid
PS02184,M002024,PK003,2024-06-30,2025-06-30,Paid
PS02185,M002085,PK023,2024-03-17,2024-09-13,Paid
PS02186,M002136,PK015,2025-02-02,2025-08-01,Paid
PS02187,M001562,PK005,2024-02-06,2024-08-04,Paid
PS02188,M000187,PK010,2025-10-21,2026-10-21,Paid
PS02189,M001452,PK012,2025-03-04,2025-08-31,Paid
PS02190,M000758,PK035,2025-02-19,2026-02-19,Paid
PS02191,M002165,PK005,2024-04-28,2024-10-25,Paid
PS02192,M000530,PK001,2025-06-15,2026-06-15,Paid
PS02193,M000051,PK002,2024-06-03,2025-06-03,Paid
PS02194,M001758,PK001,2024-04-08,2025-04-08,Paid
PS02195,M002339,PK034,2024-09-23,2025-09-23,Paid
PS02196,M000077,PK025,2024-09-20,2025-09-20,Paid
PS02197,M002051,PK038,2025-03-25,2026-03-25,Paid
PS02198,M000234,PK038,2025-11-16,2026-11-16,Pending
PS02199,M001771,PK012,2024-11-21,2025-05-20,Paid
PS02200,M000646,PK006,2025-01-19,2026-01-19,Paid
PS02201,M000987,PK024,2025-06-09,2026-06-09,Paid
PS02202,M000610,PK022,2025-07-05,2026-07-05,Paid
PS02203,M002458,PK028,2025-01-31,2026-01-31,Paid
PS02204,M002395,PK018,2024-06-30,2025-06-30,Paid
PS02205,M002059,PK022,2025-06-10,2026-06-10,Paid
PS02206,M001572,PK028,2025-10-13,2026-10-13,Refunded
PS02207,M000838,PK025,2025-01-06,2026-01-06,Paid
PS02208,M000875,PK034,2025-01-29,2026-01-29,Paid
PS02209,M001674,PK004,2025-06-28,2026-06-28,Refunded
PS02210,M001476,PK002,2025-02-26,2026-02-26,Paid
PS02211,M002216,PK039,2025-10-30,2026-04-28,Paid
PS02212,M001103,PK005,2025-06-29,2025-12-26,Paid
PS02213,M000061,PK002,2025-10-18,2026-10-18,Paid
PS02214,M000914,PK023,2025-06-07,2025-12-04,Paid
PS02215,M002377,PK015,2025-02-04,2025-08-03,Paid
PS02216,M001573,PK030,2024-05-22,2025-05-22,Paid
PS02217,M001466,PK017,2024-04-02,2025-04-02,Paid
PS02218,M001411,PK037,2025-07-30,2026-01-26,Paid
PS02219,M001457,PK021,2025-02-05,2026-02-05,Paid
PS02220,M001472,PK003,2024-04-13,2025-04-13,Paid
PS02221,M001283,PK039,2025-10-06,2026-04-04,Paid
PS02222,M002209,PK032,2025-06-29,2026-06-29,Paid
PS02223,M002298,PK038,2024-10-23,2025-10-23,Paid
PS02224,M001635,PK030,2024-11-21,2025-11-21,Paid
PS02225,M001039,PK009,2024-12-16,2025-12-16,Refunded
PS02226,M000700,PK030,2024-07-26,2025-07-26,Paid
PS02227,M001892,PK017,2025-09-25,2026-09-25,Paid
PS02228,M001961,PK017,2024-01-10,2025-01-09,Paid
PS02229,M000759,PK022,2025-12-27,2026-12-27,Paid
PS02230,M001504,PK009,2025-07-11,2026-07-11,Paid
PS02231,M002239,PK031,2024-11-21,2025-11-21,Paid
PS02232,M002184,PK026,2025-07-26,2026-07-26,Paid
PS02233,M002011,PK023,2024-01-14,2024-07-12,Paid
PS02234,M001802,PK022,2024-04-09,2025-04-09,Paid
PS02235,M000323,PK019,2025-02-20,2026-02-20,Paid
PS02236,M001406,PK021,2024-12-19,2025-12-19,Paid
PS02237,M002298,PK037,2025-08-05,2026-02-01,Paid
PS02238,M002339,PK003,2024-12-26,2025-12-26,Paid
PS02239,M001008,PK017,2024-10-22,2025-10-22,Pending
PS02240,M000265,PK019,2024-02-08,2025-02-07,Paid
PS02241,M000219,PK034,2025-09-19,2026-09-19,Paid
PS02242,M001996,PK040,2024-09-06,2025-09-06,Pending
PS02243,M002421,PK012,2025-07-04,2025-12-31,Refunded
PS02244,M001620,PK003,2025-11-23,2026-11-23,Paid
PS02245,M001840,PK010,2024-04-04,2025-04-04,Paid
PS02246,M000511,PK026,2025-02-12,2026-02-12,Paid
PS02247,M000911,PK035,2024-02-20,2025-02-19,Pending
PS02248,M000351,PK033,2025-11-14,2026-11-14,Paid
PS02249,M000223,PK023,2024-03-15,2024-09-11,Paid
PS02250,M000791,PK023,2025-07-06,2026-01-02,Paid
PS02251,M000119,PK010,2024-02-23,2025-02-22,Refunded
PS02252,M000510,PK007,2025-10-22,2026-10-22,Paid
PS02253,M000995,PK037,2025-02-12,2025-08-11,Paid
PS02254,M000913,PK009,2024-12-01,2025-12-01,Paid
PS02255,M002200,PK017,2025-09-25,2026-09-25,Paid
PS02256,M002043,PK020,2025-09-02,2026-03-01,Paid
PS02257,M001509,PK038,2024-11-20,2025-11-20,Paid
PS02258,M001884,PK023,2025-11-27,2026-05-26,Paid
PS02259,M000997,PK040,2025-03-17,2026-03-17,Paid
PS02260,M001043,PK002,2025-11-22,2026-11-22,Paid
PS02261,M000174,PK038,2025-06-05,2026-06-05,Paid
PS02262,M001721,PK001,2024-01-15,2025-01-14,Refunded
PS02263,M000316,PK004,2025-06-09,2026-06-09,Paid
PS02264,M002077,PK016,2025-11-20,2026-05-19,Paid
PS02265,M000666,PK027,2025-02-07,2026-02-07,Paid
PS02266,M001881,PK002,2025-11-16,2026-11-16,Pending
PS02267,M002037,PK027,2024-09-29,2025-09-29,Paid
PS02268,M000290,PK031,2024-08-07,2025-08-07,Paid
PS02269,M002017,PK004,2025-06-13,2026-06-13,Paid
PS02270,M001109,PK003,2024-09-14,2025-09-14,Paid
PS02271,M000809,PK019,2024-03-08,2025-03-08,Paid
PS02272,M001462,PK007,2025-09-29,2026-09-29,Paid
PS02273,M001726,PK022,2025-11-11,2026-11-11,Paid
PS02274,M002467,PK035,2025-06-20,2026-06-20,Paid
PS02275,M002340,PK008,2025-09-24,2026-03-23,Paid
PS02276,M001597,PK002,2025-04-26,2026-04-26,Pending
PS02277,M001443,PK029,2025-05-25,2026-05-25,Paid
PS02278,M000958,PK038,2025-07-09,2026-07-09,Pending
PS02279,M001482,PK025,2025-12-03,2026-12-03,Paid
PS02280,M000314,PK030,2025-02-26,2026-02-26,Paid
PS02281,M002208,PK018,2025-12-19,2026-12-19,Pending
PS02282,M000546,PK018,2025-11-13,2026-11-13,Paid
PS02283,M001717,PK004,2025-03-29,2026-03-29,Paid
PS02284,M002189,PK016,2024-12-14,2025-06-12,Paid
PS02285,M000103,PK016,2024-02-15,2024-08-13,Paid
PS02286,M001512,PK032,2025-10-11,2026-10-11,Refunded
PS02287,M001318,PK021,2024-12-11,2025-12-11,Paid
PS02288,M001249,PK009,2025-11-15,2026-11-15,Pending
PS02289,M001793,PK014,2025-01-25,2026-01-25,Paid
PS02290,M001348,PK025,2024-09-27,2025-09-27,Paid
PS02291,M001879,PK040,2025-08-12,2026-08-12,Paid
PS02292,M002481,PK020,2024-05-03,2024-10-30,Paid
PS02293,M001036,PK027,2024-07-10,2025-07-10,Paid
PS02294,M002460,PK037,2025-03-26,2025-09-22,Paid
PS02295,M000957,PK008,2024-02-05,2024-08-03,Paid
PS02296,M000415,PK028,2024-03-28,2025-03-28,Paid
PS02297,M000157,PK017,2025-01-26,2026-01-26,Paid
PS02298,M001825,PK017,2024-06-10,2025-06-10,Paid
PS02299,M001547,PK038,2024-11-13,2025-11-13,Paid
PS02300,M000339,PK025,2025-04-10,2026-04-10,Paid
PS02301,M002358,PK036,2025-12-02,2026-05-31,Paid
PS02302,M002343,PK025,2024-07-18,2025-07-18,Paid
PS02303,M002095,PK031,2024-04-20,2025-04-20,Paid
PS02304,M002251,PK034,2025-09-02,2026-09-02,Paid
PS02305,M000582,PK006,2024-06-30,2025-06-30,Paid
PS02306,M001868,PK004,2024-05-04,2025-05-04,Paid
PS02307,M002378,PK036,2024-10-01,2025-03-30,Paid
PS02308,M002186,PK039,2024-05-01,2024-10-28,Paid
PS02309,M001523,PK039,2024-02-21,2024-08-19,Paid
PS02310,M000155,PK005,2025-07-28,2026-01-24,Paid
PS02311,M001104,PK036,2025-02-28,2025-08-27,Paid
PS02312,M001265,PK025,2025-11-16,2026-11-16,Paid
PS02313,M000153,PK035,2024-05-02,2025-05-02,Paid
PS02314,M002213,PK016,2025-03-24,2025-09-20,Paid
PS02315,M000569,PK012,2025-10-17,2026-04-15,Paid
PS02316,M002399,PK023,2025-08-09,2026-02-05,Paid
PS02317,M000949,PK011,2024-05-14,2025-05-14,Paid
PS02318,M000272,PK003,2024-12-25,2025-12-25,Paid
PS02319,M001792,PK039,2025-07-30,2026-01-26,Paid
PS02320,M000452,PK018,2024-03-14,2025-03-14,Paid
PS02321,M001972,PK037,2025-10-25,2026-04-23,Paid
PS02322,M002498,PK011,2025-07-24,2026-07-24,Paid
PS02323,M002184,PK019,2024-11-21,2025-11-21,Paid
PS02324,M001706,PK009,2025-04-26,2026-04-26,Paid
PS02325,M002142,PK013,2024-10-19,2025-04-17,Paid
PS02326,M001776,PK002,2025-05-21,2026-05-21,Paid
PS02327,M000849,PK039,2024-03-18,2024-09-14,Paid
PS02328,M001158,PK003,2025-06-23,2026-06-23,Paid
PS02329,M000541,PK013,2024-05-18,2024-11-14,Paid
PS02330,M001711,PK008,2025-03-12,2025-09-08,Paid
PS02331,M001215,PK037,2025-07-23,2026-01-19,Paid
PS02332,M001065,PK005,2024-06-19,2024-12-16,Paid
PS02333,M001955,PK015,2024-09-24,2025-03-23,Paid
PS02334,M001256,PK016,2024-08-10,2025-02-06,Paid
PS02335,M000807,PK033,2024-05-03,2025-05-03,Pending
PS02336,M000260,PK039,2024-09-27,2025-03-26,Pending
PS02337,M001101,PK030,2025-03-05,2026-03-05,Paid
PS02338,M001352,PK008,2024-05-21,2024-11-17,Pending
PS02339,M002186,PK016,2025-05-07,2025-11-03,Paid
PS02340,M002173,PK027,2024-04-26,2025-04-26,Refunded
PS02341,M002065,PK037,2024-08-27,2025-02-23,Refunded
PS02342,M002241,PK008,2025-11-20,2026-05-19,Pending
PS02343,M002491,PK033,2025-04-14,2026-04-14,Paid
PS02344,M001204,PK009,2025-08-15,2026-08-15,Paid
PS02345,M001200,PK019,2024-08-07,2025-08-07,Paid
PS02346,M000193,PK021,2025-03-22,2026-03-22,Paid
PS02347,M001289,PK032,2024-07-12,2025-07-12,Paid
PS02348,M000813,PK035,2024-11-10,2025-11-10,Paid
PS02349,M002128,PK024,2025-09-17,2026-09-17,Paid
PS02350,M001164,PK019,2025-05-30,2026-05-30,Paid
PS02351,M002479,PK018,2024-01-22,2025-01-21,Paid
PS02352,M000094,PK002,2025-05-21,2026-05-21,Paid
PS02353,M001807,PK017,2025-08-05,2026-08-05,Paid
PS02354,M001434,PK023,2025-02-03,2025-08-02,Paid
PS02355,M001728,PK032,2025-10-16,2026-10-16,Paid
PS02356,M000203,PK019,2024-04-21,2025-04-21,Paid
PS02357,M002379,PK011,2024-11-05,2025-11-05,Paid
PS02358,M002020,PK022,2024-08-16,2025-08-16,Paid
PS02359,M002208,PK024,2024-12-10,2025-12-10,Paid
PS02360,M000004,PK008,2024-08-09,2025-02-05,Pending
PS02361,M001720,PK029,2025-04-20,2026-04-20,Paid
PS02362,M000145,PK038,2024-01-13,2025-01-12,Paid
PS02363,M000187,PK008,2025-09-29,2026-03-28,Pending
PS02364,M002358,PK037,2025-11-24,2026-05-23,Paid
PS02365,M002028,PK011,2024-03-10,2025-03-10,Paid
PS02366,M001617,PK005,2024-08-15,2025-02-11,Pending
PS02367,M000810,PK010,2024-08-30,2025-08-30,Paid
PS02368,M000827,PK007,2024-04-12,2025-04-12,Paid
PS02369,M000318,PK012,2025-03-31,2025-09-27,Paid
PS02370,M000288,PK034,2024-09-26,2025-09-26,Refunded
PS02371,M002107,PK035,2025-01-10,2026-01-10,Paid
PS02372,M001438,PK031,2025-06-04,2026-06-04,Paid
PS02373,M002041,PK007,2025-05-19,2026-05-19,Pending
PS02374,M000002,PK018,2025-05-21,2026-05-21,Paid
PS02375,M002391,PK040,2024-01-07,2025-01-06,Paid
PS02376,M000778,PK025,2024-08-12,2025-08-12,Paid
PS02377,M002166,PK020,2025-12-01,2026-05-30,Paid
PS02378,M002018,PK002,2025-01-03,2026-01-03,Paid
PS02379,M001496,PK029,2025-08-06,2026-08-06,Paid
PS02380,M000530,PK029,2024-11-05,2025-11-05,Paid
PS02381,M000635,PK035,2024-11-02,2025-11-02,Paid
PS02382,M001500,PK007,2025-09-12,2026-09-12,Paid
PS02383,M001492,PK020,2025-05-24,2025-11-20,Paid
PS02384,M000244,PK004,2024-03-03,2025-03-03,Paid
PS02385,M001511,PK032,2024-03-13,2025-03-13,Paid
PS02386,M002421,PK035,2025-03-30,2026-03-30,Refunded
PS02387,M000333,PK011,2025-12-21,2026-12-21,Paid
PS02388,M000688,PK027,2024-03-18,2025-03-18,Pending
PS02389,M001059,PK013,2024-12-25,2025-06-23,Paid
PS02390,M002166,PK028,2024-11-06,2025-11-06,Paid
PS02391,M000882,PK006,2024-01-28,2025-01-27,Paid
PS02392,M001088,PK012,2025-08-23,2026-02-19,Paid
PS02393,M000060,PK022,2025-10-18,2026-10-18,Paid
PS02394,M002312,PK007,2024-07-09,2025-07-09,Paid
PS02395,M000807,PK009,2025-11-27,2026-11-27,Paid
PS02396,M001068,PK028,2025-05-29,2026-05-29,Paid
PS02397,M002404,PK023,2024-11-17,2025-05-16,Paid
PS02398,M002473,PK018,2024-01-01,2024-12-31,Paid
PS02399,M001234,PK001,2025-06-07,2026-06-07,Paid
PS02400,M002335,PK027,2024-03-31,2025-03-31,Paid
PS02401,M002379,PK030,2025-10-19,2026-10-19,Paid
PS02402,M002158,PK033,2024-09-27,2025-09-27,Refunded
PS02403,M002055,PK008,2024-03-27,2024-09-23,Paid
PS02404,M000862,PK005,2025-08-28,2026-02-24,Paid
PS02405,M000029,PK025,2025-04-13,2026-04-13,Paid
PS02406,M001962,PK019,2025-06-30,2026-06-30,Paid
PS02407,M000042,PK012,2024-04-14,2024-10-11,Paid
PS02408,M001412,PK034,2024-12-15,2025-12-15,Paid
PS02409,M001692,PK005,2024-04-30,2024-10-27,Paid
PS02410,M000008,PK028,2024-05-14,2025-05-14,Paid
PS02411,M000785,PK020,2025-03-18,2025-09-14,Paid
PS02412,M000385,PK023,2024-01-28,2024-07-26,Paid
PS02413,M001021,PK021,2024-01-18,2025-01-17,Paid
PS02414,M000947,PK001,2024-08-15,2025-08-15,Paid
PS02415,M000768,PK026,2025-11-01,2026-11-01,Paid
PS02416,M001768,PK030,2024-05-15,2025-05-15,Paid
PS02417,M001809,PK005,2025-09-09,2026-03-08,Paid
PS02418,M000120,PK034,2024-01-14,2025-01-13,Paid
PS02419,M000244,PK029,2025-07-14,2026-07-14,Paid
PS02420,M001795,PK012,2025-05-12,2025-11-08,Paid
PS02421,M001896,PK036,2025-04-21,2025-10-18,Paid
PS02422,M000642,PK010,2024-07-20,2025-07-20,Paid
PS02423,M002262,PK001,2025-01-30,2026-01-30,Paid
PS02424,M002478,PK040,2024-04-18,2025-04-18,Pending
PS02425,M002145,PK013,2024-12-01,2025-05-30,Paid
PS02426,M002257,PK001,2025-06-02,2026-06-02,Paid
PS02427,M001872,PK023,2025-06-24,2025-12-21,Paid
PS02428,M001501,PK019,2024-05-13,2025-05-13,Paid
PS02429,M000951,PK017,2024-06-21,2025-06-21,Paid
PS02430,M002381,PK003,2025-03-11,2026-03-11,Paid
PS02431,M001919,PK030,2025-04-25,2026-04-25,Paid
PS02432,M002461,PK003,2024-06-06,2025-06-06,Paid
PS02433,M000301,PK040,2025-10-02,2026-10-02,Paid
PS02434,M002499,PK026,2025-07-12,2026-07-12,Paid
PS02435,M001562,PK016,2025-05-20,2025-11-16,Paid
PS02436,M001993,PK036,2025-01-06,2025-07-05,Paid
PS02437,M000484,PK019,2024-09-18,2025-09-18,Paid
PS02438,M001152,PK033,2024-09-23,2025-09-23,Paid
PS02439,M001795,PK030,2025-04-26,2026-04-26,Paid
PS02440,M002432,PK013,2024-06-06,2024-12-03,Paid
PS02441,M002042,PK017,2025-10-22,2026-10-22,Paid
PS02442,M001757,PK024,2025-07-23,2026-07-23,Paid
PS02443,M001602,PK038,2025-10-24,2026-10-24,Refunded
PS02444,M000172,PK003,2025-04-06,2026-04-06,Paid
PS02445,M001478,PK017,2025-10-23,2026-10-23,Pending
PS02446,M002210,PK007,2024-03-13,2025-03-13,Pending
PS02447,M002138,PK011,2025-11-28,2026-11-28,Paid
PS02448,M000495,PK002,2024-04-01,2025-04-01,Paid
PS02449,M000441,PK039,2024-02-29,2024-08-27,Paid
PS02450,M002135,PK022,2024-08-06,2025-08-06,Paid
PS02451,M002486,PK022,2024-07-31,2025-07-31,Paid
PS02452,M002449,PK022,2024-10-27,2025-10-27,Paid
PS02453,M001783,PK021,2024-09-21,2025-09-21,Paid
PS02454,M001669,PK013,2025-10-02,2026-03-31,Pending
PS02455,M000112,PK028,2025-02-27,2026-02-27,Paid
PS02456,M000729,PK036,2025-11-12,2026-05-11,Pending
PS02457,M000125,PK027,2025-04-26,2026-04-26,Refunded
PS02458,M001584,PK023,2024-05-01,2024-10-28,Paid
PS02459,M001159,PK017,2024-04-17,2025-04-17,Paid
PS02460,M000950,PK020,2024-11-29,2025-05-28,Paid
PS02461,M000336,PK026,2024-11-24,2025-11-24,Paid
PS02462,M000862,PK029,2025-05-16,2026-05-16,Paid
PS02463,M002362,PK028,2025-04-08,2026-04-08,Paid
PS02464,M001978,PK023,2025-05-17,2025-11-13,Paid
PS02465,M001144,PK027,2024-03-29,2025-03-29,Paid
PS02466,M000125,PK013,2025-03-08,2025-09-04,Paid
PS02467,M000911,PK039,2025-10-30,2026-04-28,Paid
PS02468,M001168,PK015,2025-08-15,2026-02-11,Paid
PS02469,M001472,PK018,2024-07-21,2025-07-21,Pending
PS02470,M000915,PK027,2025-03-22,2026-03-22,Paid
PS02471,M001993,PK004,2024-05-11,2025-05-11,Paid
PS02472,M000153,PK039,2024-10-02,2025-03-31,Paid
PS02473,M000732,PK002,2024-10-25,2025-10-25,Refunded
PS02474,M001244,PK036,2025-08-09,2026-02-05,Paid
PS02475,M000862,PK001,2025-10-22,2026-10-22,Refunded
PS02476,M001552,PK025,2024-08-24,2025-08-24,Paid
PS02477,M001665,PK013,2025-12-29,2026-06-27,Paid
PS02478,M000718,PK032,2025-04-21,2026-04-21,Refunded
PS02479,M000267,PK005,2024-04-29,2024-10-26,Paid
PS02480,M001624,PK019,2024-12-14,2025-12-14,Paid
PS02481,M000775,PK036,2025-10-31,2026-04-29,Paid
PS02482,M000958,PK018,2024-10-03,2025-10-03,Paid
PS02483,M001222,PK016,2024-09-11,2025-03-10,Paid
PS02484,M000374,PK030,2025-11-10,2026-11-10,Paid
PS02485,M001504,PK035,2024-04-14,2025-04-14,Paid
PS02486,M001285,PK001,2024-01-07,2025-01-06,Paid
PS02487,M000273,PK027,2025-04-01,2026-04-01,Paid
PS02488,M002324,PK030,2025-04-24,2026-04-24,Paid
PS02489,M001793,PK036,2024-02-25,2024-08-23,Paid
PS02490,M000683,PK005,2024-11-15,2025-05-14,Paid
PS02491,M001700,PK007,2025-05-04,2026-05-04,Paid
PS02492,M002134,PK032,2025-02-15,2026-02-15,Paid
PS02493,M002389,PK034,2025-07-06,2026-07-06,Paid
PS02494,M001627,PK025,2025-02-09,2026-02-09,Paid
PS02495,M001237,PK040,2024-02-27,2025-02-26,Paid
PS02496,M002261,PK009,2024-11-11,2025-11-11,Paid
PS02497,M002047,PK027,2025-05-04,2026-05-04,Paid
PS02498,M002140,PK025,2025-01-05,2026-01-05,Paid
PS02499,M001217,PK003,2024-03-10,2025-03-10,Paid
PS02500,M002239,PK011,2025-08-11,2026-08-11,Paid
PS02501,M000051,PK032,2025-02-18,2026-02-18,Paid
PS02502,M000130,PK037,2025-02-16,2025-08-15,Pending
PS02503,M001512,PK020,2025-01-09,2025-07-08,Paid
PS02504,M000031,PK025,2025-07-25,2026-07-25,Paid
PS02505,M001680,PK027,2024-06-19,2025-06-19,Pending
PS02506,M000108,PK003,2024-01-14,2025-01-13,Paid
PS02507,M000837,PK005,2024-12-18,2025-06-16,Paid
PS02508,M001947,PK017,2025-07-07,2026-07-07,Pending
PS02509,M000864,PK029,2025-10-06,2026-10-06,Refunded
PS02510,M001598,PK040,2024-01-06,2025-01-05,Paid
PS02511,M001123,PK027,2024-03-03,2025-03-03,Paid
PS02512,M000395,PK006,2025-12-26,2026-12-26,Paid
PS02513,M001089,PK019,2024-08-13,2025-08-13,Paid
PS02514,M000096,PK039,2025-12-13,2026-06-11,Paid
PS02515,M000412,PK032,2024-04-27,2025-04-27,Paid
PS02516,M000998,PK008,2024-05-07,2024-11-03,Paid
PS02517,M000668,PK004,2025-03-15,2026-03-15,Paid
PS02518,M000525,PK028,2025-11-21,2026-11-21,Paid
PS02519,M000213,PK001,2024-03-03,2025-03-03,Paid
PS02520,M000976,PK032,2025-01-20,2026-01-20,Pending
PS02521,M000345,PK037,2024-09-19,2025-03-18,Paid
PS02522,M002187,PK013,2024-05-05,2024-11-01,Pending
PS02523,M001333,PK027,2024-07-24,2025-07-24,Paid
PS02524,M000907,PK024,2024-11-24,2025-11-24,Paid
PS02525,M000739,PK013,2024-07-20,2025-01-16,Paid
PS02526,M000820,PK037,2025-01-29,2025-07-28,Paid
PS02527,M001119,PK014,2025-01-10,2026-01-10,Paid
PS02528,M001719,PK004,2025-06-14,2026-06-14,Paid
PS02529,M000417,PK020,2025-01-08,2025-07-07,Paid
PS02530,M000687,PK033,2024-08-19,2025-08-19,Paid
PS02531,M001695,PK025,2025-08-31,2026-08-31,Paid
PS02532,M001660,PK040,2024-09-27,2025-09-27,Pending
PS02533,M000061,PK008,2024-02-28,2024-08-26,Pending
PS02534,M001738,PK023,2025-04-18,2025-10-15,Paid
PS02535,M000497,PK022,2024-05-16,2025-05-16,Paid
PS02536,M001254,PK006,2025-01-13,2026-01-13,Paid
PS02537,M001246,PK002,2024-03-18,2025-03-18,Paid
PS02538,M000196,PK028,2024-07-31,2025-07-31,Paid
PS02539,M001176,PK010,2024-10-05,2025-10-05,Paid
PS02540,M000297,PK002,2025-05-01,2026-05-01,Paid
PS02541,M001467,PK038,2024-02-10,2025-02-09,Paid
PS02542,M000861,PK014,2025-07-09,2026-07-09,Paid
PS02543,M001312,PK022,2024-02-27,2025-02-26,Pending
PS02544,M000030,PK019,2025-05-04,2026-05-04,Paid
PS02545,M001507,PK025,2025-03-27,2026-03-27,Paid
PS02546,M000393,PK040,2025-07-01,2026-07-01,Paid
PS02547,M001839,PK005,2024-04-10,2024-10-07,Paid
PS02548,M000053,PK013,2024-09-26,2025-03-25,Paid
PS02549,M001612,PK034,2024-11-29,2025-11-29,Pending
PS02550,M002480,PK033,2025-07-02,2026-07-02,Paid
PS02551,M001611,PK004,2024-01-12,2025-01-11,Paid
PS02552,M000092,PK023,2024-12-22,2025-06-20,Paid
PS02553,M000596,PK025,2025-04-06,2026-04-06,Pending
PS02554,M002278,PK039,2025-03-13,2025-09-09,Paid
PS02555,M001820,PK017,2024-09-13,2025-09-13,Pending
PS02556,M002428,PK018,2025-03-14,2026-03-14,Paid
PS02557,M000443,PK036,2025-08-19,2026-02-15,Refunded
PS02558,M001377,PK017,2025-06-23,2026-06-23,Paid
PS02559,M001634,PK003,2025-01-04,2026-01-04,Paid
PS02560,M000012,PK003,2024-04-07,2025-04-07,Paid
PS02561,M000930,PK004,2024-07-23,2025-07-23,Pending
PS02562,M000009,PK030,2025-12-10,2026-12-10,Paid
PS02563,M000697,PK006,2025-01-04,2026-01-04,Paid
PS02564,M000930,PK020,2025-09-19,2026-03-18,Paid
PS02565,M002386,PK001,2025-11-23,2026-11-23,Paid
PS02566,M000591,PK013,2024-10-04,2025-04-02,Paid
PS02567,M001645,PK008,2025-01-04,2025-07-03,Paid
PS02568,M001713,PK004,2024-06-23,2025-06-23,Paid
PS02569,M001170,PK021,2024-02-05,2025-02-04,Pending
PS02570,M000792,PK001,2025-11-05,2026-11-05,Paid
PS02571,M000312,PK009,2024-01-11,2025-01-10,Paid
PS02572,M001002,PK023,2024-08-16,2025-02-12,Paid
PS02573,M000450,PK018,2025-04-19,2026-04-19,Paid
PS02574,M000610,PK040,2025-08-20,2026-08-20,Refunded
PS02575,M002444,PK011,2024-12-31,2025-12-31,Paid
PS02576,M001192,PK031,2024-03-12,2025-03-12,Paid
PS02577,M001709,PK025,2024-04-27,2025-04-27,Paid
PS02578,M002014,PK028,2025-11-21,2026-11-21,Paid
PS02579,M000418,PK018,2025-07-24,2026-07-24,Paid
PS02580,M000710,PK033,2024-07-05,2025-07-05,Paid
PS02581,M001308,PK001,2024-04-28,2025-04-28,Paid
PS02582,M000008,PK005,2025-11-06,2026-05-05,Pending
PS02583,M000509,PK014,2025-09-13,2026-09-13,Paid
PS02584,M000109,PK031,2025-01-15,2026-01-15,Paid
PS02585,M002182,PK010,2025-07-30,2026-07-30,Paid
PS02586,M000959,PK039,2024-09-04,2025-03-03,Refunded
PS02587,M001315,PK030,2024-06-07,2025-06-07,Paid
PS02588,M000286,PK007,2024-09-14,2025-09-14,Paid
PS02589,M000754,PK013,2025-08-07,2026-02-03,Paid
PS02590,M001112,PK010,2024-12-11,2025-12-11,Paid
PS02591,M002363,PK020,2025-10-07,2026-04-05,Pending
PS02592,M000378,PK028,2024-12-03,2025-12-03,Paid
PS02593,M000619,PK003,2025-12-29,2026-12-29,Paid
PS02594,M000014,PK012,2024-05-03,2024-10-30,Paid
PS02595,M000422,PK024,2025-05-05,2026-05-05,Paid
PS02596,M002473,PK007,2025-05-15,2026-05-15,Paid
PS02597,M000167,PK019,2025-01-01,2026-01-01,Paid
PS02598,M002170,PK022,2025-12-29,2026-12-29,Paid
PS02599,M001972,PK030,2025-09-02,2026-09-02,Paid
PS02600,M002475,PK019,2024-04-28,2025-04-28,Paid
PS02601,M000075,PK027,2024-11-06,2025-11-06,Paid
PS02602,M002083,PK039,2025-08-21,2026-02-17,Paid
PS02603,M001195,PK019,2024-02-25,2025-02-24,Pending
PS02604,M000374,PK027,2025-08-30,2026-08-30,Paid
PS02605,M002289,PK023,2024-05-14,2024-11-10,Paid
PS02606,M000951,PK021,2025-04-03,2026-04-03,Paid
PS02607,M000541,PK010,2025-11-07,2026-11-07,Paid
PS02608,M001607,PK034,2024-05-08,2025-05-08,Paid
PS02609,M001373,PK032,2025-11-22,2026-11-22,Paid
PS02610,M000195,PK010,2025-08-26,2026-08-26,Paid
PS02611,M001606,PK040,2025-03-31,2026-03-31,Paid
PS02612,M002379,PK024,2024-01-19,2025-01-18,Paid
PS02613,M001934,PK015,2025-08-21,2026-02-17,Paid
PS02614,M000313,PK032,2024-11-14,2025-11-14,Paid
PS02615,M002462,PK017,2025-08-04,2026-08-04,Paid
PS02616,M002087,PK019,2025-05-08,2026-05-08,Paid
PS02617,M001487,PK004,2025-12-14,2026-12-14,Paid
PS02618,M001223,PK021,2025-09-12,2026-09-12,Pending
PS02619,M001510,PK016,2025-05-08,2025-11-04,Paid
PS02620,M000441,PK034,2025-02-18,2026-02-18,Refunded
PS02621,M002445,PK008,2025-02-06,2025-08-05,Paid
PS02622,M001255,PK004,2025-07-19,2026-07-19,Paid
PS02623,M001021,PK008,2025-11-01,2026-04-30,Paid
PS02624,M002404,PK012,2025-02-19,2025-08-18,Paid
PS02625,M000538,PK012,2025-12-07,2026-06-05,Paid
PS02626,M001453,PK011,2024-09-24,2025-09-24,Paid
PS02627,M001684,PK012,2024-01-10,2024-07-08,Paid
PS02628,M002183,PK016,2024-02-15,2024-08-13,Refunded
PS02629,M000725,PK037,2025-03-07,2025-09-03,Paid
PS02630,M002047,PK011,2024-04-25,2025-04-25,Pending
PS02631,M001052,PK027,2025-06-13,2026-06-13,Paid
PS02632,M000673,PK010,2025-10-06,2026-10-06,Paid
PS02633,M001608,PK023,2025-10-31,2026-04-29,Paid
PS02634,M001452,PK024,2025-08-13,2026-08-13,Paid
PS02635,M000540,PK017,2025-05-20,2026-05-20,Paid
PS02636,M000864,PK028,2024-11-14,2025-11-14,Paid
PS02637,M000389,PK038,2024-11-15,2025-11-15,Pending
PS02638,M000805,PK019,2025-02-28,2026-02-28,Pending
PS02639,M002333,PK039,2024-09-24,2025-03-23,Paid
PS02640,M000878,PK004,2025-11-21,2026-11-21,Paid
PS02641,M000060,PK021,2025-01-30,2026-01-30,Pending
PS02642,M001230,PK037,2024-11-03,2025-05-02,Paid
PS02643,M001323,PK027,2025-03-21,2026-03-21,Paid
PS02644,M001610,PK034,2024-06-15,2025-06-15,Pending
PS02645,M000039,PK005,2024-11-18,2025-05-17,Paid
PS02646,M000565,PK018,2024-10-14,2025-10-14,Paid
PS02647,M000744,PK002,2025-08-05,2026-08-05,Paid
PS02648,M000462,PK016,2025-08-22,2026-02-18,Paid
PS02649,M000830,PK028,2025-06-02,2026-06-02,Pending
PS02650,M000448,PK018,2024-08-12,2025-08-12,Paid
PS02651,M000091,PK025,2024-08-10,2025-08-10,Pending
PS02652,M000050,PK014,2024-07-14,2025-07-14,Paid
PS02653,M001799,PK023,2025-11-05,2026-05-04,Paid
PS02654,M001987,PK009,2025-03-08,2026-03-08,Paid
PS02655,M001503,PK006,2024-08-21,2025-08-21,Paid
PS02656,M001058,PK022,2024-05-22,2025-05-22,Paid
PS02657,M000577,PK028,2025-01-22,2026-01-22,Paid
PS02658,M001735,PK026,2024-03-26,2025-03-26,Paid
PS02659,M000589,PK024,2025-11-16,2026-11-16,Paid
PS02660,M001282,PK040,2024-04-02,2025-04-02,Paid
PS02661,M000742,PK020,2025-03-22,2025-09-18,Paid
PS02662,M001081,PK017,2025-05-12,2026-05-12,Paid
PS02663,M000274,PK011,2025-05-10,2026-05-10,Paid
PS02664,M001593,PK035,2024-03-15,2025-03-15,Paid
PS02665,M000664,PK003,2025-10-12,2026-10-12,Paid
PS02666,M000022,PK014,2025-03-07,2026-03-07,Pending
PS02667,M001370,PK032,2025-07-31,2026-07-31,Paid
PS02668,M002298,PK005,2024-10-20,2025-04-18,Pending
PS02669,M000257,PK027,2025-08-05,2026-08-05,Paid
PS02670,M000321,PK013,2024-06-04,2024-12-01,Paid
PS02671,M000881,PK027,2024-07-15,2025-07-15,Paid
PS02672,M001484,PK036,2025-10-13,2026-04-11,Paid
PS02673,M000105,PK013,2024-01-09,2024-07-07,Paid
PS02674,M001854,PK033,2025-11-26,2026-11-26,Pending
PS02675,M001884,PK021,2024-08-02,2025-08-02,Paid
PS02676,M001860,PK029,2024-11-24,2025-11-24,Paid
PS02677,M000294,PK006,2025-03-21,2026-03-21,Paid
PS02678,M001214,PK005,2024-03-14,2024-09-10,Paid
PS02679,M002351,PK030,2024-09-12,2025-09-12,Paid
PS02680,M000127,PK023,2025-05-16,2025-11-12,Paid
PS02681,M000444,PK033,2024-10-27,2025-10-27,Refunded
PS02682,M001892,PK024,2024-10-02,2025-10-02,Refunded
PS02683,M000476,PK004,2025-01-20,2026-01-20,Refunded
PS02684,M001670,PK019,2025-02-20,2026-02-20,Paid
PS02685,M001324,PK029,2025-01-08,2026-01-08,Paid
PS02686,M000388,PK031,2025-02-14,2026-02-14,Paid
PS02687,M000631,PK023,2025-10-29,2026-04-27,Paid
PS02688,M000184,PK002,2025-09-01,2026-09-01,Paid
PS02689,M001836,PK004,2024-07-01,2025-07-01,Paid
PS02690,M000581,PK029,2025-12-19,2026-12-19,Paid
PS02691,M000951,PK013,2024-05-02,2024-10-29,Paid
PS02692,M000066,PK001,2025-03-05,2026-03-05,Paid
PS02693,M001782,PK038,2024-08-16,2025-08-16,Paid
PS02694,M002162,PK024,2024-01-11,2025-01-10,Paid
PS02695,M001690,PK018,2025-04-09,2026-04-09,Paid
PS02696,M002032,PK027,2024-05-10,2025-05-10,Paid
PS02697,M000310,PK039,2024-05-01,2024-10-28,Paid
PS02698,M001492,PK017,2025-01-02,2026-01-02,Paid
PS02699,M001571,PK003,2024-06-08,2025-06-08,Paid
PS02700,M000240,PK027,2025-10-29,2026-10-29,Paid
PS02701,M000356,PK011,2025-03-20,2026-03-20,Paid
PS02702,M001820,PK026,2024-11-25,2025-11-25,Pending
PS02703,M000779,PK037,2025-05-29,2025-11-25,Pending
PS02704,M001160,PK011,2025-05-05,2026-05-05,Paid
PS02705,M002195,PK023,2024-07-21,2025-01-17,Paid
PS02706,M001355,PK031,2024-12-26,2025-12-26,Paid
PS02707,M001080,PK009,2025-09-07,2026-09-07,Paid
PS02708,M001698,PK011,2024-01-10,2025-01-09,Paid
PS02709,M000343,PK028,2024-10-27,2025-10-27,Paid
PS02710,M001216,PK026,2025-06-28,2026-06-28,Paid
PS02711,M000967,PK022,2025-08-26,2026-08-26,Paid
PS02712,M000542,PK032,2024-12-30,2025-12-30,Paid
PS02713,M001180,PK011,2025-02-17,2026-02-17,Pending
PS02714,M000105,PK019,2025-12-04,2026-12-04,Pending
PS02715,M000316,PK034,2025-03-27,2026-03-27,Paid
PS02716,M001013,PK014,2025-02-12,2026-02-12,Paid
PS02717,M002038,PK006,2025-08-12,2026-08-12,Pending
PS02718,M000600,PK011,2025-07-05,2026-07-05,Paid
PS02719,M000556,PK006,2024-11-24,2025-11-24,Paid
PS02720,M001069,PK022,2025-03-26,2026-03-26,Paid
PS02721,M002290,PK038,2024-05-01,2025-05-01,Paid
PS02722,M001137,PK033,2024-03-19,2025-03-19,Paid
PS02723,M001368,PK001,2025-03-30,2026-03-30,Paid
PS02724,M002135,PK035,2025-07-26,2026-07-26,Paid
PS02725,M001073,PK028,2024-01-08,2025-01-07,Paid
PS02726,M002187,PK026,2025-12-22,2026-12-22,Paid
PS02727,M000903,PK026,2025-08-26,2026-08-26,Paid
PS02728,M002006,PK025,2025-11-03,2026-11-03,Paid
PS02729,M002125,PK019,2024-07-28,2025-07-28,Paid
PS02730,M001643,PK038,2025-06-19,2026-06-19,Paid
PS02731,M001709,PK007,2025-07-05,2026-07-05,Paid
PS02732,M002002,PK010,2024-06-27,2025-06-27,Paid
PS02733,M000199,PK036,2024-09-27,2025-03-26,Pending
PS02734,M000895,PK026,2024-09-10,2025-09-10,Paid
PS02735,M001480,PK026,2024-03-04,2025-03-04,Paid
PS02736,M001462,PK029,2024-01-28,2025-01-27,Paid
PS02737,M001248,PK032,2024-10-02,2025-10-02,Paid
PS02738,M002358,PK003,2025-04-22,2026-04-22,Pending
PS02739,M000037,PK025,2025-09-05,2026-09-05,Paid
PS02740,M000269,PK033,2024-06-17,2025-06-17,Paid
PS02741,M001831,PK028,2024-12-01,2025-12-01,Paid
PS02742,M002365,PK030,2025-10-11,2026-10-11,Paid
PS02743,M000136,PK020,2025-04-10,2025-10-07,Paid
PS02744,M000523,PK034,2024-02-24,2025-02-23,Refunded
PS02745,M002119,PK029,2025-01-15,2026-01-15,Paid
PS02746,M002038,PK022,2024-10-16,2025-10-16,Paid
PS02747,M002108,PK013,2025-03-18,2025-09-14,Paid
PS02748,M001241,PK013,2025-03-31,2025-09-27,Paid
PS02749,M000326,PK027,2025-11-02,2026-11-02,Paid
PS02750,M001082,PK011,2024-05-12,2025-05-12,Paid
PS02751,M002029,PK034,2025-03-16,2026-03-16,Paid
PS02752,M002005,PK015,2024-10-26,2025-04-24,Paid
PS02753,M001013,PK032,2024-03-18,2025-03-18,Pending
PS02754,M001829,PK007,2025-02-22,2026-02-22,Pending
PS02755,M000307,PK016,2024-11-16,2025-05-15,Paid
PS02756,M000099,PK032,2024-06-09,2025-06-09,Paid
PS02757,M000858,PK027,2025-04-16,2026-04-16,Paid
PS02758,M000852,PK001,2024-08-07,2025-08-07,Paid
PS02759,M001962,PK026,2024-11-28,2025-11-28,Paid
PS02760,M000964,PK039,2024-05-04,2024-10-31,Paid
PS02761,M002410,PK021,2025-11-27,2026-11-27,Refunded
PS02762,M001853,PK039,2025-02-26,2025-08-25,Paid
PS02763,M002381,PK013,2025-07-24,2026-01-20,Paid
PS02764,M000453,PK013,2024-01-17,2024-07-15,Paid
PS02765,M001948,PK015,2025-09-12,2026-03-11,Paid
PS02766,M001231,PK030,2025-08-03,2026-08-03,Paid
PS02767,M001755,PK014,2024-02-22,2025-02-21,Paid
PS02768,M001119,PK023,2024-10-08,2025-04-06,Paid
PS02769,M001312,PK021,2025-07-20,2026-07-20,Pending
PS02770,M000991,PK037,2024-12-05,2025-06-03,Refunded
PS02771,M000529,PK026,2025-04-24,2026-04-24,Pending
PS02772,M001885,PK034,2024-01-16,2025-01-15,Paid
PS02773,M000624,PK002,2024-08-04,2025-08-04,Pending
PS02774,M001388,PK004,2024-11-13,2025-11-13,Paid
PS02775,M000156,PK023,2025-02-10,2025-08-09,Paid
PS02776,M002287,PK020,2025-12-28,2026-06-26,Paid
PS02777,M001655,PK034,2025-08-14,2026-08-14,Paid
PS02778,M002490,PK025,2025-02-02,2026-02-02,Paid
PS02779,M001264,PK027,2024-05-09,2025-05-09,Paid
PS02780,M000808,PK008,2025-08-08,2026-02-04,Paid
PS02781,M000821,PK032,2025-04-14,2026-04-14,Paid
PS02782,M001920,PK029,2025-11-28,2026-11-28,Paid
PS02783,M001649,PK005,2025-01-15,2025-07-14,Paid
PS02784,M000458,PK001,2024-11-19,2025-11-19,Paid
PS02785,M000767,PK024,2024-01-30,2025-01-29,Pending
PS02786,M001132,PK006,2025-02-22,2026-02-22,Paid
PS02787,M000079,PK040,2024-06-06,2025-06-06,Paid
PS02788,M002389,PK002,2024-07-18,2025-07-18,Refunded
PS02789,M001002,PK008,2024-12-04,2025-06-02,Paid
PS02790,M000329,PK021,2025-01-08,2026-01-08,Paid
PS02791,M000736,PK011,2024-09-02,2025-09-02,Paid
PS02792,M001544,PK035,2024-10-08,2025-10-08,Paid
PS02793,M002201,PK031,2025-11-30,2026-11-30,Paid
PS02794,M000119,PK030,2024-10-13,2025-10-13,Paid
PS02795,M000532,PK012,2024-07-21,2025-01-17,Paid
PS02796,M001918,PK001,2025-06-04,2026-06-04,Paid
PS02797,M002223,PK013,2024-02-14,2024-08-12,Pending
PS02798,M002160,PK038,2025-01-31,2026-01-31,Paid
PS02799,M002006,PK029,2024-07-09,2025-07-09,Paid
PS02800,M001825,PK001,2025-12-26,2026-12-26,Paid
PS02801,M000503,PK001,2025-12-17,2026-12-17,Paid
PS02802,M000810,PK039,2025-07-08,2026-01-04,Refunded
PS02803,M000917,PK002,2024-03-14,2025-03-14,Paid
PS02804,M002483,PK006,2024-01-15,2025-01-14,Paid
PS02805,M002013,PK035,2025-08-29,2026-08-29,Paid
PS02806,M001530,PK024,2024-01-08,2025-01-07,Paid
PS02807,M001086,PK005,2024-11-16,2025-05-15,Pending
PS02808,M001835,PK012,2024-07-10,2025-01-06,Paid
PS02809,M001424,PK036,2025-12-01,2026-05-30,Paid
PS02810,M002306,PK022,2024-12-07,2025-12-07,Paid
PS02811,M000714,PK004,2025-03-02,2026-03-02,Pending
PS02812,M001879,PK016,2025-05-30,2025-11-26,Pending
PS02813,M002101,PK034,2024-05-28,2025-05-28,Paid
PS02814,M001430,PK038,2024-02-22,2025-02-21,Paid
PS02815,M000948,PK028,2025-11-09,2026-11-09,Paid
PS02816,M002471,PK035,2025-06-09,2026-06-09,Paid
PS02817,M001798,PK028,2025-03-30,2026-03-30,Paid
PS02818,M000097,PK019,2024-03-14,2025-03-14,Refunded
PS02819,M002283,PK006,2024-10-05,2025-10-05,Paid
PS02820,M002460,PK020,2024-11-26,2025-05-25,Paid
PS02821,M000175,PK033,2024-11-15,2025-11-15,Paid
PS02822,M002192,PK003,2024-09-10,2025-09-10,Paid
PS02823,M000425,PK030,2024-09-02,2025-09-02,Paid
PS02824,M000013,PK039,2025-06-13,2025-12-10,Paid
PS02825,M000352,PK016,2024-02-20,2024-08-18,Paid
PS02826,M001279,PK026,2024-03-02,2025-03-02,Paid
PS02827,M002255,PK004,2025-02-08,2026-02-08,Paid
PS02828,M000629,PK015,2024-02-26,2024-08-24,Paid
PS02829,M000430,PK031,2025-07-17,2026-07-17,Paid
PS02830,M000477,PK006,2024-06-01,2025-06-01,Paid
PS02831,M000493,PK019,2025-11-14,2026-11-14,Paid
PS02832,M001828,PK011,2025-05-26,2026-05-26,Refunded
PS02833,M000840,PK008,2025-02-12,2025-08-11,Paid
PS02834,M001716,PK003,2024-08-28,2025-08-28,Pending
PS02835,M000078,PK009,2025-06-12,2026-06-12,Paid
PS02836,M002298,PK039,2025-01-18,2025-07-17,Paid
PS02837,M000737,PK029,2025-04-18,2026-04-18,Paid
PS02838,M000524,PK001,2024-08-15,2025-08-15,Paid
PS02839,M001025,PK030,2025-04-26,2026-04-26,Paid
PS02840,M000866,PK036,2024-05-20,2024-11-16,Paid
PS02841,M000140,PK025,2024-07-26,2025-07-26,Paid
PS02842,M001178,PK013,2024-12-26,2025-06-24,Paid
PS02843,M002111,PK019,2025-03-23,2026-03-23,Paid
PS02844,M002472,PK031,2025-09-06,2026-09-06,Pending
PS02845,M001231,PK040,2024-02-24,2025-02-23,Paid
PS02846,M001247,PK002,2024-03-15,2025-03-15,Paid
PS02847,M000889,PK030,2025-06-26,2026-06-26,Paid
PS02848,M001378,PK029,2025-03-13,2026-03-13,Paid
PS02849,M000107,PK003,2025-05-25,2026-05-25,Paid
PS02850,M001496,PK017,2025-04-30,2026-04-30,Paid
PS02851,M002288,PK004,2024-11-13,2025-11-13,Paid
PS02852,M000628,PK033,2024-09-19,2025-09-19,Paid
PS02853,M002171,PK034,2024-01-24,2025-01-23,Paid
PS02854,M000427,PK006,2024-05-09,2025-05-09,Paid
PS02855,M002330,PK037,2025-03-31,2025-09-27,Paid
PS02856,M001696,PK032,2024-05-27,2025-05-27,Paid
PS02857,M002304,PK008,2025-09-08,2026-03-07,Paid
PS02858,M000101,PK019,2025-02-14,2026-02-14,Paid
PS02859,M002436,PK020,2025-08-23,2026-02-19,Paid
PS02860,M002429,PK023,2025-12-08,2026-06-06,Paid
PS02861,M000779,PK002,2024-04-10,2025-04-10,Paid
PS02862,M000199,PK017,2025-10-10,2026-10-10,Paid
PS02863,M001778,PK035,2025-02-19,2026-02-19,Paid
PS02864,M000036,PK025,2024-04-14,2025-04-14,Refunded
PS02865,M002278,PK030,2024-03-17,2025-03-17,Paid
PS02866,M000205,PK023,2025-03-15,2025-09-11,Paid
PS02867,M000304,PK020,2025-07-11,2026-01-07,Paid
PS02868,M001399,PK009,2025-07-11,2026-07-11,Paid
PS02869,M001192,PK007,2025-06-04,2026-06-04,Paid
PS02870,M000122,PK027,2024-01-15,2025-01-14,Paid
PS02871,M001247,PK011,2025-09-02,2026-09-02,Paid
PS02872,M001488,PK020,2024-09-26,2025-03-25,Paid
PS02873,M000687,PK001,2025-08-01,2026-08-01,Paid
PS02874,M001461,PK024,2025-09-17,2026-09-17,Pending
PS02875,M002090,PK030,2024-11-15,2025-11-15,Pending
PS02876,M000034,PK023,2025-11-19,2026-05-18,Paid
PS02877,M000878,PK040,2025-08-23,2026-08-23,Paid
PS02878,M000438,PK003,2024-03-08,2025-03-08,Paid
PS02879,M000453,PK012,2024-04-18,2024-10-15,Paid
PS02880,M001631,PK002,2024-07-29,2025-07-29,Paid
PS02881,M002353,PK032,2025-06-03,2026-06-03,Pending
PS02882,M000481,PK005,2024-12-25,2025-06-23,Paid
PS02883,M002218,PK024,2024-09-10,2025-09-10,Paid
PS02884,M000588,PK017,2025-06-10,2026-06-10,Pending
PS02885,M000116,PK022,2024-10-31,2025-10-31,Pending
PS02886,M001398,PK013,2025-08-11,2026-02-07,Pending
PS02887,M000141,PK023,2024-04-13,2024-10-10,Paid
PS02888,M002236,PK015,2025-03-23,2025-09-19,Refunded
PS02889,M001861,PK028,2024-02-13,2025-02-12,Paid
PS02890,M002213,PK008,2024-01-18,2024-07-16,Paid
PS02891,M000693,PK011,2025-12-19,2026-12-19,Paid
PS02892,M001922,PK018,2024-06-24,2025-06-24,Paid
PS02893,M000902,PK010,2025-09-07,2026-09-07,Paid
PS02894,M002348,PK024,2025-04-26,2026-04-26,Paid
PS02895,M001860,PK026,2025-04-02,2026-04-02,Paid
PS02896,M001356,PK003,2025-02-28,2026-02-28,Paid
PS02897,M001263,PK027,2025-10-31,2026-10-31,Paid
PS02898,M002335,PK039,2024-04-12,2024-10-09,Refunded
PS02899,M000961,PK032,2024-07-09,2025-07-09,Paid
PS02900,M001837,PK012,2024-07-01,2024-12-28,Paid
PS02901,M002088,PK003,2024-07-05,2025-07-05,Paid
PS02902,M002357,PK004,2024-02-19,2025-02-18,Paid
PS02903,M000680,PK032,2025-09-04,2026-09-04,Paid
PS02904,M000112,PK015,2024-06-13,2024-12-10,Paid
PS02905,M000126,PK001,2025-12-26,2026-12-26,Paid
PS02906,M002052,PK008,2025-12-01,2026-05-30,Paid
PS02907,M002198,PK002,2025-12-01,2026-12-01,Paid
PS02908,M000914,PK008,2024-04-09,2024-10-06,Paid
PS02909,M000366,PK021,2025-10-25,2026-10-25,Paid
PS02910,M001836,PK005,2025-08-28,2026-02-24,Paid
PS02911,M000239,PK001,2024-08-10,2025-08-10,Pending
PS02912,M000881,PK035,2024-06-05,2025-06-05,Refunded
PS02913,M001320,PK029,2025-07-02,2026-07-02,Pending
PS02914,M000823,PK015,2025-06-09,2025-12-06,Paid
PS02915,M001234,PK037,2025-12-03,2026-06-01,Paid
PS02916,M000450,PK025,2025-04-30,2026-04-30,Paid
PS02917,M000362,PK036,2024-12-05,2025-06-03,Paid
PS02918,M000953,PK026,2025-07-26,2026-07-26,Paid
PS02919,M002243,PK006,2024-02-10,2025-02-09,Paid
PS02920,M000151,PK025,2024-11-11,2025-11-11,Paid
PS02921,M000361,PK027,2024-04-23,2025-04-23,Paid
PS02922,M000510,PK039,2024-11-05,2025-05-04,Paid
PS02923,M002330,PK022,2024-09-12,2025-09-12,Paid
PS02924,M002467,PK032,2024-03-03,2025-03-03,Paid
PS02925,M001292,PK034,2025-10-24,2026-10-24,Paid
PS02926,M001090,PK035,2025-01-19,2026-01-19,Paid
PS02927,M002248,PK034,2025-10-04,2026-10-04,Paid
PS02928,M000214,PK026,2024-07-22,2025-07-22,Paid
PS02929,M000172,PK001,2024-08-20,2025-08-20,Paid
PS02930,M001796,PK010,2025-04-29,2026-04-29,Paid
PS02931,M001082,PK021,2024-09-02,2025-09-02,Paid
PS02932,M001408,PK002,2024-11-10,2025-11-10,Refunded
PS02933,M000135,PK016,2025-01-12,2025-07-11,Paid
PS02934,M000395,PK018,2025-05-31,2026-05-31,Paid
PS02935,M000519,PK023,2024-10-11,2025-04-09,Paid
PS02936,M001065,PK037,2024-11-05,2025-05-04,Paid
PS02937,M001141,PK025,2024-08-11,2025-08-11,Paid
PS02938,M001016,PK032,2024-11-13,2025-11-13,Paid
PS02939,M000010,PK036,2024-03-03,2024-08-30,Paid
PS02940,M000941,PK008,2025-06-19,2025-12-16,Pending
PS02941,M001565,PK012,2025-04-27,2025-10-24,Paid
PS02942,M000862,PK028,2024-02-26,2025-02-25,Pending
PS02943,M001814,PK015,2024-06-06,2024-12-03,Paid
PS02944,M000036,PK032,2025-01-10,2026-01-10,Paid
PS02945,M000638,PK007,2024-01-29,2025-01-28,Paid
PS02946,M002074,PK034,2025-08-02,2026-08-02,Paid
PS02947,M001514,PK018,2025-09-06,2026-09-06,Paid
PS02948,M002155,PK025,2025-12-01,2026-12-01,Pending
PS02949,M001116,PK016,2024-05-28,2024-11-24,Paid
PS02950,M000826,PK035,2024-03-13,2025-03-13,Paid
PS02951,M001496,PK039,2024-05-09,2024-11-05,Paid
PS02952,M000151,PK003,2024-10-28,2025-10-28,Paid
PS02953,M002134,PK018,2024-03-30,2025-03-30,Paid
PS02954,M000179,PK024,2024-01-21,2025-01-20,Paid
PS02955,M001571,PK005,2024-05-04,2024-10-31,Pending
PS02956,M001593,PK007,2025-11-02,2026-11-02,Paid
PS02957,M000647,PK032,2025-08-01,2026-08-01,Pending
PS02958,M000326,PK028,2024-11-26,2025-11-26,Paid
PS02959,M001958,PK019,2024-05-12,2025-05-12,Paid
PS02960,M001457,PK003,2024-10-28,2025-10-28,Paid
PS02961,M002479,PK012,2024-06-25,2024-12-22,Paid
PS02962,M001065,PK014,2025-02-12,2026-02-12,Paid
PS02963,M000314,PK009,2025-02-13,2026-02-13,Paid
PS02964,M002463,PK014,2025-07-16,2026-07-16,Paid
PS02965,M001872,PK002,2024-06-09,2025-06-09,Paid
PS02966,M001745,PK031,2024-10-26,2025-10-26,Paid
PS02967,M001256,PK015,2024-08-25,2025-02-21,Paid
PS02968,M000239,PK015,2025-12-02,2026-05-31,Paid
PS02969,M002237,PK039,2024-01-25,2024-07-23,Paid
PS02970,M002102,PK001,2024-05-22,2025-05-22,Pending
PS02971,M000108,PK037,2025-01-16,2025-07-15,Pending
PS02972,M001073,PK018,2024-10-29,2025-10-29,Paid
PS02973,M002117,PK020,2025-01-08,2025-07-07,Pending
PS02974,M000375,PK020,2025-01-31,2025-07-30,Paid
PS02975,M001659,PK031,2024-04-25,2025-04-25,Pending
PS02976,M001813,PK030,2025-10-14,2026-10-14,Paid
PS02977,M002436,PK026,2025-12-15,2026-12-15,Paid
PS02978,M000239,PK005,2025-05-04,2025-10-31,Pending
PS02979,M001238,PK030,2024-11-29,2025-11-29,Paid
PS02980,M002322,PK006,2025-02-15,2026-02-15,Refunded
PS02981,M000082,PK035,2024-08-06,2025-08-06,Paid
PS02982,M000926,PK002,2024-12-05,2025-12-05,Paid
PS02983,M002226,PK023,2024-11-08,2025-05-07,Pending
PS02984,M002121,PK006,2025-07-16,2026-07-16,Paid
PS02985,M000154,PK006,2025-12-20,2026-12-20,Paid
PS02986,M000390,PK026,2025-06-23,2026-06-23,Paid
PS02987,M000495,PK005,2025-07-03,2025-12-30,Paid
PS02988,M002455,PK015,2024-09-15,2025-03-14,Paid
PS02989,M000054,PK021,2024-11-09,2025-11-09,Paid
PS02990,M002498,PK029,2025-04-20,2026-04-20,Paid
PS02991,M002171,PK016,2024-06-24,2024-12-21,Paid
PS02992,M002396,PK036,2024-06-05,2024-12-02,Paid
PS02993,M000752,PK004,2025-04-04,2026-04-04,Paid
PS02994,M002280,PK012,2025-10-05,2026-04-03,Paid
PS02995,M001567,PK002,2024-06-04,2025-06-04,Pending
PS02996,M001920,PK003,2024-11-06,2025-11-06,Paid
PS02997,M000175,PK015,2025-09-07,2026-03-06,Paid
PS02998,M000394,PK009,2025-01-30,2026-01-30,Paid
PS02999,M001988,PK007,2025-01-10,2026-01-10,Paid
PS03000,M001575,PK008,2025-10-30,2026-04-28,Refunded
