payment_id,bill_id,member_id,payment_date,payment_amount,payment_mode,payment_status
PA000001,BI000001,M000927,2025-12-22,2120.33,Debit Card,Success
PA000002,BI000002,M001197,2024-12-04,2754.57,Cash,Success
PA000003,BI000003,M000384,2024-10-19,2865.9,Credit Card,Success
PA000004,BI000004,M001254,2024-08-05,2389.26,,Success
PA000005,BI000005,M002346,2024-11-02,1631.31,Wallet,Success
PA000006,BI000006,M000411,2024-04-06,1425.81,,Success
PA000007,BI000007,M002017,2025-07-13,4196.34,Credit Card,Success
PA000008,BI000008,M000461,2025-10-23,4745.39,UPI,Success
PA000009,BI000009,M001564,2025-12-11,5168.74,Credit Card,Success
PA000010,BI000010,M001397,2024-04-04,685.03,Debit Card,Success
PA000011,BI000011,M001020,2025-10-24,2508.03,Net Banking,Success
PA000012,BI000012,M002413,2025-08-19,1449.42,Debit Card,Success
PA000013,BI000013,M000344,2024-05-18,3700.2,Wallet,Success
PA000014,BI000014,M001115,2025-08-03,2455.48,Net Banking,Success
PA000015,BI000015,M000912,2025-03-05,3589.76,UPI,Success
PA000016,BI000016,M001426,2024-01-15,1919.74,Debit Card,Success
PA000017,BI000017,M001660,2024-08-09,3688.24,Wallet,Success
PA000018,BI000018,M001621,2024-10-02,4366.14,UPI,Success
PA000019,BI000019,M001472,2025-10-10,1809.0,Net Banking,Success
PA000020,BI000020,M000429,2024-06-13,3994.71,Cash,Failed
PA000021,BI000021,M001329,2024-09-13,4912.74,Debit Card,Success
PA000022,BI000022,M002459,2025-04-23,749.62,UPI,Success
PA000023,BI000023,M000956,2024-07-11,1655.54,UPI,Success
PA000024,BI000024,M002463,2024-11-29,3649.18,Credit Card,Success
PA000025,BI000025,M002219,2024-11-27,3594.88,Cash,Success
PA000026,BI000026,M001907,2024-06-17,1938.47,Credit Card,Success
PA000027,BI000027,M001598,2025-10-16,1936.38,Credit Card,Success
PA000028,BI000028,M000414,2025-11-01,4658.33,Cash,Success
PA000029,BI000029,M001014,2024-10-01,4868.07,Wallet,Failed
PA000030,BI000030,M000786,2024-12-16,-5068.46,Cash,Failed
PA000031,BI000031,M002347,2024-01-27,4972.36,Debit Card,Failed
PA000032,BI000032,M000050,2025-12-24,3731.77,Debit Card,Success
PA000033,BI000033,M001481,2025-11-27,3080.2,Cash,Failed
PA000034,BI000034,M001021,2025-12-22,3385.93,Cash,Success
PA000035,BI000035,M001672,2024-11-19,4418.99,UPI,Success
PA000036,BI000036,M000698,2025-05-04,4490.19,UPI,Success
PA000037,BI000037,M000639,2024-10-25,5022.24,Wallet,Success
PA000038,BI000038,M000829,2024-08-24,2559.94,Net Banking,Failed
PA000039,BI000039,M001768,2024-01-26,4346.15,Net Banking,Success
PA000040,BI000040,M000265,2024-07-12,2213.09,UPI,Success
PA000041,BI000041,M000957,2025-07-10,821.28,Debit Card,Success
PA000042,BI000042,M000902,2024-10-30,4272.27,Debit Card,Success
PA000043,BI000043,M000061,2025-06-19,1607.62,Cash,Success
PA000044,BI000044,M001255,2025-02-15,4038.6,Wallet,Success
PA000045,BI000045,M001865,2024-02-22,1726.28,UPI,Success
PA000046,BI000046,M000765,2025-01-27,2750.12,Wallet,Success
PA000047,BI000047,M002023,2024-07-12,-2283.45,UPI,Failed
PA000048,BI000048,M002409,2024-03-05,4839.54,UPI,Success
PA000049,BI000049,M001725,2025-01-13,3952.05,Credit Card,Success
PA000050,BI000050,M002388,2025-09-20,3953.21,Net Banking,Success
PA000051,BI000051,M001033,2024-10-16,3144.95,Credit Card,Success
PA000052,BI000052,M000678,2024-12-16,5227.21,Cash,Success
PA000053,BI000053,M001267,2025-06-15,3517.25,UPI,Success
PA000054,BI000054,M000977,2024-03-21,3073.64,UPI,Failed
PA000055,BI000055,M001751,2025-05-03,-1993.76,Net Banking,Success
PA000056,BI000056,M002249,2025-10-20,1830.28,Debit Card,Success
PA000057,BI000057,M002157,2024-06-11,3829.21,Credit Card,Success
PA000058,BI000058,M001308,2024-12-21,1595.61,Net Banking,Success
PA000059,BI000059,M001478,2024-09-08,1188.57,Wallet,Failed
PA000060,BI000060,M001935,2025-04-08,2211.36,Wallet,Success
PA000061,BI000061,M001967,2025-06-24,2106.95,UPI,Success
PA000062,BI000062,M001564,2024-12-07,1910.05,Net Banking,Success
PA000063,BI000063,M000657,2025-10-27,1708.43,Net Banking,Success
PA000064,BI000064,M000132,2025-03-16,985.09,Net Banking,Success
PA000065,BI000065,M000142,2024-10-07,1556.23,UPI,Success
PA000066,BI000066,M000956,2024-07-11,3113.02,Net Banking,Success
PA000067,BI000067,M000252,2024-08-05,2690.72,Cash,Success
PA000068,BI000068,M001754,2024-01-02,1844.82,Net Banking,Success
PA000069,BI000069,M001893,2025-06-24,5196.32,Cash,Success
PA000070,BI000070,M002454,2024-06-26,2090.6,Cash,Success
PA000071,BI000071,M002444,2025-03-03,1748.69,UPI,Success
PA000072,BI000072,M000493,2025-05-06,2298.61,,Success
PA000073,BI000073,M000478,2024-07-03,2422.35,Cash,Success
PA000074,BI000074,M002064,2025-03-24,1742.51,UPI,Success
PA000075,BI000075,M001207,2024-09-12,1727.92,Credit Card,Success
PA000076,BI000076,M002044,2024-11-16,2848.49,UPI,Success
PA000077,BI000077,M001314,2024-02-01,2165.0,Wallet,Success
PA000078,BI000078,M001556,2024-07-29,2929.82,Debit Card,Success
PA000079,BI000079,M000526,2025-04-24,2933.16,Wallet,Success
PA000080,BI000080,M000829,2024-09-14,1530.29,Net Banking,Success
PA000081,BI000081,M001183,2024-03-27,1809.79,Wallet,Success
PA000082,BI000082,M002333,2024-05-13,3655.6,UPI,Success
PA000083,BI000083,M001039,2025-10-09,1877.79,UPI,Success
PA000084,BI000084,M001728,2024-02-27,4753.9,Debit Card,Success
PA000085,BI000085,M001197,2025-07-19,3099.39,Net Banking,Success
PA000086,BI000086,M000202,2025-08-13,4223.03,Credit Card,Success
PA000087,BI000087,M000209,2024-08-15,3869.67,Wallet,Success
PA000088,BI000088,M001673,2024-07-20,-4634.86,Net Banking,Success
PA000089,BI000089,M001218,2025-08-04,3637.93,Debit Card,Refunded
PA000090,BI000090,M001695,2024-12-06,2239.86,Net Banking,Success
PA000091,BI000091,M002143,2024-10-20,4649.52,Wallet,Success
PA000092,BI000092,M001669,2025-02-26,3146.52,Credit Card,Success
PA000093,BI000093,M001232,2024-10-19,4443.89,Debit Card,Success
PA000094,BI000094,M001662,2024-03-31,4730.57,,Success
PA000095,BI000095,M002140,2025-05-02,2351.99,Net Banking,Success
PA000096,BI000096,M000211,2025-05-19,3951.94,Cash,Success
PA000097,BI000097,M001064,2024-04-20,2225.89,Wallet,Success
PA000098,BI000098,M001009,2024-11-17,3688.16,Wallet,Success
PA000099,BI000099,M001366,2025-11-10,5377.81,Net Banking,Success
PA000100,BI000100,M001934,2025-05-27,1960.46,Net Banking,Success
PA000101,BI000101,M000193,2025-12-19,1514.16,Credit Card,Success
PA000102,BI000102,M002016,2024-10-31,3341.64,Net Banking,Success
PA000103,BI000103,M000477,2025-03-04,3785.11,Net Banking,Success
PA000104,BI000104,M000042,2024-10-29,2133.65,Wallet,Success
PA000105,BI000105,M002269,2024-07-19,4447.96,Cash,Success
PA000106,BI000106,M001758,2025-06-16,999.6,Debit Card,Success
PA000107,BI000107,M000480,2025-10-05,2434.65,Wallet,Success
PA000108,BI000108,M001175,2024-03-31,4935.4,Debit Card,Success
PA000109,BI000109,M002437,2025-12-22,2801.17,,Success
PA000110,BI000110,M000178,2025-10-10,4746.68,Net Banking,Success
PA000111,BI000111,M001705,2024-11-04,2587.34,UPI,Success
PA000112,BI000112,M000889,2024-10-11,5249.68,UPI,Success
PA000113,BI000113,M000711,2025-12-27,3605.38,Wallet,Success
PA000114,BI000114,M001688,2025-08-01,1769.61,UPI,Success
PA000115,BI000115,M000516,2025-12-12,1596.07,Credit Card,Success
PA000116,BI000116,M002016,2024-05-05,2030.21,Debit Card,Success
PA000117,BI000117,M001013,2024-12-05,3191.0,Cash,Success
PA000118,BI000118,M001790,2024-05-03,1322.7,UPI,Success
PA000119,BI000119,M001455,2025-08-04,1989.8,Debit Card,Success
PA000120,BI000120,M001855,2025-02-04,2824.06,Credit Card,Success
PA000121,BI000121,M000779,2025-06-11,2425.34,Wallet,Success
PA000122,BI000122,M002441,2024-08-04,2758.29,Cash,Success
PA000123,BI000123,M001049,2024-07-06,5141.79,Net Banking,Failed
PA000124,BI000124,M001163,2024-05-27,1085.68,Debit Card,Success
PA000125,BI000125,M002446,2024-12-18,2494.66,Wallet,Success
PA000126,BI000126,M000404,2024-06-16,2253.35,Net Banking,Success
PA000127,BI000127,M001902,2024-03-04,3829.46,UPI,Success
PA000128,BI000128,M000780,2024-09-27,2768.91,Credit Card,Success
PA000129,BI000129,M000713,2024-02-21,2310.13,Debit Card,Success
PA000130,BI000130,M001342,2024-06-09,5498.47,Credit Card,Success
PA000131,BI000131,M001551,2025-02-16,2295.38,Credit Card,Success
PA000132,BI000132,M000915,2024-02-13,3027.23,UPI,Success
PA000133,BI000133,M001773,2024-11-22,3718.39,Wallet,Success
PA000134,BI000134,M000150,2024-09-23,3463.35,Wallet,Success
PA000135,BI000135,M001549,2024-10-08,4431.64,Credit Card,Success
PA000136,BI000136,M001687,2024-03-08,2888.26,Net Banking,Success
PA000137,BI000137,M000454,2025-01-04,4847.75,Cash,Success
PA000138,BI000138,M001904,2024-07-17,2166.1,Net Banking,Success
PA000139,BI000139,M001303,2024-05-20,2638.67,Wallet,Success
PA000140,BI000140,M001656,2025-10-12,4411.08,Credit Card,Success
PA000141,BI000141,M001327,2024-01-12,-4978.46,Credit Card,Failed
PA000142,BI000142,M001237,2024-01-28,2228.04,UPI,Success
PA000143,BI000143,M001993,2024-09-15,2675.62,Wallet,Success
PA000144,BI000144,M001236,2025-03-25,4850.14,,Success
PA000145,BI000145,M001999,2024-08-08,5096.89,Debit Card,Success
PA000146,BI000146,M001822,2025-01-31,2820.71,Debit Card,Success
PA000147,BI000147,M001435,2024-11-03,3093.42,Net Banking,Success
PA000148,BI000148,M002090,2024-02-22,4744.02,Net Banking,Failed
PA000149,BI000149,M001033,2024-10-16,3230.33,Net Banking,Success
PA000150,BI000150,M001322,2024-10-17,3078.19,Wallet,Refunded
PA000151,BI000151,M000740,2025-12-03,3020.94,Cash,Success
PA000152,BI000152,M001541,2025-05-11,3425.16,Wallet,Success
PA000153,BI000153,M002390,2025-05-11,1815.77,Wallet,Success
PA000154,BI000154,M000230,2024-05-30,3376.89,Wallet,Success
PA000155,BI000155,M000997,2025-11-01,4317.74,Cash,Failed
PA000156,BI000156,M001626,2025-09-18,4786.54,Wallet,Success
PA000157,BI000157,M000780,2025-04-08,4812.49,Credit Card,Success
PA000158,BI000158,M000894,2025-07-20,2252.78,Debit Card,Success
PA000159,BI000159,M001360,2024-11-20,3598.47,Net Banking,Success
PA000160,BI000160,M002107,2025-09-19,2764.1,Credit Card,Success
PA000161,BI000161,M000810,2024-10-03,2433.04,UPI,Success
PA000162,BI000162,M002090,2025-11-05,3271.71,Net Banking,Success
PA000163,BI000163,M002067,2025-12-31,4308.55,UPI,Success
PA000164,BI000164,M000769,2024-05-30,2677.2,Credit Card,Success
PA000165,BI000165,M001141,2024-10-12,2346.19,Debit Card,Success
PA000166,BI000166,M000861,2025-10-03,1639.28,Net Banking,Success
PA000167,BI000167,M000427,2024-02-14,4341.35,Cash,Success
PA000168,BI000168,M000799,2025-05-07,1421.99,Wallet,Success
PA000169,BI000169,M001279,2025-07-31,3658.42,UPI,Success
PA000170,BI000170,M000619,2024-04-19,2459.82,UPI,Success
PA000171,BI000171,M000560,2024-01-20,3836.52,Net Banking,Success
PA000172,BI000172,M000383,2025-10-07,4346.65,UPI,Success
PA000173,BI000173,M002427,2025-08-13,3002.14,Cash,Success
PA000174,BI000174,M002104,2024-03-11,2977.94,Wallet,Success
PA000175,BI000175,M001027,2024-06-22,3810.5,Wallet,Success
PA000176,BI000176,M001621,2024-10-02,2303.96,Cash,Success
PA000177,BI000177,M000279,2025-12-18,4693.21,Net Banking,Success
PA000178,BI000178,M001254,2024-08-05,2349.15,Debit Card,Success
PA000179,BI000179,M001284,2024-12-30,4254.58,Net Banking,Success
PA000180,BI000180,M001145,2024-12-04,1904.12,Credit Card,Success
PA000181,BI000181,M002129,2024-05-14,3163.86,Cash,Success
PA000182,BI000182,M000374,2025-09-11,830.56,Cash,Success
PA000183,BI000183,M001236,2025-03-25,3743.17,Credit Card,Success
PA000184,BI000184,M000441,2024-06-14,3444.72,Debit Card,Success
PA000185,BI000185,M001350,2025-12-31,2056.45,Wallet,Success
PA000186,BI000186,M001930,2024-02-03,3016.56,Credit Card,Failed
PA000187,BI000187,M001441,2024-10-28,4451.46,Wallet,Success
PA000188,BI000188,M000745,2025-09-04,2949.69,Credit Card,Success
PA000189,BI000189,M000915,2025-03-23,2317.92,Debit Card,Success
PA000190,BI000190,M002435,2024-12-06,5309.51,Wallet,Success
PA000191,BI000191,M001170,2024-11-12,2457.7,UPI,Success
PA000192,BI000192,M000844,2024-06-08,4718.84,Net Banking,Success
PA000193,BI000193,M002216,2024-02-03,4329.08,Cash,Success
PA000194,BI000194,M001143,2024-08-04,1467.03,Wallet,Success
PA000195,BI000195,M001016,2024-09-04,5591.49,Wallet,Success
PA000196,BI000196,M000774,2024-04-10,2870.66,Cash,Success
PA000197,BI000197,M000140,2025-03-03,3455.71,UPI,Success
PA000198,BI000198,M002187,2025-07-12,3352.84,Net Banking,Success
PA000199,BI000199,M002085,2024-03-19,-4968.86,Net Banking,Success
PA000200,BI000200,M000639,2024-05-12,2405.57,Credit Card,Success
PA000201,BI000201,M001401,2024-07-15,2597.5,Wallet,Success
PA000202,BI000202,M000085,2025-03-04,1448.73,UPI,Success
PA000203,BI000203,M001672,2024-11-19,2129.08,Wallet,Success
PA000204,BI000204,M000088,2025-07-30,1509.06,Debit Card,Success
PA000205,BI000205,M000898,2025-10-14,4545.41,Cash,Success
PA000206,BI000206,M000328,2025-09-07,2714.42,Net Banking,Success
PA000207,BI000207,M001751,2025-05-03,4034.43,Net Banking,Success
PA000208,BI000208,M001943,2025-11-07,1181.41,Wallet,Success
PA000209,BI000209,M000786,2025-08-03,3777.95,Debit Card,Success
PA000210,BI000210,M000144,2025-03-25,1780.59,Debit Card,Success
PA000211,BI000211,M001001,2025-09-23,4150.96,UPI,Success
PA000212,BI000212,M000515,2025-08-21,4124.56,UPI,Success
PA000213,BI000213,M002216,2024-01-06,3901.18,Net Banking,Success
PA000214,BI000214,M001090,2024-09-09,2645.14,UPI,Success
PA000215,BI000215,M001725,2025-01-13,3411.15,,Success
PA000216,BI000216,M000916,2024-06-22,3277.01,UPI,Success
PA000217,BI000217,M001741,2025-08-12,3712.78,Wallet,Failed
PA000218,BI000218,M000527,2025-09-04,4907.04,Cash,Success
PA000219,BI000219,M000839,2024-04-15,3235.15,UPI,Success
PA000220,BI000220,M002006,2024-12-13,3317.78,UPI,Success
PA000221,BI000221,M000761,2024-05-08,2315.38,Wallet,Failed
PA000222,BI000222,M000787,2025-09-01,2317.8,Credit Card,Success
PA000223,BI000223,M002013,2024-09-21,1455.44,Net Banking,Success
PA000224,BI000224,M001870,2025-01-20,4612.99,Credit Card,Success
PA000225,BI000225,M000885,2025-11-12,3342.78,Wallet,Success
PA000226,BI000226,M000954,2025-10-31,2852.59,Cash,Success
PA000227,BI000227,M001883,2025-07-10,2823.87,Credit Card,Success
PA000228,BI000228,M001997,2024-04-30,1696.13,Credit Card,Success
PA000229,BI000229,M001607,2024-09-03,3222.33,Debit Card,Success
PA000230,BI000230,M001628,2025-06-28,4688.85,Debit Card,Success
PA000231,BI000231,M001377,2025-12-02,3371.31,Wallet,Success
PA000232,BI000232,M001717,2025-04-27,3386.94,Net Banking,Failed
PA000233,BI000233,M002130,2024-12-25,4780.55,Credit Card,Success
PA000234,BI000234,M000607,2024-04-23,3617.98,UPI,Success
PA000235,BI000235,M000100,2024-11-02,4146.77,Net Banking,Success
PA000236,BI000236,M001321,2024-09-26,2002.21,Credit Card,Success
PA000237,BI000237,M001005,2024-08-20,4513.11,Debit Card,Success
PA000238,BI000238,M001194,2025-09-01,5113.19,UPI,Success
PA000239,BI000239,M001507,2024-10-03,2246.11,Debit Card,Success
PA000240,BI000240,M001086,2024-02-13,1300.17,Cash,Success
PA000241,BI000241,M001353,2025-08-26,2891.4,Net Banking,Success
PA000242,BI000242,M000617,2025-07-01,3422.47,Wallet,Success
PA000243,BI000243,M001060,2024-02-24,4539.28,UPI,Success
PA000244,BI000244,M002367,2025-04-24,4747.5,Wallet,Success
PA000245,BI000245,M000215,2024-10-13,1747.66,Wallet,Success
PA000246,BI000246,M002302,2024-01-21,3042.88,,Success
PA000247,BI000247,M001798,2025-04-20,5332.66,Cash,Failed
PA000248,BI000248,M000638,2024-11-09,4984.5,UPI,Success
PA000249,BI000249,M001337,2025-09-01,1638.55,UPI,Failed
PA000250,BI000250,M001939,2025-12-20,2089.44,UPI,Success
PA000251,BI000251,M002429,2024-11-10,4097.14,Credit Card,Success
PA000252,BI000252,M001797,2024-12-13,4939.06,Debit Card,Success
PA000253,BI000253,M002135,2024-06-25,3644.38,Credit Card,Success
PA000254,BI000254,M001104,2024-09-22,3890.52,Credit Card,Failed
PA000255,BI000255,M002269,2024-08-09,3975.22,Net Banking,Failed
PA000256,BI000256,M000151,2025-01-25,4728.33,Credit Card,Success
PA000257,BI000257,M000425,2024-02-23,2583.08,Net Banking,Success
PA000258,BI000258,M001971,2025-01-04,2013.08,UPI,Success
PA000259,BI000259,M001401,2024-04-11,3352.2,Wallet,Success
PA000260,BI000260,M000349,2024-04-20,3358.86,Credit Card,Success
PA000261,BI000261,M000859,2025-12-30,4288.68,UPI,Success
PA000262,BI000262,M001712,2024-12-14,2892.26,Net Banking,Success
PA000263,BI000263,M001983,2025-02-01,3896.5,UPI,Success
PA000264,BI000264,M000632,2025-01-10,2754.2,UPI,Success
PA000265,BI000265,M002112,2025-11-07,3320.9,Cash,Success
PA000266,BI000266,M001756,2025-12-24,4893.93,Wallet,Success
PA000267,BI000267,M000915,2024-01-06,3309.19,Wallet,Success
PA000268,BI000268,M001854,2024-04-24,3177.34,Cash,Success
PA000269,BI000269,M001585,2025-09-07,2784.73,Credit Card,Refunded
PA000270,BI000270,M001228,2025-07-26,1002.08,Cash,Success
PA000271,BI000271,M000990,2025-05-14,2736.33,Debit Card,Success
PA000272,BI000272,M001113,2024-07-28,2895.39,Net Banking,Success
PA000273,BI000273,M002008,2024-08-12,3027.27,Wallet,Success
PA000274,BI000274,M000866,2024-04-02,5138.56,Net Banking,Success
PA000275,BI000275,M002344,2024-04-05,4048.16,Cash,Success
PA000276,BI000276,M001563,2025-05-24,2331.28,Wallet,Success
PA000277,BI000277,M001538,2024-09-22,2552.24,Net Banking,Success
PA000278,BI000278,M001027,2025-03-03,2147.29,Credit Card,Success
PA000279,BI000279,M001717,2025-04-27,1627.32,Wallet,Success
PA000280,BI000280,M000423,2024-05-07,3041.3,Credit Card,Success
PA000281,BI000281,M002291,2025-07-07,4825.98,Debit Card,Success
PA000282,BI000282,M000186,2025-12-10,4087.03,UPI,Success
PA000283,BI000283,M000936,2024-05-16,3436.0,Net Banking,Success
PA000284,BI000284,M001292,2024-12-30,3051.71,Net Banking,Failed
PA000285,BI000285,M001071,2024-02-14,1698.87,Wallet,Success
PA000286,BI000286,M001914,2025-10-28,1995.28,Debit Card,Refunded
PA000287,BI000287,M002174,2025-03-14,3010.31,Debit Card,Failed
PA000288,BI000288,M000826,2025-08-04,3578.01,Debit Card,Success
PA000289,BI000289,M000616,2024-05-01,3994.02,Debit Card,Success
PA000290,BI000290,M001336,2025-09-24,4594.77,Cash,Success
PA000291,BI000291,M002047,2024-04-08,2950.08,Cash,Failed
PA000292,BI000292,M002237,2025-12-08,2829.26,Net Banking,Success
PA000293,BI000293,M001672,2024-05-12,3554.87,Debit Card,Success
PA000294,BI000294,M000437,2024-02-01,3009.06,UPI,Success
PA000295,BI000295,M001514,2025-04-03,1382.75,Credit Card,Success
PA000296,BI000296,M001661,2024-02-05,3706.35,Net Banking,Success
PA000297,BI000297,M001484,2024-08-25,1142.77,Credit Card,Success
PA000298,BI000298,M001413,2025-02-04,3449.57,Wallet,Success
PA000299,BI000299,M002365,2024-07-16,2949.55,Debit Card,Success
PA000300,BI000300,M002013,2024-09-21,4559.93,Net Banking,Failed
PA000301,BI000301,M000472,2024-03-01,3464.44,Credit Card,Success
PA000302,BI000302,M001336,2025-04-17,4501.93,Cash,Success
PA000303,BI000303,M000916,2024-04-04,4880.63,Net Banking,Success
PA000304,BI000304,M001920,2025-11-12,2065.63,UPI,Success
PA000305,BI000305,M001292,2025-12-22,2159.2,Net Banking,Success
PA000306,BI000306,M002064,2024-10-22,4081.49,Debit Card,Success
PA000307,BI000307,M002415,2025-04-22,1411.18,Credit Card,Failed
PA000308,BI000308,M001138,2025-03-27,3529.38,Net Banking,Failed
PA000309,BI000309,M001086,2025-06-18,2544.77,UPI,Success
PA000310,BI000310,M001259,2024-04-28,2535.57,Wallet,Success
PA000311,BI000311,M000007,2025-06-24,4261.82,Debit Card,Success
PA000312,BI000312,M000759,2025-04-01,4768.4,Debit Card,Success
PA000313,BI000313,M002169,2025-08-30,1813.43,,Failed
PA000314,BI000314,M001958,2024-05-07,2879.27,Credit Card,Success
PA000315,BI000315,M000470,2024-02-03,1792.15,UPI,Success
PA000316,BI000316,M002359,2025-04-01,4111.29,Cash,Success
PA000317,BI000317,M000769,2024-05-30,2259.42,Wallet,Success
PA000318,BI000318,M001566,2024-03-15,3602.71,Credit Card,Success
PA000319,BI000319,M001554,2024-04-07,3689.25,Wallet,Success
PA000320,BI000320,M001206,2025-02-26,1940.89,Cash,Success
PA000321,BI000321,M000446,2024-10-07,2999.83,Wallet,Success
PA000322,BI000322,M000915,2025-05-21,4677.99,Net Banking,Success
PA000323,BI000323,M001141,2024-10-12,2076.28,Cash,Failed
PA000324,BI000324,M001707,2025-08-01,1819.49,Debit Card,Success
PA000325,BI000325,M001803,2025-04-10,2894.84,Debit Card,Success
PA000326,BI000326,M000287,2025-03-30,2750.27,Wallet,Success
PA000327,BI000327,M001555,2024-05-09,3658.49,Credit Card,Success
PA000328,BI000328,M001645,2024-07-15,1826.48,Net Banking,Success
PA000329,BI000329,M000303,2025-03-15,2868.96,Wallet,Success
PA000330,BI000330,M001539,2025-09-16,4918.02,Wallet,Success
PA000331,BI000331,M002044,2024-11-16,4019.38,UPI,Success
PA000332,BI000332,M001218,2025-07-11,3882.1,Net Banking,Failed
PA000333,BI000333,M000071,2024-08-13,1214.79,Cash,Success
PA000334,BI000334,M002266,2025-01-16,1997.08,Wallet,Success
PA000335,BI000335,M000991,2024-11-30,3136.15,Debit Card,Failed
PA000336,BI000336,M001964,2024-12-06,4865.95,Debit Card,Failed
PA000337,BI000337,M000915,2025-05-21,4511.69,Cash,Success
PA000338,BI000338,M000274,2025-11-24,3998.14,Net Banking,Success
PA000339,BI000339,M001071,2024-12-12,3378.85,Net Banking,Success
PA000340,BI000340,M001151,2025-12-30,2796.35,UPI,Success
PA000341,BI000341,M001826,2025-05-03,2622.38,Net Banking,Success
PA000342,BI000342,M000644,2024-02-09,3627.55,Credit Card,Success
PA000343,BI000343,M001376,2024-03-29,2740.9,Net Banking,Success
PA000344,BI000344,M000369,2025-07-17,4634.61,Net Banking,Success
PA000345,BI000345,M001654,2024-03-26,2272.43,Cash,Success
PA000346,BI000346,M000370,2025-10-27,2297.77,Cash,Success
PA000347,BI000347,M002452,2025-03-11,4129.85,Cash,Success
PA000348,BI000348,M000477,2025-04-09,2609.29,Debit Card,Success
PA000349,BI000349,M002435,2025-08-01,1366.56,Debit Card,Success
PA000350,BI000350,M001700,2025-07-16,2105.1,Wallet,Success
PA000351,BI000351,M002374,2024-12-10,4074.61,Credit Card,Success
PA000352,BI000352,M002440,2024-10-28,4048.21,Net Banking,Success
PA000353,BI000353,M002087,2024-12-09,2211.64,Credit Card,Failed
PA000354,BI000354,M000954,2025-10-31,3586.77,Credit Card,Success
PA000355,BI000355,M000431,2025-05-06,2470.64,Net Banking,Success
PA000356,BI000356,M000529,2024-08-14,2987.78,Debit Card,Success
PA000357,BI000357,M000325,2024-12-15,2403.93,Wallet,Success
PA000358,BI000358,M001935,2025-09-22,2153.48,Cash,Success
PA000359,BI000359,M001749,2024-11-28,2820.59,Net Banking,Success
PA000360,BI000360,M002181,2025-05-28,2806.84,Credit Card,Success
PA000361,BI000361,M001147,2025-11-05,2260.89,Credit Card,Success
PA000362,BI000362,M000777,2024-07-26,2777.68,Net Banking,Failed
PA000363,BI000363,M000136,2024-07-20,2796.58,Wallet,Success
PA000364,BI000364,M001611,2024-04-09,3805.19,Credit Card,Success
PA000365,BI000365,M000334,2025-08-04,5144.07,,Success
PA000366,BI000366,M000915,2024-01-06,3123.8,Credit Card,Success
PA000367,BI000367,M000498,2024-02-03,-2773.36,,Success
PA000368,BI000368,M001381,2024-03-10,2922.67,Credit Card,Success
PA000369,BI000369,M000556,2024-06-11,3545.53,Net Banking,Success
PA000370,BI000370,M000211,2025-06-17,3934.31,Wallet,Success
PA000371,BI000371,M001707,2025-10-11,1991.21,Debit Card,Success
PA000372,BI000372,M001255,2024-08-25,1379.79,Credit Card,Success
PA000373,BI000373,M000230,2024-01-21,2785.46,Debit Card,Success
PA000374,BI000374,M002147,2025-05-30,2210.17,UPI,Success
PA000375,BI000375,M000822,2024-01-18,3148.0,Net Banking,Failed
PA000376,BI000376,M000594,2024-11-02,4966.99,Net Banking,Success
PA000377,BI000377,M001910,2024-01-21,1852.1,Net Banking,Success
PA000378,BI000378,M002266,2025-05-03,-2302.73,UPI,Success
PA000379,BI000379,M000997,2024-12-10,5190.95,Wallet,Success
PA000380,BI000380,M000844,2024-06-08,2759.81,UPI,Failed
PA000381,BI000381,M001666,2025-09-12,2052.97,,Success
PA000382,BI000382,M001286,2024-04-09,4384.84,Debit Card,Success
PA000383,BI000383,M000990,2024-05-02,3459.55,Cash,Success
PA000384,BI000384,M001834,2024-08-15,4426.69,Debit Card,Success
PA000385,BI000385,M000273,2024-11-12,3979.36,Cash,Success
PA000386,BI000386,M000632,2024-04-07,2185.76,Credit Card,Success
PA000387,BI000387,M000796,2025-06-20,4916.37,Debit Card,Success
PA000388,BI000388,M001590,2025-03-04,3092.88,Credit Card,Success
PA000389,BI000389,M001738,2025-07-13,879.78,Wallet,Success
PA000390,BI000390,M000683,2024-12-10,3883.13,Credit Card,Success
PA000391,BI000391,M000960,2024-09-28,2183.17,Wallet,Success
PA000392,BI000392,M001021,2024-04-17,4375.68,Wallet,Success
PA000393,BI000393,M001147,2025-11-05,2211.13,Cash,Success
PA000394,BI000394,M001529,2024-07-09,3911.94,Debit Card,Success
PA000395,BI000395,M000288,2024-04-22,1715.76,Debit Card,Success
PA000396,BI000396,M000397,2025-07-07,3323.24,Credit Card,Success
PA000397,BI000397,M000424,2025-12-17,1021.56,UPI,Success
PA000398,BI000398,M001138,2024-05-27,3642.14,Wallet,Success
PA000399,BI000399,M001996,2025-04-25,4619.71,Net Banking,Success
PA000400,BI000400,M001393,2025-04-28,3504.2,Debit Card,Success
PA000401,BI000401,M001148,2025-09-10,2340.59,Net Banking,Success
PA000402,BI000402,M001843,2024-08-29,4751.57,Credit Card,Success
PA000403,BI000403,M000950,2024-06-24,3069.11,UPI,Success
PA000404,BI000404,M001502,2025-09-30,5014.89,Wallet,Success
PA000405,BI000405,M002044,2025-12-31,3863.0,,Success
PA000406,BI000406,M001834,2024-08-15,1883.2,Credit Card,Success
PA000407,BI000407,M000140,2025-03-14,5054.51,Wallet,Success
PA000408,BI000408,M001226,2024-02-16,5353.9,Net Banking,Success
PA000409,BI000409,M000835,2024-10-22,4283.36,Net Banking,Refunded
PA000410,BI000410,M000507,2025-03-08,5409.47,UPI,Success
PA000411,BI000411,M000922,2025-01-18,2219.61,Credit Card,Success
PA000412,BI000412,M001271,2025-03-29,2707.15,Net Banking,Success
PA000413,BI000413,M000443,2024-07-18,2290.03,Wallet,Success
PA000414,BI000414,M001569,2024-10-04,4473.4,Wallet,Success
PA000415,BI000415,M002350,2024-08-14,4316.19,Debit Card,Success
PA000416,BI000416,M001893,2024-06-14,2546.72,UPI,Failed
PA000417,BI000417,M000627,2024-12-30,3346.64,Net Banking,Success
PA000418,BI000418,M002363,2025-01-08,4640.86,Credit Card,Success
PA000419,BI000419,M000845,2024-10-16,2662.96,Debit Card,Success
PA000420,BI000420,M000425,2024-12-15,2983.47,UPI,Success
PA000421,BI000421,M000269,2024-01-20,4425.55,Debit Card,Success
PA000422,BI000422,M002064,2025-08-08,4210.63,Wallet,Success
PA000423,BI000423,M002244,2024-04-04,1313.9,Credit Card,Success
PA000424,BI000424,M001610,2025-03-11,3369.26,Credit Card,Success
PA000425,BI000425,M000802,2025-08-06,2304.63,Cash,Success
PA000426,BI000426,M002335,2025-05-14,1805.83,Credit Card,Success
PA000427,BI000427,M001126,2025-12-18,2848.24,Net Banking,Success
PA000428,BI000428,M001587,2024-08-19,1926.14,UPI,Success
PA000429,BI000429,M001918,2024-05-06,5169.89,UPI,Success
PA000430,BI000430,M002429,2024-11-10,3912.33,Debit Card,Success
PA000431,BI000431,M001983,2025-02-01,2902.67,Wallet,Success
PA000432,BI000432,M001882,2025-08-01,3941.74,Credit Card,Success
PA000433,BI000433,M002030,2025-12-29,3243.3,,Success
PA000434,BI000434,M000751,2024-01-02,1690.86,Wallet,Success
PA000435,BI000435,M000006,2024-02-14,1877.59,UPI,Success
PA000436,BI000436,M000042,2024-07-15,521.01,Wallet,Success
PA000437,BI000437,M000619,2024-04-19,4421.08,Credit Card,Success
PA000438,BI000438,M002252,2025-07-03,4082.83,Wallet,Success
PA000439,BI000439,M000157,2025-07-21,3094.02,Credit Card,Success
PA000440,BI000440,M000767,2025-08-29,2175.09,Debit Card,Success
PA000441,BI000441,M001784,2025-10-05,2521.23,Cash,Success
PA000442,BI000442,M002265,2025-07-21,5725.49,Wallet,Failed
PA000443,BI000443,M001704,2024-12-28,4951.22,Credit Card,Success
PA000444,BI000444,M001020,2025-10-24,3078.69,Debit Card,Success
PA000445,BI000445,M001329,2025-02-07,3722.25,Credit Card,Success
PA000446,BI000446,M000239,2025-05-25,4135.51,Cash,Success
PA000447,BI000447,M002103,2024-04-07,3933.95,Wallet,Success
PA000448,BI000448,M000856,2024-06-09,3607.16,Wallet,Success
PA000449,BI000449,M002387,2024-05-31,2372.54,Cash,Success
PA000450,BI000450,M002481,2025-11-15,2690.76,Net Banking,Success
PA000451,BI000451,M001412,2024-03-22,3128.67,Credit Card,Success
PA000452,BI000452,M000303,2025-03-04,3893.55,UPI,Success
PA000453,BI000453,M002361,2024-08-07,3058.12,Cash,Success
PA000454,BI000454,M001556,2024-07-09,3968.16,Net Banking,Success
PA000455,BI000455,M001750,2024-10-24,1826.23,Cash,Success
PA000456,BI000456,M000494,2025-11-15,3568.63,Credit Card,Success
PA000457,BI000457,M000173,2024-06-02,3222.48,Wallet,Success
PA000458,BI000458,M001095,2024-05-09,2873.3,Wallet,Success
PA000459,BI000459,M002402,2024-12-26,3441.49,UPI,Success
PA000460,BI000460,M001094,2024-09-30,3403.39,Cash,Success
PA000461,BI000461,M000457,2024-07-18,1599.65,Cash,Success
PA000462,BI000462,M000607,2025-07-11,3541.56,Credit Card,Success
PA000463,BI000463,M002397,2025-06-28,3566.87,,Success
PA000464,BI000464,M001802,2024-01-01,3178.39,Credit Card,Success
PA000465,BI000465,M000103,2025-10-09,1095.35,Debit Card,Success
PA000466,BI000466,M000324,2024-09-30,1752.86,Credit Card,Success
PA000467,BI000467,M000351,2025-02-11,5347.58,Wallet,Success
PA000468,BI000468,M001961,2025-12-18,5485.79,Cash,Success
PA000469,BI000469,M000280,2025-01-07,4198.33,Cash,Success
PA000470,BI000470,M001676,2024-08-05,3205.97,,Failed
PA000471,BI000471,M000881,2025-03-30,3146.36,UPI,Success
PA000472,BI000472,M000569,2024-02-05,4556.27,Cash,Success
PA000473,BI000473,M000558,2024-06-21,2509.68,UPI,Success
PA000474,BI000474,M001645,2024-07-15,4022.29,Wallet,Success
PA000475,BI000475,M001912,2024-11-08,3481.61,Net Banking,Failed
PA000476,BI000476,M000932,2025-06-03,1631.73,UPI,Success
PA000477,BI000477,M002129,2024-05-14,-1619.57,Debit Card,Success
PA000478,BI000478,M001902,2025-06-27,4709.0,Wallet,Success
PA000479,BI000479,M002029,2024-03-05,2077.69,Wallet,Success
PA000480,BI000480,M001751,2025-07-29,2095.18,Credit Card,Success
PA000481,BI000481,M001149,2024-04-23,1079.22,Cash,Success
PA000482,BI000482,M001284,2024-12-30,3737.55,Cash,Success
PA000483,BI000483,M001734,2025-04-08,2678.1,UPI,Success
PA000484,BI000484,M000661,2024-10-22,3365.38,,Success
PA000485,BI000485,M000141,2024-06-01,2816.26,Cash,Success
PA000486,BI000486,M000989,2024-04-02,4260.9,Debit Card,Success
PA000487,BI000487,M000182,2025-07-16,4285.74,Net Banking,Success
PA000488,BI000488,M000311,2025-10-23,2553.99,Cash,Success
PA000489,BI000489,M001827,2024-10-12,2885.03,,Success
PA000490,BI000490,M000577,2024-09-17,2825.84,Credit Card,Success
PA000491,BI000491,M001509,2024-03-19,2979.78,Wallet,Failed
PA000492,BI000492,M001785,2024-11-09,2148.16,Cash,Success
PA000493,BI000493,M001332,2024-08-17,2669.6,Credit Card,Success
PA000494,BI000494,M001651,2025-07-18,2790.76,UPI,Failed
PA000495,BI000495,M000301,2025-09-11,4429.4,Cash,Success
PA000496,BI000496,M000443,2024-05-01,3769.16,Wallet,Success
PA000497,BI000497,M001176,2024-08-29,3723.12,Wallet,Success
PA000498,BI000498,M001803,2024-09-14,2463.29,Credit Card,Success
PA000499,BI000499,M001692,2024-06-05,2533.05,Cash,Success
PA000500,BI000500,M000498,2024-12-20,5826.32,Debit Card,Success
PA000501,BI000501,M002145,2025-11-29,3866.09,Credit Card,Success
PA000502,BI000502,M000479,2025-03-06,3768.13,Wallet,Success
PA000503,BI000503,M000084,2024-09-16,5835.35,Debit Card,Success
PA000504,BI000504,M002359,2024-05-31,3064.05,Net Banking,Failed
PA000505,BI000505,M000477,2025-04-09,3803.7,Net Banking,Success
PA000506,BI000506,M000990,2025-09-02,3340.59,,Success
PA000507,BI000507,M001665,2024-12-03,-5139.29,Net Banking,Success
PA000508,BI000508,M000671,2025-02-19,1634.23,Credit Card,Success
PA000509,BI000509,M002247,2024-12-01,5157.5,Net Banking,Success
PA000510,BI000510,M001162,2024-07-05,2284.58,,Success
PA000511,BI000511,M000711,2024-04-12,2446.95,Net Banking,Success
PA000512,BI000512,M000215,2025-02-05,4023.9,Cash,Success
PA000513,BI000513,M001569,2024-06-10,3696.26,UPI,Success
PA000514,BI000514,M001199,2024-08-18,2275.79,,Success
PA000515,BI000515,M000041,2024-09-01,2008.1,Debit Card,Success
PA000516,BI000516,M000981,2025-07-16,1877.15,Wallet,Success
PA000517,BI000517,M000035,2025-11-25,2570.39,Debit Card,Success
PA000518,BI000518,M001150,2024-12-29,3800.84,Wallet,Success
PA000519,BI000519,M000716,2024-07-12,2542.47,,Success
PA000520,BI000520,M001068,2024-03-24,3696.5,Debit Card,Success
PA000521,BI000521,M000597,2024-05-27,2114.26,Debit Card,Success
PA000522,BI000522,M002069,2025-10-14,2803.21,Wallet,Success
PA000523,BI000523,M000990,2025-09-12,4511.11,Debit Card,Success
PA000524,BI000524,M001005,2025-11-28,2190.01,UPI,Success
PA000525,BI000525,M001940,2024-01-16,2940.57,,Success
PA000526,BI000526,M001568,2024-12-15,3516.32,Credit Card,Success
PA000527,BI000527,M001839,2025-10-07,2997.67,Credit Card,Success
PA000528,BI000528,M000405,2024-05-25,5729.51,UPI,Success
PA000529,BI000529,M000576,2025-10-20,2649.58,Net Banking,Success
PA000530,BI000530,M000378,2024-06-26,5056.18,Credit Card,Success
PA000531,BI000531,M000800,2025-02-15,2335.86,Credit Card,Success
PA000532,BI000532,M000173,2024-06-02,4496.0,Credit Card,Success
PA000533,BI000533,M002044,2024-11-16,2494.38,Wallet,Success
PA000534,BI000534,M001733,2024-10-25,2191.09,Debit Card,Success
PA000535,BI000535,M001779,2024-10-29,2353.81,Wallet,Success
PA000536,BI000536,M000166,2025-12-06,2019.07,UPI,Failed
PA000537,BI000537,M000940,2024-10-24,2220.13,Wallet,Success
PA000538,BI000538,M000753,2025-06-05,1201.06,Debit Card,Refunded
PA000539,BI000539,M001954,2024-05-26,2060.3,Cash,Success
PA000540,BI000540,M000624,2024-02-11,1859.63,Net Banking,Success
PA000541,BI000541,M002377,2024-07-03,2777.02,Debit Card,Success
PA000542,BI000542,M000223,2024-07-02,4438.32,Wallet,Success
PA000543,BI000543,M001705,2024-06-24,2096.9,Wallet,Success
PA000544,BI000544,M002157,2025-08-10,3467.36,UPI,Refunded
PA000545,BI000545,M001109,2024-08-29,1055.0,Net Banking,Success
PA000546,BI000546,M000505,2025-06-09,1388.04,UPI,Success
PA000547,BI000547,M002337,2025-08-09,4601.48,Cash,Success
PA000548,BI000548,M000053,2025-06-06,2402.08,Cash,Success
PA000549,BI000549,M000902,2025-02-01,1615.26,Credit Card,Success
PA000550,BI000550,M002128,2024-01-14,4861.13,Wallet,Success
PA000551,BI000551,M002079,2025-09-11,2694.81,Cash,Success
PA000552,BI000552,M001817,2024-01-20,3486.68,Credit Card,Refunded
PA000553,BI000553,M001421,2024-08-04,2250.0,Debit Card,Success
PA000554,BI000554,M002499,2025-04-11,3847.44,Wallet,Success
PA000555,BI000555,M000633,2025-10-31,3749.46,Net Banking,Success
PA000556,BI000556,M000795,2025-07-14,4999.25,UPI,Success
PA000557,BI000557,M000081,2025-10-26,1997.98,Wallet,Success
PA000558,BI000558,M000738,2025-12-20,3832.85,Wallet,Success
PA000559,BI000559,M000839,2024-06-16,4049.58,UPI,Success
PA000560,BI000560,M001144,2025-07-04,2766.04,UPI,Success
PA000561,BI000561,M000540,2025-08-06,3852.02,Net Banking,Success
PA000562,BI000562,M001461,2025-08-09,4644.82,,Success
PA000563,BI000563,M000391,2024-09-21,2142.98,Wallet,Success
PA000564,BI000564,M001999,2024-08-08,710.05,Debit Card,Success
PA000565,BI000565,M000781,2024-04-22,2106.18,Wallet,Success
PA000566,BI000566,M001449,2025-01-15,4549.7,Net Banking,Success
PA000567,BI000567,M002290,2024-03-13,2078.01,UPI,Success
PA000568,BI000568,M002481,2024-11-18,2607.25,Cash,Failed
PA000569,BI000569,M000215,2025-04-13,2723.46,Debit Card,Success
PA000570,BI000570,M001001,2024-01-31,2634.35,Cash,Success
PA000571,BI000571,M000014,2025-03-15,5076.56,Cash,Success
PA000572,BI000572,M000648,2025-12-22,3346.11,Debit Card,Refunded
PA000573,BI000573,M000743,2025-03-24,4191.69,Wallet,Success
PA000574,BI000574,M000972,2025-10-15,2246.04,Debit Card,Success
PA000575,BI000575,M001555,2025-01-04,4066.23,Credit Card,Failed
PA000576,BI000576,M000416,2025-06-11,4239.52,,Success
PA000577,BI000577,M000715,2025-03-22,3376.94,Cash,Success
PA000578,BI000578,M000730,2024-04-17,2430.9,Net Banking,Success
PA000579,BI000579,M001802,2024-01-01,2334.37,UPI,Failed
PA000580,BI000580,M000206,2024-09-30,2884.21,UPI,Success
PA000581,BI000581,M001355,2025-06-04,-4156.26,Net Banking,Success
PA000582,BI000582,M000950,2025-02-21,5113.16,UPI,Success
PA000583,BI000583,M000146,2024-11-09,4023.77,Credit Card,Success
PA000584,BI000584,M002127,2025-08-08,5662.42,Debit Card,Success
PA000585,BI000585,M000777,2025-12-21,4100.18,Wallet,Success
PA000586,BI000586,M001054,2024-08-10,3899.45,Cash,Success
PA000587,BI000587,M000986,2024-12-02,3958.87,UPI,Success
PA000588,BI000588,M001277,2024-10-16,3750.64,Debit Card,Success
PA000589,BI000589,M001555,2024-08-28,2100.84,Credit Card,Success
PA000590,BI000590,M000922,2025-04-19,1687.97,Net Banking,Success
PA000591,BI000591,M001847,2025-11-23,3053.61,Credit Card,Success
PA000592,BI000592,M000992,2024-04-30,3600.67,UPI,Failed
PA000593,BI000593,M001232,2025-02-22,4086.11,Net Banking,Success
PA000594,BI000594,M000234,2024-04-28,2573.37,Credit Card,Success
PA000595,BI000595,M001215,2025-05-11,2967.45,Credit Card,Success
PA000596,BI000596,M000934,2025-09-09,3299.31,Wallet,Success
PA000597,BI000597,M000891,2025-12-28,1167.83,Credit Card,Success
PA000598,BI000598,M000440,2025-09-18,5179.27,Cash,Success
PA000599,BI000599,M002457,2025-05-02,4514.41,Credit Card,Success
PA000600,BI000600,M001574,2024-06-16,1854.15,Net Banking,Success
PA000601,BI000601,M000710,2025-12-18,5471.36,Wallet,Success
PA000602,BI000602,M001080,2025-09-15,3666.37,Credit Card,Success
PA000603,BI000603,M000156,2025-09-10,4388.19,Debit Card,Success
PA000604,BI000604,M001466,2025-09-28,4905.07,Wallet,Success
PA000605,BI000605,M001338,2024-07-15,3851.33,Debit Card,Failed
PA000606,BI000606,M000485,2024-02-13,3209.62,UPI,Success
PA000607,BI000607,M000779,2025-06-11,2837.07,UPI,Failed
PA000608,BI000608,M000530,2025-12-21,4625.11,Cash,Success
PA000609,BI000609,M001037,2025-04-05,2309.34,Wallet,Success
PA000610,BI000610,M000897,2025-12-17,4587.47,Net Banking,Success
PA000611,BI000611,M002130,2025-04-12,4336.78,Credit Card,Success
PA000612,BI000612,M000826,2024-02-14,3479.28,Net Banking,Success
PA000613,BI000613,M001342,2024-01-26,2627.83,Wallet,Success
PA000614,BI000614,M001076,2025-05-24,2176.76,Net Banking,Success
PA000615,BI000615,M000754,2025-01-18,2798.1,Credit Card,Success
PA000616,BI000616,M000866,2025-07-14,2470.96,Credit Card,Success
PA000617,BI000617,M000719,2024-06-16,2450.94,,Success
PA000618,BI000618,M000364,2024-02-20,4241.53,Net Banking,Success
PA000619,BI000619,M000152,2024-07-20,3905.33,Wallet,Success
PA000620,BI000620,M002387,2025-11-05,3874.62,Cash,Success
PA000621,BI000621,M000378,2025-12-13,3085.83,Debit Card,Success
PA000622,BI000622,M000620,2024-09-02,794.41,Net Banking,Success
PA000623,BI000623,M000639,2024-10-25,3099.87,Wallet,Success
PA000624,BI000624,M000155,2025-10-21,3019.68,Wallet,Success
PA000625,BI000625,M000199,2025-09-03,3707.5,UPI,Success
PA000626,BI000626,M000557,2024-10-25,4574.99,Wallet,Failed
PA000627,BI000627,M001729,2025-09-14,3935.46,Wallet,Success
PA000628,BI000628,M000914,2024-02-18,3556.78,Net Banking,Success
PA000629,BI000629,M001903,2025-06-28,2999.51,Wallet,Failed
PA000630,BI000630,M000931,2024-01-01,2387.65,Net Banking,Success
PA000631,BI000631,M000480,2024-02-14,1564.66,Debit Card,Success
PA000632,BI000632,M000186,2025-03-31,3938.48,Debit Card,Success
PA000633,BI000633,M001090,2024-06-23,2514.96,Credit Card,Success
PA000634,BI000634,M001748,2025-07-21,3916.65,Wallet,Refunded
PA000635,BI000635,M000606,2024-07-02,4372.44,UPI,Refunded
PA000636,BI000636,M002035,2025-03-14,4995.26,Credit Card,Success
PA000637,BI000637,M000238,2024-10-29,4496.64,Wallet,Success
PA000638,BI000638,M000239,2025-12-13,2140.53,UPI,Success
PA000639,BI000639,M002149,2025-04-15,2481.52,Cash,Success
PA000640,BI000640,M002279,2024-03-22,4743.89,Wallet,Failed
PA000641,BI000641,M001123,2024-01-03,3059.71,Cash,Success
PA000642,BI000642,M001918,2024-05-06,5116.49,Credit Card,Success
PA000643,BI000643,M001047,2024-12-30,2417.73,UPI,Success
PA000644,BI000644,M001205,2025-12-04,2171.19,Credit Card,Success
PA000645,BI000645,M001076,2025-05-24,2251.74,UPI,Success
PA000646,BI000646,M000698,2024-09-24,3383.37,Credit Card,Success
PA000647,BI000647,M002013,2024-02-28,4278.37,Debit Card,Success
PA000648,BI000648,M001452,2024-04-19,1138.88,,Success
PA000649,BI000649,M001136,2024-09-27,3857.22,Cash,Success
PA000650,BI000650,M000857,2024-06-18,3561.71,Net Banking,Success
PA000651,BI000651,M001639,2024-10-25,3668.32,Debit Card,Success
PA000652,BI000652,M000942,2024-07-29,4299.56,Cash,Failed
PA000653,BI000653,M002149,2024-09-04,2744.32,UPI,Success
PA000654,BI000654,M000441,2024-08-12,4508.02,Cash,Success
PA000655,BI000655,M001337,2024-08-16,4659.66,Cash,Success
PA000656,BI000656,M000315,2024-09-24,4699.4,Credit Card,Success
PA000657,BI000657,M001622,2024-01-02,1822.51,Credit Card,Success
PA000658,BI000658,M001404,2024-07-31,2472.24,Net Banking,Success
PA000659,BI000659,M000639,2024-05-12,4523.89,Debit Card,Success
PA000660,BI000660,M001324,2025-05-26,4616.78,Net Banking,Success
PA000661,BI000661,M000640,2024-03-07,2197.96,UPI,Success
PA000662,BI000662,M002058,2024-05-23,2684.98,Credit Card,Success
PA000663,BI000663,M001197,2025-09-16,2978.37,Credit Card,Success
PA000664,BI000664,M002458,2024-05-30,3546.45,Debit Card,Success
PA000665,BI000665,M001255,2025-02-15,4493.58,Cash,Success
PA000666,BI000666,M002097,2025-05-26,3024.43,UPI,Success
PA000667,BI000667,M002047,2025-03-17,2318.67,UPI,Success
PA000668,BI000668,M001350,2024-02-14,2733.69,Cash,Success
PA000669,BI000669,M001544,2025-10-08,-2988.24,Credit Card,Success
PA000670,BI000670,M001519,2025-03-27,1802.94,Wallet,Success
PA000671,BI000671,M001019,2025-05-14,1759.18,UPI,Success
PA000672,BI000672,M000622,2025-04-08,2688.5,Net Banking,Success
PA000673,BI000673,M001225,2025-08-28,2249.11,Wallet,Success
PA000674,BI000674,M001122,2025-08-18,2475.66,Debit Card,Success
PA000675,BI000675,M001698,2025-05-11,-2195.09,Net Banking,Refunded
PA000676,BI000676,M000155,2025-11-22,1767.09,UPI,Success
PA000677,BI000677,M000385,2025-12-10,4373.43,Net Banking,Success
PA000678,BI000678,M002074,2024-03-07,4033.71,Credit Card,Success
PA000679,BI000679,M000575,2025-08-12,1276.34,,Success
PA000680,BI000680,M000651,2024-12-15,4290.2,Cash,Success
PA000681,BI000681,M000778,2024-06-12,4064.82,UPI,Success
PA000682,BI000682,M001090,2025-09-03,2625.45,Cash,Success
PA000683,BI000683,M001541,2025-08-25,2433.62,UPI,Success
PA000684,BI000684,M000824,2024-06-27,3779.11,Cash,Success
PA000685,BI000685,M002004,2024-02-11,3324.56,Cash,Success
PA000686,BI000686,M001015,2025-05-17,3802.17,Cash,Success
PA000687,BI000687,M000021,2025-10-20,1358.48,Credit Card,Success
PA000688,BI000688,M001135,2025-04-25,4193.42,UPI,Success
PA000689,BI000689,M002029,2024-08-25,2137.97,Cash,Success
PA000690,BI000690,M002135,2024-06-25,2940.4,Wallet,Success
PA000691,BI000691,M002025,2024-07-19,3809.61,Wallet,Success
PA000692,BI000692,M001759,2025-06-22,5030.06,Debit Card,Success
PA000693,BI000693,M000193,2025-07-14,3258.53,Debit Card,Success
PA000694,BI000694,M000425,2025-02-02,2923.81,Wallet,Success
PA000695,BI000695,M000778,2024-05-25,2390.06,Wallet,Success
PA000696,BI000696,M001169,2024-10-31,4117.91,Credit Card,Success
PA000697,BI000697,M001291,2025-01-12,2774.26,Wallet,Failed
PA000698,BI000698,M001135,2024-09-19,2588.26,UPI,Success
PA000699,BI000699,M002218,2024-10-22,3900.69,Wallet,Success
PA000700,BI000700,M002438,2024-03-10,3673.07,UPI,Success
PA000701,BI000701,M001279,2024-08-21,3863.41,Cash,Success
PA000702,BI000702,M000285,2024-07-26,1127.67,Wallet,Refunded
PA000703,BI000703,M000191,2024-11-01,3070.03,Wallet,Success
PA000704,BI000704,M002280,2024-01-17,4483.6,Debit Card,Success
PA000705,BI000705,M001009,2025-12-12,5128.37,Cash,Success
PA000706,BI000706,M001137,2025-02-26,3797.69,Credit Card,Success
PA000707,BI000707,M000351,2024-01-03,4549.01,Credit Card,Refunded
PA000708,BI000708,M001058,2024-07-29,2639.81,Cash,Success
PA000709,BI000709,M000830,2025-11-14,3749.05,Cash,Success
PA000710,BI000710,M001296,2025-02-11,3016.63,UPI,Success
PA000711,BI000711,M002482,2025-05-13,3265.52,Wallet,Success
PA000712,BI000712,M000891,2024-04-20,3408.82,Cash,Success
PA000713,BI000713,M002498,2024-01-18,4383.44,Cash,Success
PA000714,BI000714,M000173,2025-05-20,2768.11,Wallet,Success
PA000715,BI000715,M000335,2025-01-14,4192.94,Cash,Success
PA000716,BI000716,M001009,2025-12-12,2681.86,Cash,Success
PA000717,BI000717,M001571,2025-08-17,3339.79,Debit Card,Success
PA000718,BI000718,M000476,2025-07-19,-2794.89,Net Banking,Success
PA000719,BI000719,M001649,2024-01-08,2337.3,UPI,Success
PA000720,BI000720,M000788,2024-01-16,3061.99,Wallet,Success
PA000721,BI000721,M001645,2024-07-15,4759.32,Debit Card,Success
PA000722,BI000722,M001601,2024-08-22,2274.75,Cash,Success
PA000723,BI000723,M000973,2024-02-21,4703.5,UPI,Success
PA000724,BI000724,M002230,2024-10-12,3252.72,Cash,Success
PA000725,BI000725,M001896,2025-07-13,1719.57,Cash,Success
PA000726,BI000726,M000432,2025-11-18,4561.11,,Refunded
PA000727,BI000727,M000536,2025-09-11,2393.56,Cash,Success
PA000728,BI000728,M001998,2025-08-28,2589.12,UPI,Success
PA000729,BI000729,M001030,2025-12-01,1656.48,Net Banking,Success
PA000730,BI000730,M000141,2025-08-06,873.05,Wallet,Success
PA000731,BI000731,M000649,2024-08-31,4350.89,Credit Card,Success
PA000732,BI000732,M001992,2025-10-14,4975.52,Wallet,Success
PA000733,BI000733,M002266,2024-10-11,2903.81,Cash,Success
PA000734,BI000734,M002444,2025-10-27,2500.25,UPI,Success
PA000735,BI000735,M000916,2024-02-27,1958.06,Net Banking,Success
PA000736,BI000736,M000663,2024-11-28,3047.51,Cash,Success
PA000737,BI000737,M000861,2025-03-23,3894.84,Debit Card,Success
PA000738,BI000738,M000077,2025-02-22,2710.43,UPI,Refunded
PA000739,BI000739,M000606,2024-09-28,3339.5,Net Banking,Success
PA000740,BI000740,M001839,2024-07-02,-4868.51,UPI,Success
PA000741,BI000741,M001446,2025-11-03,4452.38,,Success
PA000742,BI000742,M001171,2025-11-07,3389.05,Net Banking,Success
PA000743,BI000743,M000630,2025-03-26,3004.75,Debit Card,Success
PA000744,BI000744,M000834,2024-03-20,4431.33,Debit Card,Success
PA000745,BI000745,M001845,2024-10-01,2338.64,Cash,Success
PA000746,BI000746,M000721,2024-08-13,2397.82,Wallet,Success
PA000747,BI000747,M000073,2024-04-19,4564.27,Wallet,Success
PA000748,BI000748,M001361,2025-04-21,3561.76,Credit Card,Success
PA000749,BI000749,M001095,2025-02-18,3019.73,Cash,Success
PA000750,BI000750,M001840,2024-11-02,4234.02,Cash,Success
PA000751,BI000751,M000094,2024-07-02,5432.19,UPI,Failed
PA000752,BI000752,M000337,2025-09-22,4071.9,Wallet,Failed
PA000753,BI000753,M001679,2025-04-01,2557.52,Credit Card,Success
PA000754,BI000754,M002156,2025-12-26,3675.6,Debit Card,Success
PA000755,BI000755,M001709,2025-02-07,1671.97,Wallet,Failed
PA000756,BI000756,M001436,2024-01-15,2827.19,Debit Card,Failed
PA000757,BI000757,M001592,2024-06-23,2291.68,UPI,Success
PA000758,BI000758,M000651,2025-08-10,4361.82,Credit Card,Success
PA000759,BI000759,M001354,2024-07-13,3346.43,Wallet,Success
PA000760,BI000760,M000791,2024-11-27,961.67,Debit Card,Success
PA000761,BI000761,M001701,2024-10-21,2965.87,UPI,Success
PA000762,BI000762,M002388,2024-11-03,3789.21,Cash,Success
PA000763,BI000763,M000398,2025-11-08,5641.52,Wallet,Success
PA000764,BI000764,M000355,2025-11-08,2013.85,,Success
PA000765,BI000765,M000637,2024-08-25,3640.91,Cash,Success
PA000766,BI000766,M002472,2024-10-29,1951.35,Net Banking,Success
PA000767,BI000767,M000397,2025-07-20,2650.6,Cash,Success
PA000768,BI000768,M001764,2024-01-23,2495.39,UPI,Success
PA000769,BI000769,M000782,2025-01-16,2656.01,UPI,Success
PA000770,BI000770,M001426,2025-08-08,5086.36,Net Banking,Failed
PA000771,BI000771,M001321,2024-10-08,5243.09,Cash,Success
PA000772,BI000772,M001337,2025-09-01,3017.32,Credit Card,Success
PA000773,BI000773,M000057,2025-01-31,3881.54,Wallet,Success
PA000774,BI000774,M000376,2025-11-11,2599.21,Credit Card,Success
PA000775,BI000775,M002141,2025-07-18,2738.63,UPI,Success
PA000776,BI000776,M000735,2024-08-25,2368.76,Credit Card,Success
PA000777,BI000777,M001846,2024-11-15,2429.63,UPI,Refunded
PA000778,BI000778,M001910,2024-07-27,1821.74,Cash,Success
PA000779,BI000779,M001989,2025-01-17,4965.25,Debit Card,Success
PA000780,BI000780,M001818,2025-09-19,2769.2,UPI,Success
PA000781,BI000781,M001433,2025-01-01,2231.55,Credit Card,Success
PA000782,BI000782,M000672,2025-01-25,4273.5,Wallet,Failed
PA000783,BI000783,M001301,2025-06-25,2197.43,,Success
PA000784,BI000784,M001108,2024-08-03,3305.99,Wallet,Success
PA000785,BI000785,M000388,2024-07-19,1642.66,Cash,Success
PA000786,BI000786,M002109,2025-04-12,4125.0,UPI,Success
PA000787,BI000787,M002211,2024-09-17,3503.49,Cash,Success
PA000788,BI000788,M002014,2025-09-18,2794.68,,Success
PA000789,BI000789,M001339,2025-05-22,3986.9,Cash,Success
PA000790,BI000790,M000020,2025-03-28,1597.49,Net Banking,Success
PA000791,BI000791,M001061,2024-12-16,4444.66,Wallet,Success
PA000792,BI000792,M001454,2024-05-26,4321.25,,Success
PA000793,BI000793,M002056,2024-03-21,4216.72,Credit Card,Success
PA000794,BI000794,M000307,2025-01-30,2434.23,Credit Card,Success
PA000795,BI000795,M001603,2025-10-18,3151.25,Wallet,Success
PA000796,BI000796,M002001,2025-10-23,3082.13,Cash,Success
PA000797,BI000797,M001451,2024-07-05,3907.81,Wallet,Success
PA000798,BI000798,M000912,2025-03-05,2138.76,Cash,Success
PA000799,BI000799,M002295,2024-05-17,4588.66,Cash,Success
PA000800,BI000800,M000305,2025-01-05,1521.08,Debit Card,Success
PA000801,BI000801,M000677,2025-11-03,996.83,Wallet,Success
PA000802,BI000802,M000970,2025-03-26,3451.64,Wallet,Success
PA000803,BI000803,M001893,2025-02-04,3093.92,UPI,Success
PA000804,BI000804,M000789,2025-11-08,2523.03,Debit Card,Success
PA000805,BI000805,M001045,2024-04-10,4055.92,Debit Card,Success
PA000806,BI000806,M000243,2025-06-07,2090.8,Net Banking,Success
PA000807,BI000807,M002128,2024-01-14,4326.36,UPI,Success
PA000808,BI000808,M002478,2025-04-30,2317.57,Net Banking,Failed
PA000809,BI000809,M001571,2025-09-16,3209.45,,Failed
PA000810,BI000810,M002175,2024-09-19,3091.58,Cash,Success
PA000811,BI000811,M002250,2024-02-14,2618.71,Debit Card,Success
PA000812,BI000812,M000532,2024-07-23,3109.12,Credit Card,Success
PA000813,BI000813,M000456,2024-03-27,1158.88,UPI,Success
PA000814,BI000814,M000345,2024-04-26,2110.77,Cash,Success
PA000815,BI000815,M000016,2024-09-26,5010.38,Net Banking,Success
PA000816,BI000816,M001275,2024-05-27,3182.62,Credit Card,Success
PA000817,BI000817,M001152,2025-05-25,4103.4,Wallet,Failed
PA000818,BI000818,M000207,2024-10-27,4450.74,Credit Card,Success
PA000819,BI000819,M000038,2024-07-26,4727.02,Cash,Success
PA000820,BI000820,M001332,2024-09-17,3017.1,Debit Card,Success
PA000821,BI000821,M001535,2024-06-25,4192.14,UPI,Success
PA000822,BI000822,M001098,2024-03-08,4390.65,Cash,Failed
PA000823,BI000823,M000279,2025-12-18,2332.48,Credit Card,Success
PA000824,BI000824,M002478,2025-04-30,3943.72,Cash,Success
PA000825,BI000825,M002253,2025-01-04,2321.17,UPI,Success
PA000826,BI000826,M000428,2024-02-05,3008.38,Debit Card,Success
PA000827,BI000827,M002374,2025-06-05,3738.09,,Success
PA000828,BI000828,M002404,2024-02-07,4142.89,Net Banking,Success
PA000829,BI000829,M002342,2025-03-13,3868.39,Net Banking,Success
PA000830,BI000830,M001370,2025-09-19,1946.78,UPI,Success
PA000831,BI000831,M000653,2024-02-02,4418.53,Credit Card,Success
PA000832,BI000832,M001882,2025-07-31,2289.82,Debit Card,Success
PA000833,BI000833,M001904,2024-07-17,4662.8,Debit Card,Success
PA000834,BI000834,M001397,2025-01-17,3735.41,Debit Card,Success
PA000835,BI000835,M001300,2025-04-03,1076.79,UPI,Success
PA000836,BI000836,M002061,2024-05-20,1122.0,Cash,Success
PA000837,BI000837,M000355,2025-11-08,4104.25,Wallet,Success
PA000838,BI000838,M002225,2025-11-21,4367.91,Net Banking,Failed
PA000839,BI000839,M001181,2025-08-22,2933.25,,Success
PA000840,BI000840,M000649,2024-08-31,3242.49,,Success
PA000841,BI000841,M001317,2024-09-03,1720.91,Debit Card,Success
PA000842,BI000842,M001595,2024-08-02,3984.18,UPI,Success
PA000843,BI000843,M000285,2024-06-26,2728.83,Debit Card,Success
PA000844,BI000844,M001122,2024-05-01,4059.93,Net Banking,Failed
PA000845,BI000845,M001913,2024-10-12,3696.15,Credit Card,Refunded
PA000846,BI000846,M000315,2025-09-09,1651.11,Debit Card,Success
PA000847,BI000847,M001192,2025-02-09,1350.99,,Success
PA000848,BI000848,M001897,2025-10-07,4850.43,Net Banking,Success
PA000849,BI000849,M001310,2024-02-07,2144.49,Wallet,Success
PA000850,BI000850,M001927,2024-11-27,3015.21,Wallet,Refunded
PA000851,BI000851,M000755,2025-02-07,1736.39,Debit Card,Success
PA000852,BI000852,M000356,2025-05-07,3217.07,Credit Card,Success
PA000853,BI000853,M000187,2024-11-15,3816.31,UPI,Success
PA000854,BI000854,M001923,2024-03-10,2780.15,Debit Card,Success
PA000855,BI000855,M002307,2025-10-12,3431.51,UPI,Success
PA000856,BI000856,M002467,2024-02-13,3245.04,Credit Card,Success
PA000857,BI000857,M002018,2024-02-15,5197.41,Cash,Success
PA000858,BI000858,M002304,2024-05-29,1797.81,UPI,Success
PA000859,BI000859,M001610,2025-10-24,2677.2,Credit Card,Success
PA000860,BI000860,M001808,2025-02-06,4364.81,UPI,Success
PA000861,BI000861,M001270,2025-09-15,3154.38,Net Banking,Success
PA000862,BI000862,M002364,2024-04-30,2625.44,Cash,Success
PA000863,BI000863,M001917,2025-02-09,2477.12,Debit Card,Success
PA000864,BI000864,M001453,2024-08-15,3405.71,,Refunded
PA000865,BI000865,M001849,2024-03-10,1246.7,Cash,Success
PA000866,BI000866,M000370,2025-11-29,3792.83,UPI,Success
PA000867,BI000867,M000168,2024-05-10,1260.99,UPI,Failed
PA000868,BI000868,M002081,2025-04-30,2345.74,UPI,Success
PA000869,BI000869,M001408,2025-04-26,3709.34,Net Banking,Success
PA000870,BI000870,M000574,2025-05-26,4350.04,Net Banking,Success
PA000871,BI000871,M001458,2024-04-24,2024.41,Net Banking,Success
PA000872,BI000872,M000843,2025-05-11,2738.45,Cash,Success
PA000873,BI000873,M001244,2025-10-08,1677.13,Net Banking,Success
PA000874,BI000874,M001744,2024-12-28,4118.57,Cash,Success
PA000875,BI000875,M000121,2024-04-07,2100.84,Debit Card,Success
PA000876,BI000876,M001824,2024-10-09,4183.84,Debit Card,Success
PA000877,BI000877,M001754,2024-09-25,3262.77,Cash,Success
PA000878,BI000878,M002443,2024-05-13,5766.38,Debit Card,Refunded
PA000879,BI000879,M000728,2025-06-21,1228.32,UPI,Success
PA000880,BI000880,M000948,2025-01-25,5178.04,Credit Card,Success
PA000881,BI000881,M002473,2024-02-24,3835.14,UPI,Success
PA000882,BI000882,M000787,2025-09-01,2335.78,Cash,Success
PA000883,BI000883,M000327,2025-06-28,3345.01,UPI,Success
PA000884,BI000884,M002225,2024-04-18,2838.15,Net Banking,Success
PA000885,BI000885,M000503,2025-11-16,2026.44,Cash,Success
PA000886,BI000886,M000384,2024-10-19,3982.8,Credit Card,Failed
PA000887,BI000887,M002314,2024-07-02,4768.54,,Success
PA000888,BI000888,M000566,2025-12-01,1873.91,Wallet,Success
PA000889,BI000889,M002471,2025-06-10,4475.65,Cash,Success
PA000890,BI000890,M002463,2024-09-21,3003.01,Cash,Success
PA000891,BI000891,M001011,2024-12-11,2574.38,UPI,Success
PA000892,BI000892,M001658,2024-06-30,2671.96,Credit Card,Success
PA000893,BI000893,M001529,2024-07-09,2224.05,Credit Card,Success
PA000894,BI000894,M002183,2025-04-01,2326.74,Net Banking,Success
PA000895,BI000895,M000156,2024-01-12,2564.4,UPI,Success
PA000896,BI000896,M002220,2025-03-17,1078.78,UPI,Success
PA000897,BI000897,M000152,2025-07-02,5059.81,Credit Card,Success
PA000898,BI000898,M001626,2025-10-06,1577.5,Net Banking,Success
PA000899,BI000899,M000664,2025-08-26,4619.75,Net Banking,Success
PA000900,BI000900,M001279,2024-08-21,3800.6,Wallet,Success
PA000901,BI000901,M001874,2024-08-03,1621.13,UPI,Success
PA000902,BI000902,M001182,2025-05-15,1623.47,Net Banking,Success
PA000903,BI000903,M000553,2025-04-03,2764.98,Cash,Success
PA000904,BI000904,M001901,2024-07-23,4172.13,Cash,Success
PA000905,BI000905,M001304,2024-05-20,4226.17,Credit Card,Success
PA000906,BI000906,M001104,2024-09-22,1167.63,Net Banking,Success
PA000907,BI000907,M000329,2024-06-17,4591.92,Wallet,Success
PA000908,BI000908,M001993,2025-01-08,2010.0,Cash,Success
PA000909,BI000909,M001014,2024-03-10,1425.24,UPI,Success
PA000910,BI000910,M001234,2025-03-25,2125.74,Debit Card,Success
PA000911,BI000911,M000658,2024-03-30,2960.77,UPI,Success
PA000912,BI000912,M000659,2024-08-06,2424.29,Wallet,Success
PA000913,BI000913,M002408,2024-09-29,2168.37,Net Banking,Success
PA000914,BI000914,M001377,2025-12-02,1210.81,Debit Card,Success
PA000915,BI000915,M001059,2025-05-11,1187.1,Credit Card,Success
PA000916,BI000916,M000684,2025-02-12,1627.4,Cash,Success
PA000917,BI000917,M002009,2025-11-18,2808.05,Wallet,Success
PA000918,BI000918,M001258,2025-12-21,4306.56,Wallet,Success
PA000919,BI000919,M000565,2024-03-14,3501.66,UPI,Success
PA000920,BI000920,M001425,2025-07-23,1737.7,Credit Card,Success
PA000921,BI000921,M001815,2025-12-27,2853.39,Wallet,Success
PA000922,BI000922,M000958,2025-10-03,3431.6,Cash,Refunded
PA000923,BI000923,M002065,2025-11-17,1633.05,Cash,Success
PA000924,BI000924,M001557,2024-08-20,3135.9,Wallet,Success
PA000925,BI000925,M002369,2025-01-23,4150.5,Credit Card,Success
PA000926,BI000926,M000363,2025-10-05,3513.12,Net Banking,Success
PA000927,BI000927,M001283,2024-12-01,5004.01,Debit Card,Success
PA000928,BI000928,M000061,2024-02-25,3020.22,Wallet,Success
PA000929,BI000929,M001656,2025-11-21,3398.85,Net Banking,Success
PA000930,BI000930,M001324,2024-05-25,1240.77,Wallet,Success
PA000931,BI000931,M002344,2025-01-19,2326.19,Net Banking,Success
PA000932,BI000932,M001983,2025-02-01,3713.05,Credit Card,Success
PA000933,BI000933,M002079,2024-09-03,4262.54,Debit Card,Success
PA000934,BI000934,M001428,2024-09-20,1314.7,,Failed
PA000935,BI000935,M000679,2024-03-04,1975.2,Credit Card,Failed
PA000936,BI000936,M000586,2025-12-23,3381.08,Debit Card,Success
PA000937,BI000937,M001390,2024-01-25,4311.76,Cash,Success
PA000938,BI000938,M000461,2024-05-04,2336.59,Credit Card,Success
PA000939,BI000939,M000292,2024-06-16,1801.78,Wallet,Success
PA000940,BI000940,M000438,2025-07-27,4174.68,Credit Card,Success
PA000941,BI000941,M002129,2024-03-31,1315.79,Net Banking,Success
PA000942,BI000942,M000996,2024-04-18,2553.19,UPI,Success
PA000943,BI000943,M002035,2025-03-14,4197.57,Cash,Failed
PA000944,BI000944,M000372,2024-09-21,4221.11,Debit Card,Failed
PA000945,BI000945,M001208,2024-03-15,2460.91,Wallet,Success
PA000946,BI000946,M000002,2024-07-30,3782.43,Wallet,Failed
PA000947,BI000947,M001913,2025-02-28,2161.1,Credit Card,Success
PA000948,BI000948,M000064,2025-08-02,3209.51,Net Banking,Success
PA000949,BI000949,M001486,2025-06-29,1646.14,Credit Card,Success
PA000950,BI000950,M000372,2024-06-16,4110.37,Credit Card,Failed
PA000951,BI000951,M001234,2024-04-25,3826.2,UPI,Success
PA000952,BI000952,M001611,2025-03-25,2165.28,UPI,Success
PA000953,BI000953,M002314,2024-07-02,2269.33,,Failed
PA000954,BI000954,M000189,2025-05-03,3099.45,Debit Card,Success
PA000955,BI000955,M001913,2024-10-12,4203.14,Cash,Success
PA000956,BI000956,M000455,2024-03-19,4377.37,,Success
PA000957,BI000957,M000607,2024-01-03,3149.63,UPI,Success
PA000958,BI000958,M000260,2025-06-03,2746.15,Debit Card,Success
PA000959,BI000959,M000103,2024-10-09,1208.03,Credit Card,Success
PA000960,BI000960,M001745,2025-08-20,2532.12,Credit Card,Success
PA000961,BI000961,M002201,2024-03-28,2440.36,Credit Card,Success
PA000962,BI000962,M001164,2025-07-24,2132.49,Cash,Success
PA000963,BI000963,M000103,2024-08-17,1659.33,Credit Card,Failed
PA000964,BI000964,M002197,2024-12-01,3681.07,Credit Card,Success
PA000965,BI000965,M001848,2025-02-28,1218.29,Debit Card,Success
PA000966,BI000966,M002053,2025-03-24,4103.67,Cash,Refunded
PA000967,BI000967,M001955,2025-10-31,4919.19,Net Banking,Success
PA000968,BI000968,M002314,2024-07-02,3183.25,Cash,Success
PA000969,BI000969,M001703,2024-01-29,2956.5,UPI,Success
PA000970,BI000970,M002454,2024-06-26,2466.6,UPI,Success
PA000971,BI000971,M000630,2025-10-31,1661.35,,Success
PA000972,BI000972,M001431,2024-09-29,4924.65,Net Banking,Success
PA000973,BI000973,M000631,2025-03-23,2741.64,Cash,Success
PA000974,BI000974,M001552,2024-04-23,4306.32,,Success
PA000975,BI000975,M000049,2025-05-29,2424.86,UPI,Success
PA000976,BI000976,M001378,2024-09-13,2049.12,Net Banking,Success
PA000977,BI000977,M000932,2025-05-28,4616.73,Debit Card,Success
PA000978,BI000978,M001393,2024-06-03,3316.97,Wallet,Success
PA000979,BI000979,M000632,2025-04-10,4024.77,UPI,Success
PA000980,BI000980,M002345,2025-07-01,1248.11,Debit Card,Success
PA000981,BI000981,M000844,2024-09-03,2646.54,Cash,Success
PA000982,BI000982,M000757,2024-11-23,1540.36,Debit Card,Success
PA000983,BI000983,M001717,2024-10-19,4462.86,UPI,Success
PA000984,BI000984,M000040,2024-05-09,3960.18,Wallet,Success
PA000985,BI000985,M001366,2024-07-19,3889.35,Cash,Success
PA000986,BI000986,M001740,2024-02-06,2252.76,Debit Card,Success
PA000987,BI000987,M001801,2025-06-03,5121.41,Net Banking,Success
PA000988,BI000988,M001667,2024-06-11,2251.31,Cash,Success
PA000989,BI000989,M000023,2024-04-21,4445.96,Net Banking,Success
PA000990,BI000990,M002259,2025-07-29,3488.68,Debit Card,Success
PA000991,BI000991,M002207,2024-11-14,3601.05,UPI,Success
PA000992,BI000992,M000011,2025-11-17,5150.79,Cash,Failed
PA000993,BI000993,M001114,2024-08-19,4771.95,UPI,Success
PA000994,BI000994,M001194,2025-09-01,4912.57,UPI,Success
PA000995,BI000995,M000498,2025-06-28,2881.7,Net Banking,Success
PA000996,BI000996,M001875,2024-05-19,2389.24,Net Banking,Success
PA000997,BI000997,M000207,2024-10-27,2832.13,Net Banking,Success
PA000998,BI000998,M000880,2024-11-02,2762.96,Wallet,Success
PA000999,BI000999,M002152,2024-07-29,2067.96,Cash,Success
PA001000,BI001000,M000093,2024-01-25,4296.28,Wallet,Success
PA001001,BI001001,M001472,2025-11-09,3189.73,Credit Card,Success
PA001002,BI001002,M002170,2025-12-02,4684.74,Cash,Success
PA001003,BI001003,M001962,2025-10-18,3373.61,Cash,Success
PA001004,BI001004,M001968,2025-08-17,3668.93,Cash,Success
PA001005,BI001005,M000789,2025-08-27,2255.0,Wallet,Success
PA001006,BI001006,M001027,2025-01-19,1592.7,Credit Card,Success
PA001007,BI001007,M000518,2025-02-27,4929.2,UPI,Failed
PA001008,BI001008,M001643,2024-02-11,5685.91,Debit Card,Success
PA001009,BI001009,M002150,2024-08-03,3990.55,Credit Card,Success
PA001010,BI001010,M000918,2024-10-02,3407.29,Credit Card,Success
PA001011,BI001011,M001435,2024-11-03,1731.06,Cash,Success
PA001012,BI001012,M000949,2024-08-02,924.87,Net Banking,Success
PA001013,BI001013,M001248,2025-07-20,3636.01,Cash,Success
PA001014,BI001014,M000895,2025-04-08,3648.51,Credit Card,Success
PA001015,BI001015,M001095,2025-02-18,2689.18,Credit Card,Success
PA001016,BI001016,M001857,2024-03-02,3923.21,,Success
PA001017,BI001017,M002129,2024-07-19,4445.12,Debit Card,Success
PA001018,BI001018,M001921,2025-05-15,2494.82,Wallet,Refunded
PA001019,BI001019,M000560,2025-09-20,3492.28,Net Banking,Success
PA001020,BI001020,M001778,2025-11-09,3123.74,Net Banking,Success
PA001021,BI001021,M000530,2025-12-21,2227.3,Cash,Success
PA001022,BI001022,M002403,2025-04-11,3864.41,Wallet,Success
PA001023,BI001023,M000441,2024-07-10,1439.07,Credit Card,Success
PA001024,BI001024,M000965,2024-07-08,3039.74,Wallet,Success
PA001025,BI001025,M001011,2024-12-11,5075.03,Cash,Success
PA001026,BI001026,M001565,2025-04-16,2377.12,Wallet,Success
PA001027,BI001027,M002243,2025-07-11,2561.04,Cash,Success
PA001028,BI001028,M000779,2025-06-11,2044.97,,Success
PA001029,BI001029,M000619,2025-01-02,3319.55,UPI,Success
PA001030,BI001030,M001645,2025-07-06,2955.67,Net Banking,Success
PA001031,BI001031,M001677,2025-04-09,1564.63,,Success
PA001032,BI001032,M001501,2024-10-30,970.31,Net Banking,Success
PA001033,BI001033,M001741,2025-08-12,3473.7,Credit Card,Success
PA001034,BI001034,M001413,2024-06-04,4032.98,Cash,Success
PA001035,BI001035,M000642,2024-05-06,3034.98,Debit Card,Refunded
PA001036,BI001036,M001011,2025-11-10,4989.2,Debit Card,Failed
PA001037,BI001037,M002397,2025-12-05,2110.89,Debit Card,Success
PA001038,BI001038,M001150,2025-07-13,1838.35,Debit Card,Refunded
PA001039,BI001039,M002124,2025-04-07,3244.92,Cash,Success
PA001040,BI001040,M000675,2025-04-30,4313.92,Credit Card,Success
PA001041,BI001041,M000699,2024-05-20,1077.43,Credit Card,Success
PA001042,BI001042,M002137,2025-02-05,-3860.84,Cash,Success
PA001043,BI001043,M000666,2025-12-12,4808.46,Debit Card,Success
PA001044,BI001044,M001437,2024-07-31,3120.77,Wallet,Success
PA001045,BI001045,M002261,2024-10-18,2134.16,Net Banking,Success
PA001046,BI001046,M000456,2024-02-05,2717.43,Wallet,Success
PA001047,BI001047,M000814,2024-05-03,-3992.87,UPI,Success
PA001048,BI001048,M002446,2024-12-18,2977.77,Debit Card,Success
PA001049,BI001049,M001685,2024-08-05,968.51,Debit Card,Success
PA001050,BI001050,M001342,2024-03-11,2577.43,Net Banking,Success
PA001051,BI001051,M001694,2025-12-29,3068.48,Cash,Success
PA001052,BI001052,M001286,2025-01-22,1976.4,Cash,Success
PA001053,BI001053,M000152,2025-03-28,2541.37,UPI,Success
PA001054,BI001054,M001620,2025-04-13,3211.78,Wallet,Success
PA001055,BI001055,M002169,2024-08-04,1718.44,Cash,Success
PA001056,BI001056,M001457,2024-08-04,2105.15,Credit Card,Success
PA001057,BI001057,M002345,2025-06-05,3352.95,Debit Card,Success
PA001058,BI001058,M001592,2024-08-14,4041.51,Debit Card,Success
PA001059,BI001059,M000075,2025-04-17,2995.32,Credit Card,Success
PA001060,BI001060,M002090,2025-07-19,1313.34,Debit Card,Success
PA001061,BI001061,M001682,2024-06-01,2852.99,Net Banking,Success
PA001062,BI001062,M002231,2024-05-15,4556.94,Cash,Success
PA001063,BI001063,M001489,2025-09-02,5063.14,Debit Card,Success
PA001064,BI001064,M000783,2024-04-04,2656.16,Debit Card,Success
PA001065,BI001065,M000481,2025-05-17,3404.14,Net Banking,Success
PA001066,BI001066,M001030,2024-08-08,3595.42,Wallet,Success
PA001067,BI001067,M001293,2024-05-26,4146.22,UPI,Success
PA001068,BI001068,M000411,2024-04-06,1708.44,Cash,Failed
PA001069,BI001069,M002388,2025-10-23,2087.62,UPI,Success
PA001070,BI001070,M001878,2024-06-27,1916.29,Credit Card,Success
PA001071,BI001071,M000391,2024-01-03,2786.29,Credit Card,Success
PA001072,BI001072,M000574,2024-06-02,3759.3,Cash,Failed
PA001073,BI001073,M000609,2024-08-01,2342.85,Debit Card,Success
PA001074,BI001074,M001177,2025-12-20,2168.64,Net Banking,Success
PA001075,BI001075,M000011,2024-12-07,3237.44,Credit Card,Success
PA001076,BI001076,M000454,2024-05-04,3907.19,Net Banking,Success
PA001077,BI001077,M001256,2024-06-27,3130.61,Net Banking,Success
PA001078,BI001078,M001658,2024-06-30,3624.79,Net Banking,Success
PA001079,BI001079,M002006,2025-12-29,3456.44,,Success
PA001080,BI001080,M000566,2025-12-01,4891.0,Wallet,Success
PA001081,BI001081,M001304,2024-05-20,2133.98,Credit Card,Success
PA001082,BI001082,M000595,2024-10-28,3169.78,Wallet,Success
PA001083,BI001083,M000419,2025-01-28,3828.8,Credit Card,Success
PA001084,BI001084,M001703,2024-06-19,2096.61,UPI,Success
PA001085,BI001085,M000361,2025-05-31,5526.17,Debit Card,Success
PA001086,BI001086,M000195,2025-06-02,3275.7,Cash,Success
PA001087,BI001087,M000552,2024-05-23,4683.35,Net Banking,Success
PA001088,BI001088,M001918,2024-03-16,1940.07,Credit Card,Success
PA001089,BI001089,M000741,2024-12-29,2291.14,Wallet,Success
PA001090,BI001090,M002170,2025-01-25,3100.92,Credit Card,Success
PA001091,BI001091,M001057,2025-01-24,3148.72,Net Banking,Success
PA001092,BI001092,M001036,2024-08-27,5223.44,Credit Card,Success
PA001093,BI001093,M002098,2025-12-22,2026.15,Credit Card,Success
PA001094,BI001094,M002176,2024-08-10,3300.17,Net Banking,Success
PA001095,BI001095,M000463,2024-10-23,3026.88,Net Banking,Success
PA001096,BI001096,M002272,2025-01-03,4748.91,Wallet,Success
PA001097,BI001097,M000178,2025-02-25,1895.61,Credit Card,Success
PA001098,BI001098,M001698,2025-08-09,1296.66,Wallet,Success
PA001099,BI001099,M000668,2024-03-24,2086.58,Debit Card,Success
PA001100,BI001100,M002357,2025-02-02,2363.17,Cash,Failed
PA001101,BI001101,M001753,2025-12-26,4806.99,Wallet,Success
PA001102,BI001102,M000490,2024-12-31,3122.01,Credit Card,Success
PA001103,BI001103,M001177,2025-01-01,4054.26,Credit Card,Success
PA001104,BI001104,M001825,2024-12-23,1659.35,Net Banking,Success
PA001105,BI001105,M002470,2025-05-25,4356.88,Credit Card,Success
PA001106,BI001106,M002095,2025-11-02,3712.4,Cash,Success
PA001107,BI001107,M001990,2025-09-23,3086.01,Net Banking,Success
PA001108,BI001108,M001275,2024-10-24,4533.06,Net Banking,Success
PA001109,BI001109,M001169,2024-04-28,1770.01,UPI,Success
PA001110,BI001110,M001096,2024-09-19,1867.81,UPI,Success
PA001111,BI001111,M001924,2025-04-11,3301.79,Credit Card,Success
PA001112,BI001112,M002424,2025-03-06,3784.35,Cash,Success
PA001113,BI001113,M002002,2025-11-15,5296.17,UPI,Success
PA001114,BI001114,M000680,2024-01-12,2379.93,UPI,Success
PA001115,BI001115,M000095,2025-01-19,3248.55,Cash,Success
PA001116,BI001116,M002201,2025-12-23,4292.71,Wallet,Failed
PA001117,BI001117,M001040,2024-09-15,1528.01,Net Banking,Success
PA001118,BI001118,M002413,2024-08-27,1292.41,Cash,Success
PA001119,BI001119,M001541,2025-05-11,891.84,Credit Card,Failed
PA001120,BI001120,M001580,2024-08-17,1858.25,Credit Card,Success
PA001121,BI001121,M000474,2025-04-03,2164.87,Cash,Success
PA001122,BI001122,M001626,2025-10-06,3612.21,Wallet,Success
PA001123,BI001123,M001487,2024-09-09,2754.15,Cash,Success
PA001124,BI001124,M001251,2024-04-27,2445.29,Wallet,Success
PA001125,BI001125,M001325,2025-10-26,5123.28,Credit Card,Success
PA001126,BI001126,M001927,2025-03-07,2095.49,Cash,Success
PA001127,BI001127,M000311,2025-03-04,4467.94,Cash,Success
PA001128,BI001128,M000391,2024-09-21,3279.16,Net Banking,Success
PA001129,BI001129,M002222,2025-05-31,3455.66,Credit Card,Success
PA001130,BI001130,M002345,2025-02-05,2562.74,Net Banking,Success
PA001131,BI001131,M000920,2025-05-21,2669.53,Cash,Success
PA001132,BI001132,M001394,2024-10-16,1630.85,Credit Card,Failed
PA001133,BI001133,M000746,2025-03-01,4048.15,UPI,Success
PA001134,BI001134,M000405,2025-09-20,4119.87,Debit Card,Success
PA001135,BI001135,M002295,2025-02-06,3499.3,Debit Card,Failed
PA001136,BI001136,M002194,2024-11-08,2962.82,Debit Card,Success
PA001137,BI001137,M000726,2024-03-14,2818.77,Cash,Success
PA001138,BI001138,M000797,2024-09-30,3866.56,Cash,Success
PA001139,BI001139,M001151,2025-04-25,3632.37,Cash,Success
PA001140,BI001140,M002090,2024-02-22,3091.71,Net Banking,Success
PA001141,BI001141,M000098,2024-05-15,1723.48,Net Banking,Success
PA001142,BI001142,M000407,2024-03-17,3475.44,UPI,Success
PA001143,BI001143,M001441,2025-04-17,3056.07,Cash,Success
PA001144,BI001144,M000777,2025-12-21,1630.92,Net Banking,Success
PA001145,BI001145,M001524,2025-04-01,1894.39,UPI,Success
PA001146,BI001146,M000809,2025-07-17,4690.78,Credit Card,Success
PA001147,BI001147,M002185,2024-08-16,3056.65,UPI,Success
PA001148,BI001148,M002039,2024-12-21,4658.61,Cash,Success
PA001149,BI001149,M001709,2024-06-20,2505.7,Cash,Success
PA001150,BI001150,M000802,2024-06-24,1586.36,Wallet,Success
PA001151,BI001151,M002054,2025-08-08,3865.5,Cash,Success
PA001152,BI001152,M002127,2025-08-08,1859.52,Credit Card,Success
PA001153,BI001153,M000550,2025-10-19,3363.7,Debit Card,Success
PA001154,BI001154,M001428,2024-09-08,4344.59,Debit Card,Success
PA001155,BI001155,M001831,2024-12-18,5276.62,Debit Card,Success
PA001156,BI001156,M000218,2025-10-07,1942.04,Credit Card,Success
PA001157,BI001157,M001619,2025-05-10,1243.18,Cash,Success
PA001158,BI001158,M001119,2024-03-02,3704.51,UPI,Success
PA001159,BI001159,M001376,2024-03-01,4569.71,Cash,Failed
PA001160,BI001160,M000264,2025-10-17,2626.41,Net Banking,Success
PA001161,BI001161,M000127,2025-08-07,-1801.22,Net Banking,Success
PA001162,BI001162,M002024,2025-01-05,4135.7,Net Banking,Success
PA001163,BI001163,M000870,2025-05-09,2910.18,UPI,Success
PA001164,BI001164,M001879,2025-03-25,4026.41,UPI,Success
PA001165,BI001165,M000279,2025-12-18,4472.57,Net Banking,Success
PA001166,BI001166,M000856,2024-06-09,4229.03,Credit Card,Success
PA001167,BI001167,M000235,2025-05-19,1860.49,,Success
PA001168,BI001168,M000902,2025-11-29,2103.13,Net Banking,Success
PA001169,BI001169,M000510,2024-01-01,2321.7,Wallet,Success
PA001170,BI001170,M000948,2025-01-25,2287.91,UPI,Success
PA001171,BI001171,M001580,2025-06-23,2342.31,UPI,Success
PA001172,BI001172,M000206,2025-04-01,1849.48,Wallet,Failed
PA001173,BI001173,M001909,2025-10-24,1802.47,Net Banking,Success
PA001174,BI001174,M000291,2025-11-20,5309.19,UPI,Success
PA001175,BI001175,M001368,2024-12-27,2321.91,Credit Card,Success
PA001176,BI001176,M000169,2025-01-28,3276.81,UPI,Success
PA001177,BI001177,M001294,2024-04-15,5282.17,Debit Card,Success
PA001178,BI001178,M002259,2025-01-31,1278.36,UPI,Success
PA001179,BI001179,M002008,2024-08-12,2287.15,Debit Card,Failed
PA001180,BI001180,M000391,2025-02-02,882.74,Credit Card,Success
PA001181,BI001181,M001078,2025-02-02,4608.16,Net Banking,Success
PA001182,BI001182,M000469,2025-09-28,3064.28,Debit Card,Success
PA001183,BI001183,M000226,2024-05-16,1229.37,,Success
PA001184,BI001184,M000306,2024-07-29,4149.93,Net Banking,Success
PA001185,BI001185,M002244,2024-04-04,3852.92,Net Banking,Success
PA001186,BI001186,M001857,2025-01-25,4787.83,Credit Card,Success
PA001187,BI001187,M001804,2024-02-22,3182.09,Credit Card,Success
PA001188,BI001188,M000563,2025-01-19,4357.78,Debit Card,Success
PA001189,BI001189,M000097,2025-05-08,3895.54,Debit Card,Success
PA001190,BI001190,M001402,2024-05-20,4103.16,Debit Card,Success
PA001191,BI001191,M001285,2024-08-28,4166.96,Net Banking,Success
PA001192,BI001192,M000829,2024-09-14,4230.45,Wallet,Success
PA001193,BI001193,M000831,2025-07-07,2637.21,Net Banking,Success
PA001194,BI001194,M000902,2025-02-01,2867.49,Net Banking,Success
PA001195,BI001195,M000260,2024-12-06,4211.5,Wallet,Success
PA001196,BI001196,M001393,2024-01-11,1905.29,Net Banking,Success
PA001197,BI001197,M002196,2024-03-22,3613.65,Net Banking,Success
PA001198,BI001198,M002269,2024-08-09,3828.46,Credit Card,Failed
PA001199,BI001199,M000968,2024-01-09,5173.03,Net Banking,Success
PA001200,BI001200,M000547,2025-04-23,3739.43,Wallet,Failed
PA001201,BI001201,M002477,2024-02-17,1661.67,Debit Card,Success
PA001202,BI001202,M000711,2024-06-28,2078.9,Credit Card,Success
PA001203,BI001203,M001338,2024-07-15,2489.06,Credit Card,Success
PA001204,BI001204,M001441,2025-04-17,2145.01,Cash,Success
PA001205,BI001205,M000361,2025-04-18,1243.95,UPI,Failed
PA001206,BI001206,M000115,2024-03-22,2100.23,Net Banking,Success
PA001207,BI001207,M001833,2024-08-05,-2922.17,Credit Card,Success
PA001208,BI001208,M001003,2024-06-04,1545.47,Debit Card,Success
PA001209,BI001209,M001778,2024-11-18,3303.12,Credit Card,Success
PA001210,BI001210,M002438,2025-11-08,2686.47,Cash,Success
PA001211,BI001211,M002391,2025-04-19,2089.34,Credit Card,Refunded
PA001212,BI001212,M000417,2024-08-30,3447.8,Wallet,Success
PA001213,BI001213,M000198,2025-06-07,3661.25,Cash,Success
PA001214,BI001214,M001717,2025-04-27,2792.31,Cash,Success
PA001215,BI001215,M000782,2024-07-03,2180.99,UPI,Success
PA001216,BI001216,M001005,2025-11-28,2138.59,Cash,Success
PA001217,BI001217,M002324,2025-05-31,3318.25,UPI,Success
PA001218,BI001218,M002473,2025-01-29,5317.81,Wallet,Success
PA001219,BI001219,M000724,2025-09-22,3271.03,Cash,Refunded
PA001220,BI001220,M001777,2025-09-22,3294.83,Wallet,Success
PA001221,BI001221,M001112,2025-01-10,2715.54,UPI,Success
PA001222,BI001222,M002005,2025-05-19,3500.25,Debit Card,Success
PA001223,BI001223,M002381,2025-05-26,2253.87,Cash,Success
PA001224,BI001224,M000408,2024-12-13,1797.11,UPI,Success
PA001225,BI001225,M000010,2025-10-06,3788.3,Net Banking,Success
PA001226,BI001226,M001130,2025-08-30,4462.82,Wallet,Success
PA001227,BI001227,M002389,2025-09-16,3972.02,,Success
PA001228,BI001228,M000371,2024-10-10,2695.39,Wallet,Success
PA001229,BI001229,M000967,2025-11-05,5310.97,UPI,Success
PA001230,BI001230,M002397,2025-12-05,2967.59,UPI,Success
PA001231,BI001231,M002424,2024-05-09,1897.76,Net Banking,Success
PA001232,BI001232,M002054,2024-09-13,3018.2,Wallet,Success
PA001233,BI001233,M000428,2025-06-16,2768.58,Debit Card,Success
PA001234,BI001234,M000007,2025-06-24,2667.39,Wallet,Success
PA001235,BI001235,M001560,2025-08-02,4597.23,Net Banking,Success
PA001236,BI001236,M001754,2024-01-02,3854.72,Credit Card,Success
PA001237,BI001237,M001401,2025-07-11,3790.7,Credit Card,Success
PA001238,BI001238,M000600,2025-02-03,5097.25,Cash,Success
PA001239,BI001239,M002344,2025-01-19,3691.67,Credit Card,Success
PA001240,BI001240,M001598,2024-10-11,5386.99,Cash,Success
PA001241,BI001241,M001627,2025-03-22,3111.5,Net Banking,Success
PA001242,BI001242,M002289,2024-02-09,4822.96,,Success
PA001243,BI001243,M002349,2025-11-13,723.48,Debit Card,Refunded
PA001244,BI001244,M002340,2025-09-16,2467.55,UPI,Success
PA001245,BI001245,M001354,2024-11-05,2835.31,Credit Card,Success
PA001246,BI001246,M000355,2025-11-08,3901.56,UPI,Success
PA001247,BI001247,M001753,2024-04-24,3395.13,Net Banking,Success
PA001248,BI001248,M001590,2024-08-26,1761.91,Credit Card,Success
PA001249,BI001249,M000732,2025-09-25,3018.96,,Success
PA001250,BI001250,M000225,2025-01-12,2621.87,Net Banking,Success
PA001251,BI001251,M002494,2024-09-12,3718.2,Debit Card,Success
PA001252,BI001252,M002405,2025-01-02,2485.95,Wallet,Success
PA001253,BI001253,M002294,2025-01-16,2219.23,Net Banking,Success
PA001254,BI001254,M000920,2024-04-26,4060.03,Credit Card,Success
PA001255,BI001255,M000914,2025-12-31,3285.05,Net Banking,Success
PA001256,BI001256,M000016,2024-03-13,3222.13,Wallet,Success
PA001257,BI001257,M002257,2025-10-15,3516.78,UPI,Success
PA001258,BI001258,M000869,2025-04-25,4287.91,Wallet,Success
PA001259,BI001259,M001767,2024-06-19,3148.97,Net Banking,Success
PA001260,BI001260,M000815,2024-07-20,3112.75,Cash,Success
PA001261,BI001261,M000536,2025-09-11,2184.3,,Success
PA001262,BI001262,M000977,2024-03-21,2099.08,UPI,Success
PA001263,BI001263,M001955,2025-10-31,4212.25,,Failed
PA001264,BI001264,M001434,2025-11-07,2111.68,UPI,Success
PA001265,BI001265,M000614,2024-06-06,3646.42,Net Banking,Success
PA001266,BI001266,M002036,2024-07-07,3637.3,Wallet,Success
PA001267,BI001267,M000988,2024-06-11,3712.96,Net Banking,Failed
PA001268,BI001268,M002187,2025-07-12,3122.48,Net Banking,Success
PA001269,BI001269,M001880,2025-09-09,4789.51,Net Banking,Success
PA001270,BI001270,M001122,2024-05-01,3460.4,Debit Card,Success
PA001271,BI001271,M001842,2024-01-31,2525.67,Wallet,Success
PA001272,BI001272,M001965,2025-03-07,4099.68,Cash,Success
PA001273,BI001273,M000197,2024-12-05,4473.4,Cash,Success
PA001274,BI001274,M001107,2024-03-13,2934.17,Wallet,Success
PA001275,BI001275,M002209,2025-02-19,3137.65,Wallet,Failed
PA001276,BI001276,M000257,2024-12-15,3843.63,Cash,Success
PA001277,BI001277,M001026,2025-09-12,1942.96,UPI,Success
PA001278,BI001278,M002289,2024-12-29,1749.14,Wallet,Success
PA001279,BI001279,M002391,2025-04-19,700.89,UPI,Failed
PA001280,BI001280,M000937,2024-04-04,3019.51,Wallet,Success
PA001281,BI001281,M000938,2025-08-18,2305.78,UPI,Refunded
PA001282,BI001282,M000259,2025-06-01,3807.59,Debit Card,Success
PA001283,BI001283,M002117,2025-06-19,2263.18,Wallet,Success
PA001284,BI001284,M002071,2025-03-22,1696.61,Cash,Success
PA001285,BI001285,M000236,2025-11-15,1606.99,UPI,Success
PA001286,BI001286,M001914,2025-10-28,3048.76,Debit Card,Success
PA001287,BI001287,M000521,2025-07-06,4529.91,UPI,Success
PA001288,BI001288,M000039,2024-06-16,4939.91,Wallet,Success
PA001289,BI001289,M001204,2025-11-06,5141.52,Debit Card,Success
PA001290,BI001290,M000376,2025-11-11,3117.33,Cash,Success
PA001291,BI001291,M001601,2025-02-19,2462.49,Net Banking,Success
PA001292,BI001292,M000744,2024-02-17,3341.79,Net Banking,Success
PA001293,BI001293,M001527,2024-07-20,3547.47,Credit Card,Failed
PA001294,BI001294,M001112,2024-08-07,1525.54,Wallet,Success
PA001295,BI001295,M000051,2025-08-14,1463.73,Net Banking,Success
PA001296,BI001296,M001606,2024-12-09,3596.34,Credit Card,Success
PA001297,BI001297,M002492,2024-02-11,3677.82,Wallet,Success
PA001298,BI001298,M001441,2025-06-08,3700.57,Net Banking,Success
PA001299,BI001299,M000112,2024-09-28,2919.91,UPI,Success
PA001300,BI001300,M001198,2024-03-27,1822.05,UPI,Success
PA001301,BI001301,M000963,2025-10-05,3925.94,Cash,Success
PA001302,BI001302,M000206,2025-04-01,2377.07,Wallet,Success
PA001303,BI001303,M001484,2025-01-31,4281.1,,Success
PA001304,BI001304,M002156,2025-01-16,3330.68,Wallet,Success
PA001305,BI001305,M000505,2025-12-02,4657.18,,Success
PA001306,BI001306,M000261,2025-09-02,2942.52,,Success
PA001307,BI001307,M000525,2025-10-03,3592.75,Credit Card,Success
PA001308,BI001308,M000446,2025-09-10,2769.16,Debit Card,Success
PA001309,BI001309,M001381,2025-02-07,4208.62,Wallet,Success
PA001310,BI001310,M000998,2024-01-12,3434.57,Cash,Success
PA001311,BI001311,M000674,2024-10-20,3105.9,Cash,Success
PA001312,BI001312,M001477,2024-04-16,2207.91,UPI,Failed
PA001313,BI001313,M002275,2024-08-04,4098.22,Wallet,Success
PA001314,BI001314,M001743,2024-10-22,2490.14,Wallet,Success
PA001315,BI001315,M000061,2024-02-25,2171.24,Credit Card,Success
PA001316,BI001316,M000879,2024-02-01,1192.27,Net Banking,Success
PA001317,BI001317,M001256,2024-04-03,3961.39,Net Banking,Success
PA001318,BI001318,M001183,2024-07-28,3578.14,Cash,Success
PA001319,BI001319,M000555,2024-06-30,3929.55,Debit Card,Success
PA001320,BI001320,M001785,2025-05-21,2278.7,Credit Card,Success
PA001321,BI001321,M000051,2025-08-14,4165.5,Cash,Success
PA001322,BI001322,M000125,2025-01-07,5714.0,Credit Card,Failed
PA001323,BI001323,M001568,2025-07-03,4602.85,UPI,Success
PA001324,BI001324,M002005,2025-02-20,516.19,Cash,Success
PA001325,BI001325,M000163,2025-02-05,4494.84,Cash,Failed
PA001326,BI001326,M002247,2025-01-25,4083.57,Cash,Success
PA001327,BI001327,M001271,2025-09-17,4207.04,Cash,Success
PA001328,BI001328,M000722,2024-05-13,4164.97,UPI,Success
PA001329,BI001329,M001610,2024-07-10,1912.9,Net Banking,Success
PA001330,BI001330,M002090,2025-05-11,3436.94,Cash,Success
PA001331,BI001331,M000252,2024-05-11,2377.56,Debit Card,Success
PA001332,BI001332,M001716,2024-12-01,4554.11,Net Banking,Success
PA001333,BI001333,M000092,2024-01-30,2963.21,Cash,Refunded
PA001334,BI001334,M000966,2025-07-02,2887.71,Cash,Success
PA001335,BI001335,M000037,2024-12-07,2409.29,Cash,Failed
PA001336,BI001336,M001179,2024-05-20,3154.62,Credit Card,Success
PA001337,BI001337,M000121,2024-04-07,544.58,Net Banking,Failed
PA001338,BI001338,M002201,2025-04-08,2707.32,Cash,Success
PA001339,BI001339,M000740,2025-01-04,2977.33,UPI,Success
PA001340,BI001340,M001415,2024-10-17,3366.2,Wallet,Success
PA001341,BI001341,M000244,2024-07-29,3213.7,Wallet,Success
PA001342,BI001342,M002469,2025-05-29,4409.81,Debit Card,Success
PA001343,BI001343,M001005,2025-11-28,1691.21,Debit Card,Success
PA001344,BI001344,M000985,2025-09-27,2256.57,Cash,Success
PA001345,BI001345,M001505,2024-09-01,2381.43,Net Banking,Failed
PA001346,BI001346,M001217,2025-08-15,2279.06,Net Banking,Success
PA001347,BI001347,M002300,2024-08-10,2477.27,Wallet,Success
PA001348,BI001348,M000398,2025-11-08,3011.0,Net Banking,Success
PA001349,BI001349,M002103,2024-06-29,2701.46,Cash,Refunded
PA001350,BI001350,M001801,2025-11-18,3581.02,Net Banking,Success
PA001351,BI001351,M000656,2025-07-07,3078.86,UPI,Success
PA001352,BI001352,M001145,2025-01-12,3540.8,Wallet,Success
PA001353,BI001353,M000112,2024-03-11,2131.49,Cash,Success
PA001354,BI001354,M000876,2024-05-16,2828.81,Wallet,Success
PA001355,BI001355,M002418,2025-07-03,3510.2,UPI,Success
PA001356,BI001356,M001323,2025-08-21,4666.61,Wallet,Success
PA001357,BI001357,M002120,2025-01-04,4752.93,UPI,Success
PA001358,BI001358,M001300,2025-04-03,4678.73,Cash,Success
PA001359,BI001359,M001620,2024-05-12,1538.15,Cash,Success
PA001360,BI001360,M001107,2024-09-23,2130.03,,Success
PA001361,BI001361,M001542,2025-01-12,2490.52,UPI,Success
PA001362,BI001362,M001106,2024-07-19,4092.78,Net Banking,Success
PA001363,BI001363,M001019,2025-03-11,3205.6,UPI,Success
PA001364,BI001364,M000905,2024-05-16,4628.05,,Success
PA001365,BI001365,M002469,2025-05-29,3789.43,Credit Card,Success
PA001366,BI001366,M000411,2025-02-28,4264.19,Credit Card,Success
PA001367,BI001367,M002016,2024-02-25,3365.07,Net Banking,Success
PA001368,BI001368,M000494,2025-05-30,3795.43,Debit Card,Success
PA001369,BI001369,M001001,2025-10-05,2980.11,Credit Card,Failed
PA001370,BI001370,M001828,2024-10-18,3212.37,Credit Card,Success
PA001371,BI001371,M000576,2024-07-25,3256.57,UPI,Success
PA001372,BI001372,M001009,2024-11-17,5071.36,Net Banking,Success
PA001373,BI001373,M000899,2025-03-03,2396.42,Debit Card,Failed
PA001374,BI001374,M001625,2024-06-18,4186.36,Credit Card,Success
PA001375,BI001375,M000087,2024-06-02,4412.27,Debit Card,Success
PA001376,BI001376,M000837,2024-08-19,4031.06,Net Banking,Refunded
PA001377,BI001377,M000640,2024-03-07,4664.98,Debit Card,Success
PA001378,BI001378,M001555,2024-12-19,1892.01,Wallet,Success
PA001379,BI001379,M001162,2024-12-16,1638.36,Cash,Success
PA001380,BI001380,M002269,2024-03-26,3336.17,Net Banking,Success
PA001381,BI001381,M001178,2024-03-06,2352.31,UPI,Success
PA001382,BI001382,M000825,2025-08-17,3368.16,Wallet,Success
PA001383,BI001383,M000001,2025-03-05,3389.52,Net Banking,Success
PA001384,BI001384,M001998,2025-05-27,5503.93,Credit Card,Success
PA001385,BI001385,M001486,2024-01-17,3872.06,Debit Card,Success
PA001386,BI001386,M000302,2024-03-24,4759.05,Wallet,Success
PA001387,BI001387,M001782,2025-04-10,3148.12,Credit Card,Success
PA001388,BI001388,M000653,2024-07-23,2999.41,Cash,Success
PA001389,BI001389,M002096,2024-03-22,4225.28,UPI,Success
PA001390,BI001390,M000600,2024-10-04,5059.76,Wallet,Success
PA001391,BI001391,M002153,2024-05-16,-1143.53,Credit Card,Success
PA001392,BI001392,M000634,2025-05-12,3475.65,UPI,Success
PA001393,BI001393,M002064,2025-03-24,3400.93,Cash,Success
PA001394,BI001394,M000784,2025-06-09,3917.37,Wallet,Success
PA001395,BI001395,M001722,2024-03-27,3764.59,Wallet,Success
PA001396,BI001396,M001863,2025-12-21,2033.06,Wallet,Success
PA001397,BI001397,M000789,2025-11-08,4545.23,Cash,Success
PA001398,BI001398,M002388,2024-11-03,3794.88,Wallet,Success
PA001399,BI001399,M000376,2024-10-22,1939.92,UPI,Success
PA001400,BI001400,M000952,2025-07-09,3801.87,Wallet,Success
PA001401,BI001401,M000437,2024-11-05,1520.21,Cash,Success
PA001402,BI001402,M001003,2024-06-04,4453.38,UPI,Success
PA001403,BI001403,M001039,2025-06-15,5122.12,Cash,Failed
PA001404,BI001404,M001118,2025-01-12,2989.05,Cash,Success
PA001405,BI001405,M001177,2025-01-01,3256.26,Cash,Success
PA001406,BI001406,M001957,2025-10-25,2456.77,UPI,Success
PA001407,BI001407,M002235,2024-07-29,617.78,Net Banking,Success
PA001408,BI001408,M000384,2024-11-17,2086.76,Wallet,Refunded
PA001409,BI001409,M000251,2024-01-24,3803.38,Net Banking,Success
PA001410,BI001410,M001692,2024-09-25,2114.1,Cash,Success
PA001411,BI001411,M001566,2024-11-14,2887.18,Wallet,Success
PA001412,BI001412,M001818,2024-06-14,3799.98,Debit Card,Failed
PA001413,BI001413,M001993,2025-01-18,1217.01,Net Banking,Success
PA001414,BI001414,M000393,2024-12-15,2046.2,UPI,Success
PA001415,BI001415,M001452,2025-03-07,3992.42,Debit Card,Failed
PA001416,BI001416,M000738,2024-06-11,2944.33,Credit Card,Success
PA001417,BI001417,M001225,2025-08-28,2509.66,UPI,Success
PA001418,BI001418,M000587,2025-01-25,3878.33,Debit Card,Success
PA001419,BI001419,M000728,2024-02-22,4885.87,Net Banking,Success
PA001420,BI001420,M000347,2024-04-17,3907.8,Net Banking,Success
PA001421,BI001421,M002318,2025-11-20,1816.43,Cash,Success
PA001422,BI001422,M000172,2024-07-01,2373.77,Wallet,Success
PA001423,BI001423,M002396,2025-01-21,2118.46,Credit Card,Success
PA001424,BI001424,M000944,2024-03-09,1469.44,Net Banking,Success
PA001425,BI001425,M001191,2025-06-29,1786.39,Credit Card,Failed
PA001426,BI001426,M001018,2024-05-15,2455.52,Wallet,Success
PA001427,BI001427,M002374,2024-10-11,3962.53,Credit Card,Success
PA001428,BI001428,M002415,2024-07-08,2650.13,Wallet,Success
PA001429,BI001429,M001145,2024-06-19,1723.03,Debit Card,Success
PA001430,BI001430,M000577,2024-01-29,2371.58,Debit Card,Success
PA001431,BI001431,M001545,2024-12-07,3265.08,Wallet,Success
PA001432,BI001432,M001350,2024-01-30,3340.13,Credit Card,Success
PA001433,BI001433,M001236,2024-12-07,3286.31,Net Banking,Success
PA001434,BI001434,M001911,2025-05-24,2475.58,Credit Card,Success
PA001435,BI001435,M001376,2025-06-11,1342.72,Net Banking,Success
PA001436,BI001436,M002356,2025-07-14,1521.76,Debit Card,Success
PA001437,BI001437,M000057,2025-01-31,5007.74,Cash,Success
PA001438,BI001438,M000915,2024-07-19,3682.75,Cash,Success
PA001439,BI001439,M001996,2025-04-25,4059.32,Net Banking,Failed
PA001440,BI001440,M001004,2024-02-26,4258.27,Net Banking,Failed
PA001441,BI001441,M001451,2024-07-05,3921.38,UPI,Success
PA001442,BI001442,M002324,2025-05-31,3613.33,Cash,Success
PA001443,BI001443,M000733,2025-10-11,2381.1,Credit Card,Success
PA001444,BI001444,M000089,2024-08-07,1182.05,Credit Card,Success
PA001445,BI001445,M001350,2025-02-02,4282.24,Wallet,Success
PA001446,BI001446,M000302,2025-08-02,3827.63,UPI,Success
PA001447,BI001447,M002092,2025-10-21,3534.27,Net Banking,Failed
PA001448,BI001448,M001353,2025-08-20,1374.48,Credit Card,Success
PA001449,BI001449,M001972,2025-03-29,3247.06,Net Banking,Success
PA001450,BI001450,M002351,2025-05-09,3526.73,,Success
PA001451,BI001451,M001500,2025-01-25,1705.56,UPI,Success
PA001452,BI001452,M001252,2025-03-18,1960.47,Cash,Success
PA001453,BI001453,M001029,2024-01-14,2952.73,Net Banking,Success
PA001454,BI001454,M002143,2024-09-15,4454.23,Wallet,Success
PA001455,BI001455,M001507,2024-03-14,3047.56,Cash,Success
PA001456,BI001456,M000482,2024-09-25,4255.23,UPI,Success
PA001457,BI001457,M001689,2024-09-13,3778.26,Debit Card,Success
PA001458,BI001458,M001306,2025-10-16,3853.47,Cash,Success
PA001459,BI001459,M000329,2025-08-08,3131.87,UPI,Success
PA001460,BI001460,M001603,2025-10-18,3831.03,Credit Card,Success
PA001461,BI001461,M001706,2024-12-01,3694.29,Wallet,Success
PA001462,BI001462,M002333,2024-10-19,2452.32,Credit Card,Success
PA001463,BI001463,M001186,2025-06-14,2291.61,Net Banking,Success
PA001464,BI001464,M002255,2025-09-15,3583.17,Cash,Success
PA001465,BI001465,M002345,2024-02-19,2551.23,Net Banking,Success
PA001466,BI001466,M002405,2024-06-06,2657.2,UPI,Success
PA001467,BI001467,M001555,2025-01-04,2011.57,Cash,Success
PA001468,BI001468,M002312,2024-08-27,4061.82,Debit Card,Success
PA001469,BI001469,M002004,2025-06-06,1807.63,Net Banking,Success
PA001470,BI001470,M000715,2025-10-21,5207.97,Wallet,Success
PA001471,BI001471,M000695,2025-03-31,2136.4,Debit Card,Failed
PA001472,BI001472,M000974,2024-02-08,4648.86,Credit Card,Success
PA001473,BI001473,M000092,2025-01-11,3473.54,UPI,Success
PA001474,BI001474,M000395,2024-09-21,3505.14,Wallet,Success
PA001475,BI001475,M001130,2025-08-30,2922.3,Wallet,Success
PA001476,BI001476,M001045,2025-08-31,3649.42,Wallet,Success
PA001477,BI001477,M001401,2024-01-29,2201.04,Cash,Success
PA001478,BI001478,M000435,2024-04-14,3703.05,Wallet,Success
PA001479,BI001479,M000429,2025-08-31,3057.99,Net Banking,Success
PA001480,BI001480,M001658,2024-06-30,4983.25,Cash,Success
PA001481,BI001481,M002408,2024-09-29,2325.4,UPI,Success
PA001482,BI001482,M001344,2025-06-10,2305.82,,Success
PA001483,BI001483,M000120,2025-04-26,2058.34,Net Banking,Success
PA001484,BI001484,M001153,2025-03-07,2140.62,Wallet,Success
PA001485,BI001485,M002176,2024-08-10,3750.12,Net Banking,Success
PA001486,BI001486,M000061,2025-06-20,3271.0,UPI,Success
PA001487,BI001487,M000476,2024-12-26,2195.18,Net Banking,Success
PA001488,BI001488,M001797,2024-12-13,3235.67,Debit Card,Success
PA001489,BI001489,M000509,2024-03-06,1899.89,Wallet,Success
PA001490,BI001490,M001488,2025-03-31,4798.77,Credit Card,Success
PA001491,BI001491,M001774,2025-02-06,4560.12,Debit Card,Failed
PA001492,BI001492,M000002,2025-06-23,4073.34,Net Banking,Success
PA001493,BI001493,M002007,2025-10-16,1232.09,Credit Card,Success
PA001494,BI001494,M001182,2025-05-15,3557.39,Net Banking,Success
PA001495,BI001495,M001171,2025-12-20,4644.58,Cash,Success
PA001496,BI001496,M001620,2025-01-20,3878.54,Credit Card,Failed
PA001497,BI001497,M002437,2025-12-22,1647.41,Debit Card,Success
PA001498,BI001498,M002412,2024-02-27,3679.45,Net Banking,Success
PA001499,BI001499,M001065,2025-09-05,3014.35,UPI,Success
PA001500,BI001500,M001268,2025-05-04,4737.25,Net Banking,Success
PA001501,BI001501,M000112,2024-03-15,2982.43,,Success
PA001502,BI001502,M002500,2024-02-10,2869.0,Cash,Success
PA001503,BI001503,M002104,2025-09-23,3720.89,Cash,Success
PA001504,BI001504,M000551,2024-04-19,2423.68,Cash,Success
PA001505,BI001505,M000361,2024-06-07,4007.49,Credit Card,Success
PA001506,BI001506,M002343,2024-03-24,2135.25,UPI,Success
PA001507,BI001507,M001156,2025-09-21,3375.56,Debit Card,Success
PA001508,BI001508,M001030,2025-12-29,4827.35,UPI,Success
PA001509,BI001509,M000760,2024-07-01,1771.98,Cash,Success
PA001510,BI001510,M001984,2024-12-23,2921.77,Cash,Success
PA001511,BI001511,M001924,2024-11-12,1681.28,Cash,Success
PA001512,BI001512,M000326,2024-09-29,3990.75,UPI,Success
PA001513,BI001513,M001769,2025-12-07,1126.88,Credit Card,Success
PA001514,BI001514,M002013,2025-10-27,2274.28,Credit Card,Success
PA001515,BI001515,M000990,2024-04-22,2821.33,Cash,Success
PA001516,BI001516,M001353,2024-06-07,2008.69,Credit Card,Success
PA001517,BI001517,M001207,2025-10-15,4651.98,UPI,Failed
PA001518,BI001518,M001107,2024-01-14,4746.88,Debit Card,Success
PA001519,BI001519,M002099,2025-02-08,5364.75,Net Banking,Success
PA001520,BI001520,M002247,2024-05-30,2351.07,Net Banking,Success
PA001521,BI001521,M000796,2024-02-13,2777.84,Net Banking,Success
PA001522,BI001522,M000908,2025-11-02,3662.69,,Success
PA001523,BI001523,M001184,2024-09-29,1014.4,Credit Card,Success
PA001524,BI001524,M001785,2024-11-09,1859.8,Credit Card,Success
PA001525,BI001525,M001606,2024-03-24,2842.39,Net Banking,Refunded
PA001526,BI001526,M001397,2024-05-24,3026.06,Debit Card,Success
PA001527,BI001527,M001259,2025-12-19,3864.81,Debit Card,Success
PA001528,BI001528,M002117,2024-07-12,2489.09,Wallet,Success
PA001529,BI001529,M000013,2024-06-14,1919.23,Wallet,Success
PA001530,BI001530,M001590,2025-10-19,3839.16,Cash,Success
PA001531,BI001531,M000969,2025-07-08,3013.87,Net Banking,Success
PA001532,BI001532,M001029,2024-01-14,2512.48,Debit Card,Success
PA001533,BI001533,M001341,2025-06-14,3026.34,Credit Card,Success
PA001534,BI001534,M000700,2025-12-24,2734.55,Debit Card,Success
PA001535,BI001535,M000167,2025-10-06,4463.38,,Success
PA001536,BI001536,M001609,2025-09-07,-2098.03,Wallet,Success
PA001537,BI001537,M000453,2025-10-15,3899.73,Debit Card,Success
PA001538,BI001538,M001710,2025-08-22,1632.39,Net Banking,Success
PA001539,BI001539,M000015,2024-06-13,3855.55,Cash,Success
PA001540,BI001540,M001404,2025-09-01,4378.09,Credit Card,Success
PA001541,BI001541,M001837,2024-02-08,3509.92,Wallet,Success
PA001542,BI001542,M000441,2024-07-10,-3972.54,Net Banking,Success
PA001543,BI001543,M001433,2025-08-29,2971.43,Cash,Failed
PA001544,BI001544,M000310,2025-11-28,2709.58,Net Banking,Success
PA001545,BI001545,M001583,2025-12-15,-697.68,Debit Card,Refunded
PA001546,BI001546,M000409,2024-05-26,1749.4,Net Banking,Success
PA001547,BI001547,M002347,2025-01-13,2869.3,Cash,Success
PA001548,BI001548,M001424,2025-04-27,2063.46,UPI,Failed
PA001549,BI001549,M001441,2024-01-12,3573.74,Cash,Success
PA001550,BI001550,M001332,2024-09-17,4207.05,Cash,Success
PA001551,BI001551,M001793,2025-08-20,3069.13,,Success
PA001552,BI001552,M001146,2024-09-26,2776.59,Net Banking,Success
PA001553,BI001553,M001997,2025-01-03,5456.06,Credit Card,Success
PA001554,BI001554,M000473,2024-11-02,4469.68,Credit Card,Success
PA001555,BI001555,M000032,2025-03-15,3289.2,Credit Card,Success
PA001556,BI001556,M000994,2025-03-09,2097.31,Credit Card,Success
PA001557,BI001557,M000454,2025-01-04,2632.31,Net Banking,Failed
PA001558,BI001558,M001853,2024-06-04,3489.1,Credit Card,Success
PA001559,BI001559,M002470,2025-05-25,2239.44,UPI,Success
PA001560,BI001560,M000430,2024-11-14,3332.55,Wallet,Success
PA001561,BI001561,M000453,2024-10-13,2789.61,Net Banking,Success
PA001562,BI001562,M002292,2024-03-06,3746.8,Credit Card,Refunded
PA001563,BI001563,M002176,2025-06-28,1576.33,Cash,Success
PA001564,BI001564,M002188,2024-10-25,1548.68,Net Banking,Success
PA001565,BI001565,M000250,2024-11-10,-4410.0,Debit Card,Success
PA001566,BI001566,M002495,2025-09-11,4311.45,UPI,Success
PA001567,BI001567,M000336,2025-02-22,4855.67,Credit Card,Success
PA001568,BI001568,M000272,2024-08-09,2089.65,,Success
PA001569,BI001569,M001402,2025-09-17,875.27,Cash,Success
PA001570,BI001570,M001453,2024-08-15,678.54,Debit Card,Success
PA001571,BI001571,M001737,2025-05-05,4724.28,UPI,Success
PA001572,BI001572,M001910,2024-07-27,2667.08,Wallet,Success
PA001573,BI001573,M001574,2024-06-16,5188.97,Net Banking,Success
PA001574,BI001574,M000391,2025-02-02,2292.49,UPI,Success
PA001575,BI001575,M000360,2025-09-15,4295.8,Credit Card,Success
PA001576,BI001576,M000508,2025-05-14,2306.08,UPI,Success
PA001577,BI001577,M001468,2025-07-04,2750.7,Net Banking,Success
PA001578,BI001578,M001626,2024-01-17,4524.02,UPI,Success
PA001579,BI001579,M000644,2025-03-17,2110.5,Debit Card,Success
PA001580,BI001580,M000453,2025-10-15,2744.19,Credit Card,Success
PA001581,BI001581,M001993,2025-01-08,2867.69,Net Banking,Success
PA001582,BI001582,M000200,2025-03-12,2102.18,Cash,Success
PA001583,BI001583,M002250,2024-03-05,4154.12,Net Banking,Success
PA001584,BI001584,M000333,2025-09-28,1517.81,Cash,Success
PA001585,BI001585,M000383,2024-07-30,4411.42,UPI,Success
PA001586,BI001586,M001933,2024-11-29,3279.8,Net Banking,Success
PA001587,BI001587,M002185,2025-02-22,2338.26,UPI,Success
PA001588,BI001588,M000548,2025-09-30,4707.85,Debit Card,Success
PA001589,BI001589,M001327,2025-12-07,2436.24,Net Banking,Success
PA001590,BI001590,M001076,2024-01-30,2688.19,,Success
PA001591,BI001591,M002413,2025-08-19,4907.76,Wallet,Success
PA001592,BI001592,M000103,2024-10-09,3087.77,Wallet,Refunded
PA001593,BI001593,M002484,2025-03-31,5658.53,Debit Card,Failed
PA001594,BI001594,M000038,2024-07-26,3552.91,UPI,Success
PA001595,BI001595,M002235,2024-11-01,2888.42,Debit Card,Success
PA001596,BI001596,M000835,2025-02-22,3592.01,Cash,Failed
PA001597,BI001597,M000175,2024-08-23,3736.7,Cash,Success
PA001598,BI001598,M001703,2025-07-25,3043.61,Net Banking,Success
PA001599,BI001599,M001305,2024-03-23,3006.54,Cash,Success
PA001600,BI001600,M000442,2025-09-18,3965.06,Wallet,Success
PA001601,BI001601,M000115,2025-02-21,4415.86,Cash,Success
PA001602,BI001602,M001163,2024-02-07,3482.08,Cash,Success
PA001603,BI001603,M001526,2025-02-15,4455.94,Credit Card,Success
PA001604,BI001604,M000384,2025-03-21,3949.17,UPI,Success
PA001605,BI001605,M001935,2024-01-12,976.52,Credit Card,Success
PA001606,BI001606,M000088,2025-07-30,4036.75,Wallet,Refunded
PA001607,BI001607,M001489,2025-09-02,1639.72,Credit Card,Success
PA001608,BI001608,M002174,2025-03-14,3232.07,Debit Card,Success
PA001609,BI001609,M000208,2024-08-29,4119.97,UPI,Failed
PA001610,BI001610,M002252,2025-07-22,4028.44,Credit Card,Success
PA001611,BI001611,M002420,2025-02-02,5841.42,UPI,Success
PA001612,BI001612,M001413,2024-06-04,3546.66,Wallet,Success
PA001613,BI001613,M000201,2025-01-24,2724.65,UPI,Success
PA001614,BI001614,M000881,2024-11-08,4831.41,,Success
PA001615,BI001615,M002202,2025-10-21,4643.68,Credit Card,Success
PA001616,BI001616,M002273,2025-04-27,2037.34,UPI,Success
PA001617,BI001617,M001608,2025-10-27,4657.02,UPI,Refunded
PA001618,BI001618,M001316,2024-09-26,4269.57,Net Banking,Success
PA001619,BI001619,M001536,2024-01-04,2848.74,Net Banking,Success
PA001620,BI001620,M000938,2025-06-12,3162.36,Wallet,Success
PA001621,BI001621,M000112,2024-09-28,3880.69,UPI,Success
PA001622,BI001622,M000684,2024-06-22,4519.48,UPI,Success
PA001623,BI001623,M001595,2025-08-02,4460.17,Credit Card,Success
PA001624,BI001624,M002299,2025-10-11,1328.74,UPI,Success
PA001625,BI001625,M000418,2024-07-26,4222.6,Debit Card,Success
PA001626,BI001626,M000455,2024-10-01,4479.05,Wallet,Success
PA001627,BI001627,M000215,2025-11-26,3498.7,Cash,Success
PA001628,BI001628,M001769,2025-09-05,3095.32,Cash,Success
PA001629,BI001629,M000688,2025-07-27,3774.16,Credit Card,Success
PA001630,BI001630,M001301,2025-06-25,1571.52,UPI,Success
PA001631,BI001631,M001940,2025-10-29,2600.62,,Success
PA001632,BI001632,M001281,2025-01-07,5435.8,UPI,Success
PA001633,BI001633,M002167,2025-10-23,1757.77,Cash,Success
PA001634,BI001634,M000788,2025-11-08,3170.14,UPI,Success
PA001635,BI001635,M000267,2025-02-12,2124.25,UPI,Success
PA001636,BI001636,M002300,2024-06-16,5082.3,Credit Card,Success
PA001637,BI001637,M001366,2025-11-08,4254.79,Debit Card,Success
PA001638,BI001638,M002073,2025-08-22,3757.36,Credit Card,Success
PA001639,BI001639,M001687,2024-10-14,3525.58,Net Banking,Success
PA001640,BI001640,M000945,2024-07-30,2521.81,Wallet,Success
PA001641,BI001641,M002415,2024-07-08,2841.73,Wallet,Success
PA001642,BI001642,M000952,2025-09-14,2657.75,Credit Card,Failed
PA001643,BI001643,M001114,2025-10-15,5322.54,UPI,Success
PA001644,BI001644,M000099,2024-05-09,4230.87,Wallet,Success
PA001645,BI001645,M001113,2024-07-28,3293.32,Net Banking,Success
PA001646,BI001646,M001027,2024-06-22,4435.28,Debit Card,Success
PA001647,BI001647,M000937,2024-04-04,4656.57,Credit Card,Success
PA001648,BI001648,M001855,2024-08-12,3174.23,Debit Card,Success
PA001649,BI001649,M001102,2024-10-16,3847.81,UPI,Refunded
PA001650,BI001650,M000139,2024-02-13,3500.32,Net Banking,Success
PA001651,BI001651,M002124,2024-06-26,2223.45,Net Banking,Success
PA001652,BI001652,M000815,2024-03-09,4981.31,Net Banking,Success
PA001653,BI001653,M001587,2024-09-18,1812.14,Net Banking,Success
PA001654,BI001654,M000033,2025-07-02,3299.46,Debit Card,Success
PA001655,BI001655,M001284,2024-12-30,4335.43,Debit Card,Success
PA001656,BI001656,M001143,2024-04-21,3355.07,Cash,Success
PA001657,BI001657,M001704,2024-04-14,3735.25,Cash,Failed
PA001658,BI001658,M001716,2025-10-27,2356.8,UPI,Success
PA001659,BI001659,M000602,2025-12-20,1280.21,UPI,Success
PA001660,BI001660,M001569,2024-10-04,1205.99,Credit Card,Success
PA001661,BI001661,M001740,2024-07-01,2627.0,UPI,Success
PA001662,BI001662,M001454,2024-03-27,5041.59,Debit Card,Success
PA001663,BI001663,M001779,2024-11-03,3888.79,Cash,Success
PA001664,BI001664,M001858,2025-10-29,1980.99,UPI,Success
PA001665,BI001665,M001058,2024-07-29,2810.47,Wallet,Success
PA001666,BI001666,M001751,2025-05-03,4969.61,UPI,Success
PA001667,BI001667,M002032,2025-09-06,2901.72,,Success
PA001668,BI001668,M001018,2024-06-30,3565.54,Debit Card,Failed
PA001669,BI001669,M000376,2025-10-06,4793.17,Credit Card,Failed
PA001670,BI001670,M001562,2025-01-11,5282.42,Cash,Refunded
PA001671,BI001671,M001089,2024-11-11,1024.7,Debit Card,Success
PA001672,BI001672,M001267,2025-06-15,4718.51,Wallet,Success
PA001673,BI001673,M000971,2025-04-04,3179.75,Cash,Success
PA001674,BI001674,M000675,2024-01-08,3957.67,Net Banking,Success
PA001675,BI001675,M002370,2025-02-06,4459.92,Credit Card,Success
PA001676,BI001676,M001174,2025-10-25,2445.37,UPI,Success
PA001677,BI001677,M000265,2025-08-29,2123.89,Wallet,Success
PA001678,BI001678,M001428,2024-09-08,3423.19,Debit Card,Success
PA001679,BI001679,M002291,2025-05-04,1373.4,UPI,Success
PA001680,BI001680,M001942,2024-05-21,3235.38,Net Banking,Success
PA001681,BI001681,M000429,2024-10-03,4155.15,Debit Card,Success
PA001682,BI001682,M000324,2025-04-17,4929.01,Credit Card,Success
PA001683,BI001683,M000692,2024-12-27,2557.0,Cash,Success
PA001684,BI001684,M002438,2024-05-20,4509.92,,Success
PA001685,BI001685,M000728,2024-02-22,3304.86,Cash,Success
PA001686,BI001686,M001511,2025-01-16,2896.81,UPI,Refunded
PA001687,BI001687,M002225,2024-04-04,3475.24,Debit Card,Success
PA001688,BI001688,M001835,2025-06-16,4901.5,Wallet,Success
PA001689,BI001689,M000449,2024-12-20,4572.2,Credit Card,Success
PA001690,BI001690,M002222,2025-02-02,4689.1,Wallet,Success
PA001691,BI001691,M002258,2025-12-13,3311.66,Debit Card,Success
PA001692,BI001692,M001907,2025-04-30,4690.54,,Success
PA001693,BI001693,M000714,2025-10-14,3116.81,Wallet,Success
PA001694,BI001694,M002184,2024-05-03,2098.49,Wallet,Success
PA001695,BI001695,M000174,2025-03-22,5566.42,UPI,Success
PA001696,BI001696,M002165,2024-07-20,3203.31,Debit Card,Success
PA001697,BI001697,M000193,2024-11-26,2145.88,Cash,Failed
PA001698,BI001698,M002003,2024-07-22,1473.77,Cash,Success
PA001699,BI001699,M002034,2025-01-09,3200.58,Debit Card,Success
PA001700,BI001700,M000596,2025-04-07,2575.76,Credit Card,Failed
PA001701,BI001701,M000783,2024-04-04,3098.25,Debit Card,Success
PA001702,BI001702,M001510,2025-06-30,4192.23,Cash,Success
PA001703,BI001703,M000335,2024-05-30,4552.72,Credit Card,Success
PA001704,BI001704,M001039,2025-02-22,1944.53,Credit Card,Success
PA001705,BI001705,M000693,2025-12-31,908.03,Credit Card,Success
PA001706,BI001706,M001362,2025-12-01,5243.2,Credit Card,Failed
PA001707,BI001707,M001211,2024-07-04,1411.09,Wallet,Success
PA001708,BI001708,M000821,2024-04-04,3878.6,Credit Card,Success
PA001709,BI001709,M000011,2025-11-17,2347.71,UPI,Success
PA001710,BI001710,M001647,2025-12-03,1654.76,Debit Card,Success
PA001711,BI001711,M000402,2025-06-08,4594.73,UPI,Success
PA001712,BI001712,M000029,2025-02-27,3633.6,Wallet,Success
PA001713,BI001713,M001918,2024-05-06,1548.45,Net Banking,Success
PA001714,BI001714,M002387,2025-11-05,3650.77,Wallet,Success
PA001715,BI001715,M001987,2025-04-28,2369.85,,Success
PA001716,BI001716,M001791,2025-06-04,2589.64,,Success
PA001717,BI001717,M001733,2024-12-17,4125.64,Cash,Success
PA001718,BI001718,M001206,2025-02-26,3175.78,UPI,Failed
PA001719,BI001719,M001335,2025-04-24,5204.04,UPI,Failed
PA001720,BI001720,M000688,2024-12-05,4949.84,Credit Card,Success
PA001721,BI001721,M000638,2025-07-27,3384.22,Cash,Success
PA001722,BI001722,M000213,2025-06-11,2665.83,Wallet,Success
PA001723,BI001723,M001682,2024-02-24,4290.59,Cash,Failed
PA001724,BI001724,M000669,2024-03-24,1625.77,Wallet,Success
PA001725,BI001725,M002052,2024-01-08,3150.53,Wallet,Success
PA001726,BI001726,M002383,2025-09-18,1731.32,Debit Card,Success
PA001727,BI001727,M001231,2025-11-15,1526.57,Cash,Refunded
PA001728,BI001728,M002269,2024-11-26,2938.36,Wallet,Success
PA001729,BI001729,M002356,2025-01-23,4514.48,Credit Card,Success
PA001730,BI001730,M001327,2024-06-05,3045.67,Cash,Success
PA001731,BI001731,M001326,2025-11-15,4245.28,Net Banking,Success
PA001732,BI001732,M000440,2025-03-03,3409.41,Net Banking,Success
PA001733,BI001733,M001655,2025-12-02,3557.34,Wallet,Success
PA001734,BI001734,M000570,2024-05-18,4191.66,Credit Card,Success
PA001735,BI001735,M000083,2025-12-19,4148.06,Cash,Success
PA001736,BI001736,M001381,2024-03-10,5222.25,Credit Card,Success
PA001737,BI001737,M002217,2024-10-03,1487.56,Credit Card,Failed
PA001738,BI001738,M001871,2024-02-08,2772.01,Debit Card,Success
PA001739,BI001739,M001062,2025-04-29,2492.54,Debit Card,Failed
PA001740,BI001740,M002433,2025-09-26,4902.51,Wallet,Failed
PA001741,BI001741,M000716,2025-05-12,3980.48,Wallet,Success
PA001742,BI001742,M000805,2024-08-14,1479.27,,Success
PA001743,BI001743,M000067,2025-07-25,4199.33,Credit Card,Success
PA001744,BI001744,M000409,2024-05-26,1875.3,Net Banking,Success
PA001745,BI001745,M001145,2024-12-04,4572.7,Cash,Success
PA001746,BI001746,M000125,2024-12-13,3266.21,Credit Card,Success
PA001747,BI001747,M001030,2024-08-08,3992.8,Debit Card,Success
PA001748,BI001748,M000896,2025-04-05,1720.78,Net Banking,Success
PA001749,BI001749,M001364,2024-05-16,3007.49,Cash,Refunded
PA001750,BI001750,M001507,2024-02-04,5337.74,Wallet,Success
PA001751,BI001751,M000254,2024-01-09,4356.69,UPI,Success
PA001752,BI001752,M002373,2025-10-07,3413.24,Credit Card,Success
PA001753,BI001753,M001919,2024-03-29,1807.86,Credit Card,Success
PA001754,BI001754,M000156,2025-03-31,3746.54,Credit Card,Success
PA001755,BI001755,M001816,2024-09-13,5176.44,Cash,Success
PA001756,BI001756,M002260,2024-10-05,3935.14,Wallet,Success
PA001757,BI001757,M002324,2025-02-20,3764.76,Net Banking,Success
PA001758,BI001758,M000418,2024-08-06,2128.21,UPI,Success
PA001759,BI001759,M001778,2024-11-18,4164.44,UPI,Success
PA001760,BI001760,M002322,2024-06-12,2210.08,Debit Card,Failed
PA001761,BI001761,M001979,2025-05-11,4402.24,Cash,Success
PA001762,BI001762,M001046,2025-12-15,2291.71,Net Banking,Failed
PA001763,BI001763,M000799,2025-08-30,2900.86,Debit Card,Success
PA001764,BI001764,M002139,2025-12-10,1701.92,Cash,Success
PA001765,BI001765,M001054,2024-08-10,2444.6,Credit Card,Success
PA001766,BI001766,M001325,2025-06-30,2926.82,Cash,Success
PA001767,BI001767,M002070,2025-08-16,4272.19,UPI,Success
PA001768,BI001768,M002271,2025-03-01,3600.81,Debit Card,Success
PA001769,BI001769,M000448,2025-03-27,5036.59,,Success
PA001770,BI001770,M000405,2025-04-15,2530.53,Cash,Success
PA001771,BI001771,M002411,2024-12-20,3320.9,Credit Card,Success
PA001772,BI001772,M000023,2024-04-21,3621.16,Credit Card,Success
PA001773,BI001773,M001909,2025-10-24,3384.37,Cash,Success
PA001774,BI001774,M000841,2024-12-08,4170.4,UPI,Success
PA001775,BI001775,M000190,2025-12-03,911.04,Net Banking,Success
PA001776,BI001776,M002422,2025-12-07,4464.91,Wallet,Success
PA001777,BI001777,M000042,2024-11-08,3966.77,,Success
PA001778,BI001778,M000644,2025-03-17,3736.69,Net Banking,Failed
PA001779,BI001779,M002166,2025-07-03,1999.81,Wallet,Failed
PA001780,BI001780,M002116,2025-12-27,1141.9,Debit Card,Success
PA001781,BI001781,M000837,2024-01-07,2224.42,Wallet,Failed
PA001782,BI001782,M001904,2025-09-21,4005.52,Credit Card,Success
PA001783,BI001783,M000496,2024-11-01,3377.65,UPI,Success
PA001784,BI001784,M001816,2024-04-16,3909.9,Credit Card,Failed
PA001785,BI001785,M000576,2025-03-10,2741.32,Net Banking,Success
PA001786,BI001786,M000673,2025-06-29,3246.53,Net Banking,Success
PA001787,BI001787,M001444,2025-03-10,3737.97,Net Banking,Success
PA001788,BI001788,M001004,2025-03-08,3101.72,Credit Card,Success
PA001789,BI001789,M001651,2024-04-16,2831.1,Debit Card,Success
PA001790,BI001790,M001173,2024-06-07,4237.37,Credit Card,Refunded
PA001791,BI001791,M002211,2024-09-17,2377.91,Net Banking,Success
PA001792,BI001792,M002433,2025-11-21,3920.61,Cash,Success
PA001793,BI001793,M000733,2025-10-11,1838.32,Credit Card,Success
PA001794,BI001794,M001703,2024-01-29,2777.04,Net Banking,Success
PA001795,BI001795,M001931,2024-07-13,4804.43,UPI,Success
PA001796,BI001796,M000414,2025-11-01,2225.11,Net Banking,Success
PA001797,BI001797,M001194,2025-09-11,1824.77,Debit Card,Success
PA001798,BI001798,M000796,2025-06-20,4583.52,Cash,Success
PA001799,BI001799,M001475,2024-02-25,3633.68,Wallet,Success
PA001800,BI001800,M001231,2024-01-18,4774.23,Credit Card,Success
PA001801,BI001801,M000427,2024-02-14,3282.81,UPI,Success
PA001802,BI001802,M001164,2025-07-12,2633.41,UPI,Success
PA001803,BI001803,M000315,2024-04-14,3194.92,Cash,Failed
PA001804,BI001804,M002437,2025-04-05,2153.44,Wallet,Success
PA001805,BI001805,M000448,2025-03-27,3243.43,Wallet,Success
PA001806,BI001806,M000551,2024-04-19,4492.94,Net Banking,Success
PA001807,BI001807,M000796,2024-02-13,2970.5,Cash,Success
PA001808,BI001808,M000488,2024-09-14,3896.48,Debit Card,Success
PA001809,BI001809,M001378,2025-08-25,2470.39,Wallet,Success
PA001810,BI001810,M000573,2024-04-21,3317.47,Net Banking,Success
PA001811,BI001811,M002374,2024-10-11,4528.44,UPI,Success
PA001812,BI001812,M002259,2025-01-31,2114.9,Debit Card,Success
PA001813,BI001813,M000578,2024-11-13,3183.69,Wallet,Success
PA001814,BI001814,M001366,2025-11-10,2025.19,Debit Card,Success
PA001815,BI001815,M000295,2024-05-29,4113.76,Credit Card,Success
PA001816,BI001816,M002396,2025-01-21,5498.9,Cash,Success
PA001817,BI001817,M001754,2024-08-25,3754.72,Cash,Success
PA001818,BI001818,M000141,2025-07-08,4334.95,Cash,Success
PA001819,BI001819,M001215,2025-05-11,3649.21,Cash,Success
PA001820,BI001820,M001362,2025-12-01,4541.98,Debit Card,Success
PA001821,BI001821,M000475,2025-08-15,5771.34,,Success
PA001822,BI001822,M000024,2024-12-21,2947.3,Cash,Success
PA001823,BI001823,M001704,2024-10-04,2224.56,Debit Card,Success
PA001824,BI001824,M000609,2025-02-21,3980.72,Net Banking,Success
PA001825,BI001825,M002172,2024-12-05,4547.28,Cash,Success
PA001826,BI001826,M000487,2025-08-26,3881.84,Net Banking,Success
PA001827,BI001827,M001079,2025-01-19,3222.69,Debit Card,Failed
PA001828,BI001828,M001034,2025-09-08,2458.93,Wallet,Success
PA001829,BI001829,M002277,2025-11-27,1985.85,Wallet,Success
PA001830,BI001830,M000330,2025-03-21,5329.47,Net Banking,Success
PA001831,BI001831,M001443,2024-11-24,3711.45,Credit Card,Success
PA001832,BI001832,M002234,2025-10-29,5339.69,Debit Card,Success
PA001833,BI001833,M001535,2024-06-25,4815.35,Cash,Failed
PA001834,BI001834,M000505,2025-10-12,1434.46,Wallet,Success
PA001835,BI001835,M001323,2025-08-21,4144.04,Credit Card,Success
PA001836,BI001836,M001003,2024-05-24,2060.9,Debit Card,Success
PA001837,BI001837,M002309,2025-12-12,3832.81,Debit Card,Failed
PA001838,BI001838,M001223,2024-08-02,3024.37,Cash,Success
PA001839,BI001839,M002269,2024-04-17,4641.69,Wallet,Success
PA001840,BI001840,M000491,2025-03-17,2752.83,Credit Card,Success
PA001841,BI001841,M002330,2024-01-26,3611.59,Wallet,Success
PA001842,BI001842,M000492,2024-06-15,3455.29,Debit Card,Success
PA001843,BI001843,M000950,2024-04-07,2414.9,Net Banking,Success
PA001844,BI001844,M001206,2025-04-25,2442.29,Cash,Success
PA001845,BI001845,M000146,2025-08-24,1776.77,Cash,Failed
PA001846,BI001846,M002499,2025-02-08,3781.19,Cash,Success
PA001847,BI001847,M001228,2024-09-30,5430.21,Cash,Success
PA001848,BI001848,M001598,2024-10-11,4880.27,UPI,Success
PA001849,BI001849,M002182,2025-06-16,3861.91,Credit Card,Success
PA001850,BI001850,M002097,2025-05-13,3903.85,Wallet,Success
PA001851,BI001851,M000796,2025-01-02,5479.05,Debit Card,Success
PA001852,BI001852,M001313,2024-07-06,3647.71,Net Banking,Success
PA001853,BI001853,M000476,2024-08-09,3043.15,UPI,Success
PA001854,BI001854,M000607,2025-09-30,1820.59,Net Banking,Success
PA001855,BI001855,M001136,2024-09-27,4447.55,Credit Card,Success
PA001856,BI001856,M001904,2025-09-21,3532.34,Debit Card,Success
PA001857,BI001857,M001510,2024-01-08,4327.82,UPI,Success
PA001858,BI001858,M000155,2025-02-06,3275.19,Net Banking,Success
PA001859,BI001859,M000696,2024-12-01,2228.93,Debit Card,Success
PA001860,BI001860,M001607,2025-07-03,4441.3,Credit Card,Success
PA001861,BI001861,M000579,2025-11-01,5298.68,Net Banking,Success
PA001862,BI001862,M002489,2024-04-23,3705.03,,Success
PA001863,BI001863,M001983,2025-03-18,4191.14,Net Banking,Failed
PA001864,BI001864,M000653,2025-04-25,3954.27,Net Banking,Success
PA001865,BI001865,M001754,2024-08-25,2078.65,Wallet,Success
PA001866,BI001866,M001438,2024-11-17,4918.99,Cash,Success
PA001867,BI001867,M000101,2025-07-02,2769.84,,Success
PA001868,BI001868,M002473,2025-08-02,4078.61,Credit Card,Success
PA001869,BI001869,M000836,2025-11-14,3247.5,Wallet,Success
PA001870,BI001870,M001044,2025-11-03,5598.23,Wallet,Success
PA001871,BI001871,M001373,2025-09-13,2616.35,Cash,Success
PA001872,BI001872,M001287,2025-01-24,4874.26,Credit Card,Success
PA001873,BI001873,M002064,2025-12-07,3298.4,Credit Card,Success
PA001874,BI001874,M001870,2024-12-26,-3187.9,Wallet,Success
PA001875,BI001875,M001052,2025-05-08,2667.17,Debit Card,Success
PA001876,BI001876,M001438,2024-11-17,3431.85,Credit Card,Success
PA001877,BI001877,M002296,2025-08-13,5595.14,Wallet,Success
PA001878,BI001878,M000061,2025-06-12,2830.34,Cash,Success
PA001879,BI001879,M000994,2024-08-16,4701.18,Debit Card,Success
PA001880,BI001880,M000509,2024-02-11,3887.13,Net Banking,Success
PA001881,BI001881,M000760,2025-10-22,4130.6,Cash,Success
PA001882,BI001882,M000171,2024-02-11,1776.3,Credit Card,Success
PA001883,BI001883,M001437,2024-07-31,824.68,,Success
PA001884,BI001884,M001367,2024-08-15,1529.89,Wallet,Success
PA001885,BI001885,M001415,2024-12-24,3695.64,Debit Card,Success
PA001886,BI001886,M001682,2024-02-24,3947.56,Wallet,Success
PA001887,BI001887,M000284,2025-09-01,4587.77,Net Banking,Success
PA001888,BI001888,M001321,2024-09-26,2009.54,Net Banking,Success
PA001889,BI001889,M000379,2024-01-25,3971.17,Cash,Success
PA001890,BI001890,M001501,2024-10-30,3808.64,UPI,Success
PA001891,BI001891,M001146,2025-09-20,1923.66,Credit Card,Success
PA001892,BI001892,M001874,2025-05-09,5226.92,Net Banking,Success
PA001893,BI001893,M002145,2024-05-16,2681.7,Debit Card,Success
PA001894,BI001894,M000292,2025-04-03,3414.11,,Success
PA001895,BI001895,M001977,2025-11-27,4538.32,Cash,Success
PA001896,BI001896,M001366,2025-11-08,5214.69,Net Banking,Success
PA001897,BI001897,M000788,2025-02-14,3882.85,Net Banking,Success
PA001898,BI001898,M000300,2024-05-17,947.29,Credit Card,Success
PA001899,BI001899,M001521,2024-09-20,4717.11,Cash,Success
PA001900,BI001900,M000144,2025-09-14,2896.9,Net Banking,Success
PA001901,BI001901,M000688,2025-08-21,555.9,Debit Card,Success
PA001902,BI001902,M001546,2024-08-03,1419.43,Credit Card,Success
PA001903,BI001903,M001454,2024-03-27,1345.54,Cash,Success
PA001904,BI001904,M001362,2025-01-18,4666.91,Net Banking,Success
PA001905,BI001905,M000633,2025-02-19,5197.98,Wallet,Success
PA001906,BI001906,M001990,2025-09-23,1092.16,Cash,Success
PA001907,BI001907,M000721,2025-07-12,2330.61,Credit Card,Success
PA001908,BI001908,M000935,2024-05-09,4521.79,Cash,Success
PA001909,BI001909,M002139,2025-07-04,1730.03,UPI,Success
PA001910,BI001910,M002438,2025-02-06,2528.6,Cash,Success
PA001911,BI001911,M001275,2024-05-27,2247.34,Cash,Success
PA001912,BI001912,M001190,2025-03-08,499.46,Net Banking,Success
PA001913,BI001913,M000414,2025-07-29,3551.85,Net Banking,Success
PA001914,BI001914,M000113,2025-10-02,2027.67,Net Banking,Success
PA001915,BI001915,M000123,2025-10-15,5046.93,Debit Card,Failed
PA001916,BI001916,M001401,2025-02-01,2615.43,Credit Card,Failed
PA001917,BI001917,M001172,2024-03-02,4351.01,Credit Card,Success
PA001918,BI001918,M001609,2025-04-13,4607.74,Debit Card,Success
PA001919,BI001919,M000731,2024-09-17,4709.69,UPI,Success
PA001920,BI001920,M002101,2025-01-08,4563.47,Wallet,Success
PA001921,BI001921,M000668,2024-05-30,4097.85,Wallet,Success
PA001922,BI001922,M000288,2024-10-21,2929.9,Credit Card,Failed
PA001923,BI001923,M000470,2024-02-03,2119.0,UPI,Success
PA001924,BI001924,M002049,2024-09-27,3348.73,Credit Card,Success
PA001925,BI001925,M000814,2025-06-06,4355.82,Wallet,Success
PA001926,BI001926,M000897,2025-11-07,1468.91,UPI,Refunded
PA001927,BI001927,M002269,2024-05-02,2595.97,Debit Card,Success
PA001928,BI001928,M002258,2024-05-30,4636.55,Net Banking,Success
PA001929,BI001929,M001604,2025-08-04,2991.96,UPI,Success
PA001930,BI001930,M001293,2024-05-26,1920.96,Debit Card,Success
PA001931,BI001931,M001650,2024-04-24,5147.98,UPI,Success
PA001932,BI001932,M001510,2024-01-08,1283.99,Cash,Success
PA001933,BI001933,M001403,2024-02-02,2264.43,Cash,Refunded
PA001934,BI001934,M000822,2024-08-29,5569.89,Wallet,Success
PA001935,BI001935,M002356,2024-12-25,4327.22,Cash,Success
PA001936,BI001936,M000964,2024-02-22,2599.11,UPI,Success
PA001937,BI001937,M000288,2024-04-22,5179.04,Credit Card,Success
PA001938,BI001938,M001789,2025-09-30,3243.38,UPI,Failed
PA001939,BI001939,M001009,2025-12-12,4826.81,Net Banking,Success
PA001940,BI001940,M001477,2025-02-14,1250.32,,Success
PA001941,BI001941,M000152,2025-10-03,2465.53,Debit Card,Success
PA001942,BI001942,M002268,2024-08-26,1942.5,UPI,Failed
PA001943,BI001943,M002144,2025-12-19,2688.76,Debit Card,Success
PA001944,BI001944,M001784,2024-04-21,2355.57,UPI,Success
PA001945,BI001945,M001736,2024-03-05,2975.15,Net Banking,Success
PA001946,BI001946,M002019,2024-12-24,1264.19,Credit Card,Success
PA001947,BI001947,M001061,2024-09-05,1547.12,Cash,Success
PA001948,BI001948,M000649,2024-11-20,3924.16,,Success
PA001949,BI001949,M002023,2025-08-12,3856.08,Net Banking,Success
PA001950,BI001950,M001757,2024-05-04,2805.58,Net Banking,Success
PA001951,BI001951,M001733,2024-10-25,2983.55,Cash,Failed
PA001952,BI001952,M001972,2025-03-29,5696.98,Wallet,Success
PA001953,BI001953,M000935,2024-08-11,1906.71,Credit Card,Success
PA001954,BI001954,M001753,2024-11-27,3465.76,Cash,Success
PA001955,BI001955,M000152,2024-07-20,3994.73,Wallet,Success
PA001956,BI001956,M001758,2025-06-16,1530.94,Debit Card,Success
PA001957,BI001957,M001609,2025-04-13,3242.04,Debit Card,Success
PA001958,BI001958,M001676,2025-04-29,4419.52,Cash,Success
PA001959,BI001959,M002211,2024-08-25,4578.34,Wallet,Success
PA001960,BI001960,M000285,2024-10-29,2489.7,,Success
PA001961,BI001961,M000060,2024-09-04,-2082.87,,Success
PA001962,BI001962,M000805,2025-01-21,3527.04,Cash,Failed
PA001963,BI001963,M001233,2024-12-02,1875.43,Cash,Success
PA001964,BI001964,M001931,2024-03-22,1767.47,Wallet,Success
PA001965,BI001965,M001876,2025-02-09,2643.31,Credit Card,Success
PA001966,BI001966,M000005,2025-04-29,1602.88,Wallet,Failed
PA001967,BI001967,M000657,2024-09-21,2194.83,Cash,Success
PA001968,BI001968,M001924,2025-07-05,3982.12,Cash,Success
PA001969,BI001969,M001410,2024-04-07,1980.64,Net Banking,Success
PA001970,BI001970,M001226,2025-11-11,1466.4,Wallet,Success
PA001971,BI001971,M000163,2025-02-05,1510.97,Credit Card,Success
PA001972,BI001972,M002054,2025-08-08,4471.61,Wallet,Success
PA001973,BI001973,M001703,2024-01-29,3199.16,Cash,Success
PA001974,BI001974,M001624,2024-10-18,2067.97,Net Banking,Success
PA001975,BI001975,M000404,2025-09-16,3318.66,Credit Card,Success
PA001976,BI001976,M002324,2025-05-31,2201.58,Debit Card,Success
PA001977,BI001977,M001645,2025-01-21,2433.02,UPI,Success
PA001978,BI001978,M002333,2024-02-16,4168.15,UPI,Success
PA001979,BI001979,M001158,2024-07-31,4399.94,UPI,Success
PA001980,BI001980,M001568,2024-12-15,2651.72,Debit Card,Success
PA001981,BI001981,M001976,2024-10-16,3838.42,Net Banking,Success
PA001982,BI001982,M001015,2025-05-17,3099.42,Cash,Success
PA001983,BI001983,M001172,2024-03-02,3828.99,Credit Card,Refunded
PA001984,BI001984,M002437,2025-01-28,2565.2,Debit Card,Success
PA001985,BI001985,M001447,2025-07-24,4411.97,,Success
PA001986,BI001986,M000963,2025-04-04,4367.85,Debit Card,Success
PA001987,BI001987,M002095,2024-01-20,1322.93,Credit Card,Success
PA001988,BI001988,M001280,2025-01-05,5431.57,Credit Card,Failed
PA001989,BI001989,M001984,2024-12-23,2147.44,Debit Card,Success
PA001990,BI001990,M000524,2025-03-21,2607.96,UPI,Success
PA001991,BI001991,M000202,2025-08-13,1585.07,Credit Card,Success
PA001992,BI001992,M001227,2025-12-12,5109.83,UPI,Success
PA001993,BI001993,M001647,2025-12-03,3138.78,Net Banking,Success
PA001994,BI001994,M000606,2024-10-29,2201.32,Debit Card,Success
PA001995,BI001995,M000020,2024-10-16,5650.45,Net Banking,Success
PA001996,BI001996,M000163,2025-05-02,2819.05,Wallet,Success
PA001997,BI001997,M001171,2025-12-20,2215.79,Net Banking,Refunded
PA001998,BI001998,M000333,2025-06-09,3899.56,Debit Card,Success
PA001999,BI001999,M001853,2024-07-31,3438.57,Cash,Success
PA002000,BI002000,M001707,2025-10-11,4148.84,Net Banking,Success
PA002001,BI002001,M001729,2024-08-08,4421.1,Debit Card,Success
PA002002,BI002002,M001962,2024-06-15,2326.52,Net Banking,Success
PA002003,BI002003,M000352,2024-09-10,2472.32,Credit Card,Success
PA002004,BI002004,M002008,2024-08-12,1089.95,,Success
PA002005,BI002005,M000093,2024-06-27,5124.15,Credit Card,Success
PA002006,BI002006,M000715,2025-03-22,2229.18,Credit Card,Success
PA002007,BI002007,M001676,2025-04-29,3825.35,Wallet,Success
PA002008,BI002008,M001197,2025-10-30,1828.31,UPI,Success
PA002009,BI002009,M001210,2024-06-10,4899.24,Debit Card,Success
PA002010,BI002010,M002404,2024-02-07,3808.43,Credit Card,Success
PA002011,BI002011,M001917,2025-09-03,2401.49,Credit Card,Success
PA002012,BI002012,M002129,2024-02-21,1392.84,Net Banking,Success
PA002013,BI002013,M002081,2025-04-30,1759.67,Debit Card,Failed
PA002014,BI002014,M001712,2024-12-14,3361.38,Credit Card,Success
PA002015,BI002015,M000340,2025-06-10,5135.29,Cash,Success
PA002016,BI002016,M002438,2024-05-20,2059.4,Cash,Success
PA002017,BI002017,M000876,2024-11-13,2112.32,UPI,Success
PA002018,BI002018,M000637,2024-08-25,2168.49,Cash,Success
PA002019,BI002019,M000061,2025-06-12,2199.71,Cash,Success
PA002020,BI002020,M000999,2024-11-12,3488.72,UPI,Success
PA002021,BI002021,M001489,2025-09-02,1170.54,Credit Card,Success
PA002022,BI002022,M001481,2025-11-27,1232.28,Credit Card,Success
PA002023,BI002023,M001171,2025-09-13,4270.67,Wallet,Success
PA002024,BI002024,M001991,2025-06-18,5470.4,Credit Card,Success
PA002025,BI002025,M000933,2024-09-02,1647.33,Wallet,Failed
PA002026,BI002026,M000675,2025-04-30,2303.77,UPI,Success
PA002027,BI002027,M001971,2025-01-04,3562.03,Net Banking,Success
PA002028,BI002028,M000624,2024-06-19,3918.33,Cash,Success
PA002029,BI002029,M002025,2025-03-10,4617.41,Credit Card,Success
PA002030,BI002030,M001435,2024-08-18,2091.81,Net Banking,Success
PA002031,BI002031,M000469,2025-12-04,4313.63,Net Banking,Success
PA002032,BI002032,M001542,2025-07-11,1416.87,Cash,Success
PA002033,BI002033,M000950,2025-08-05,2775.29,UPI,Success
PA002034,BI002034,M000215,2025-02-05,3159.65,UPI,Success
PA002035,BI002035,M001745,2024-04-19,2768.4,Cash,Success
PA002036,BI002036,M001837,2024-09-12,3186.86,Net Banking,Success
PA002037,BI002037,M001271,2025-08-28,4054.22,UPI,Success
PA002038,BI002038,M001964,2024-12-21,4294.03,Wallet,Success
PA002039,BI002039,M002107,2025-09-19,1968.79,Wallet,Success
PA002040,BI002040,M000674,2024-10-20,2580.04,Credit Card,Success
PA002041,BI002041,M002362,2024-02-29,1208.2,Cash,Success
PA002042,BI002042,M002247,2024-05-30,2141.53,Credit Card,Success
PA002043,BI002043,M001324,2024-05-25,4293.07,Net Banking,Success
PA002044,BI002044,M001544,2025-12-15,2166.33,Credit Card,Success
PA002045,BI002045,M001133,2024-01-25,3988.09,Debit Card,Success
PA002046,BI002046,M000428,2025-06-16,2429.59,Debit Card,Success
PA002047,BI002047,M002018,2024-04-25,3134.23,Debit Card,Success
PA002048,BI002048,M000861,2025-10-03,3615.44,Cash,Success
PA002049,BI002049,M001665,2025-01-17,1861.24,UPI,Success
PA002050,BI002050,M000627,2024-02-28,4093.63,UPI,Success
PA002051,BI002051,M002465,2025-09-26,2687.43,Net Banking,Success
PA002052,BI002052,M001606,2024-03-24,3362.56,Cash,Success
PA002053,BI002053,M001413,2025-05-06,4921.41,Debit Card,Success
PA002054,BI002054,M000439,2025-08-31,1418.31,Wallet,Success
PA002055,BI002055,M001975,2025-04-11,2037.63,UPI,Success
PA002056,BI002056,M000240,2024-07-13,2644.54,Debit Card,Success
PA002057,BI002057,M001510,2024-01-08,1872.53,Debit Card,Success
PA002058,BI002058,M002413,2024-05-01,3727.57,Cash,Success
PA002059,BI002059,M000290,2025-10-25,2565.02,Wallet,Success
PA002060,BI002060,M000844,2025-07-12,3507.42,Debit Card,Failed
PA002061,BI002061,M001848,2024-09-30,1890.63,Credit Card,Success
PA002062,BI002062,M001184,2024-09-29,3962.36,Debit Card,Success
PA002063,BI002063,M002358,2024-06-22,4224.51,Cash,Success
PA002064,BI002064,M001815,2025-04-11,2847.91,UPI,Success
PA002065,BI002065,M001373,2025-09-13,1727.1,Credit Card,Success
PA002066,BI002066,M001561,2025-08-03,3160.3,Debit Card,Success
PA002067,BI002067,M001216,2024-12-23,1528.9,Credit Card,Success
PA002068,BI002068,M002401,2025-05-26,2807.93,Credit Card,Success
PA002069,BI002069,M002371,2025-04-11,2657.99,Debit Card,Success
PA002070,BI002070,M000401,2025-12-23,3433.24,Debit Card,Success
PA002071,BI002071,M001942,2025-04-22,2381.95,Net Banking,Success
PA002072,BI002072,M002079,2024-05-22,2199.25,Debit Card,Success
PA002073,BI002073,M001639,2025-06-09,4222.69,Cash,Success
PA002074,BI002074,M002427,2025-09-21,3985.32,UPI,Success
PA002075,BI002075,M000210,2024-09-30,1368.22,UPI,Success
PA002076,BI002076,M002257,2025-10-15,3375.2,,Success
PA002077,BI002077,M001076,2025-05-24,2428.15,Debit Card,Success
PA002078,BI002078,M000021,2025-03-18,2115.35,Net Banking,Success
PA002079,BI002079,M000211,2024-03-05,934.62,Debit Card,Refunded
PA002080,BI002080,M000989,2025-03-08,2203.78,Credit Card,Success
PA002081,BI002081,M001993,2025-03-19,4233.61,Debit Card,Success
PA002082,BI002082,M000637,2024-09-15,4546.74,Cash,Success
PA002083,BI002083,M001643,2024-01-08,2211.69,UPI,Success
PA002084,BI002084,M001895,2024-03-04,1907.19,Net Banking,Success
PA002085,BI002085,M000859,2025-10-15,2490.91,Credit Card,Refunded
PA002086,BI002086,M002458,2024-05-30,2777.52,Credit Card,Failed
PA002087,BI002087,M001061,2024-12-16,5907.88,Debit Card,Success
PA002088,BI002088,M000915,2025-08-06,3977.59,Debit Card,Success
PA002089,BI002089,M000395,2024-03-16,2998.51,Debit Card,Success
PA002090,BI002090,M000748,2025-08-13,3697.99,Debit Card,Success
PA002091,BI002091,M000078,2024-06-02,4403.16,Net Banking,Success
PA002092,BI002092,M000029,2024-02-23,3377.87,Credit Card,Success
PA002093,BI002093,M000591,2024-07-04,3788.88,Cash,Success
PA002094,BI002094,M000669,2024-09-11,1519.05,Net Banking,Success
PA002095,BI002095,M001215,2024-09-21,3329.48,UPI,Success
PA002096,BI002096,M001004,2025-01-29,3261.29,Net Banking,Success
PA002097,BI002097,M001974,2025-08-09,-3155.64,Debit Card,Success
PA002098,BI002098,M001777,2025-09-22,3875.31,Credit Card,Success
PA002099,BI002099,M001187,2024-10-16,5591.68,Net Banking,Success
PA002100,BI002100,M001198,2024-03-27,2140.77,Cash,Success
PA002101,BI002101,M002130,2025-04-12,4104.97,Credit Card,Success
PA002102,BI002102,M000941,2025-09-26,2656.05,Net Banking,Success
PA002103,BI002103,M000300,2024-11-23,5897.94,UPI,Failed
PA002104,BI002104,M000267,2025-06-20,2466.98,Net Banking,Success
PA002105,BI002105,M002479,2024-03-13,3498.36,Debit Card,Success
PA002106,BI002106,M002192,2024-06-28,2408.41,Net Banking,Success
PA002107,BI002107,M001461,2025-08-09,1793.68,Wallet,Success
PA002108,BI002108,M000542,2025-08-19,3999.43,Cash,Success
PA002109,BI002109,M001109,2025-09-10,3369.96,Debit Card,Success
PA002110,BI002110,M000140,2024-10-02,2072.05,Cash,Success
PA002111,BI002111,M000788,2024-11-25,758.79,Wallet,Success
PA002112,BI002112,M002030,2024-12-26,2474.99,Debit Card,Success
PA002113,BI002113,M000355,2025-11-08,2373.12,Debit Card,Success
PA002114,BI002114,M002137,2025-01-04,1321.72,,Success
PA002115,BI002115,M001961,2024-11-08,2411.56,Net Banking,Success
PA002116,BI002116,M001304,2025-06-14,3034.82,UPI,Success
PA002117,BI002117,M001336,2025-04-17,3592.25,Net Banking,Failed
PA002118,BI002118,M002159,2025-11-18,4227.63,Credit Card,Success
PA002119,BI002119,M002349,2025-06-04,3242.92,Cash,Success
PA002120,BI002120,M000153,2025-04-06,3197.15,UPI,Success
PA002121,BI002121,M001963,2025-09-26,4281.35,Cash,Success
PA002122,BI002122,M001972,2025-04-14,2868.16,Wallet,Success
PA002123,BI002123,M001859,2025-02-27,3984.52,UPI,Success
PA002124,BI002124,M001997,2024-01-08,4887.48,Debit Card,Success
PA002125,BI002125,M001824,2025-11-22,3532.46,Credit Card,Success
PA002126,BI002126,M001147,2025-11-05,3236.2,Cash,Refunded
PA002127,BI002127,M001527,2025-04-30,4662.63,Wallet,Success
PA002128,BI002128,M000838,2025-03-06,3284.28,Credit Card,Success
PA002129,BI002129,M000827,2025-10-20,3371.09,Wallet,Success
PA002130,BI002130,M000372,2024-09-21,3819.16,Credit Card,Success
PA002131,BI002131,M000037,2024-12-07,5590.66,Net Banking,Success
PA002132,BI002132,M000414,2024-09-27,2385.69,Wallet,Success
PA002133,BI002133,M000425,2024-11-29,4175.83,Cash,Success
PA002134,BI002134,M000119,2024-07-28,4875.5,Wallet,Success
PA002135,BI002135,M001951,2025-10-08,1697.07,Wallet,Success
PA002136,BI002136,M001656,2025-02-02,2065.13,Credit Card,Success
PA002137,BI002137,M001641,2025-07-20,1282.99,Debit Card,Success
PA002138,BI002138,M001220,2025-04-10,4724.16,Credit Card,Success
PA002139,BI002139,M000358,2024-12-25,4312.77,,Success
PA002140,BI002140,M000403,2025-04-08,3285.78,Wallet,Success
PA002141,BI002141,M000714,2024-10-13,2348.91,UPI,Success
PA002142,BI002142,M000706,2025-04-27,3148.79,Wallet,Success
PA002143,BI002143,M002086,2024-04-01,4016.21,Net Banking,Success
PA002144,BI002144,M002431,2024-01-15,2468.75,UPI,Failed
PA002145,BI002145,M001528,2025-10-21,1007.07,Net Banking,Success
PA002146,BI002146,M001289,2024-12-19,2304.01,Cash,Success
PA002147,BI002147,M000800,2025-04-15,2591.63,Wallet,Success
PA002148,BI002148,M001228,2024-09-30,3903.72,UPI,Success
PA002149,BI002149,M000086,2024-08-25,2947.27,Net Banking,Success
PA002150,BI002150,M000456,2024-06-14,3251.13,Net Banking,Success
PA002151,BI002151,M002031,2025-08-19,5100.71,Cash,Success
PA002152,BI002152,M002114,2025-02-04,2829.28,Net Banking,Success
PA002153,BI002153,M001545,2024-08-21,3482.12,Cash,Success
PA002154,BI002154,M002163,2025-02-27,2396.45,UPI,Success
PA002155,BI002155,M000321,2024-07-24,3856.22,Wallet,Success
PA002156,BI002156,M001046,2025-12-15,2241.16,Net Banking,Success
PA002157,BI002157,M001711,2024-12-17,2698.82,Net Banking,Success
PA002158,BI002158,M000299,2024-11-29,3766.59,Debit Card,Success
PA002159,BI002159,M001080,2024-12-28,2238.99,Net Banking,Success
PA002160,BI002160,M001091,2025-07-28,3084.79,Net Banking,Success
PA002161,BI002161,M001324,2024-11-30,2846.67,Cash,Success
PA002162,BI002162,M001796,2024-05-15,3634.1,Credit Card,Success
PA002163,BI002163,M001651,2025-07-18,3453.18,UPI,Success
PA002164,BI002164,M001914,2024-06-29,4690.7,Wallet,Refunded
PA002165,BI002165,M001507,2025-10-15,2946.71,Net Banking,Success
PA002166,BI002166,M001270,2025-10-07,2832.88,Net Banking,Success
PA002167,BI002167,M001912,2024-12-07,3613.83,Debit Card,Success
PA002168,BI002168,M000478,2025-11-08,1666.29,Net Banking,Success
PA002169,BI002169,M001293,2024-05-26,4551.83,Wallet,Success
PA002170,BI002170,M001184,2025-01-16,2023.84,Wallet,Success
PA002171,BI002171,M001753,2025-10-26,754.2,UPI,Success
PA002172,BI002172,M002393,2025-12-10,2936.28,Credit Card,Failed
PA002173,BI002173,M001854,2025-11-07,3626.32,Wallet,Failed
PA002174,BI002174,M000571,2024-12-06,2831.79,Wallet,Success
PA002175,BI002175,M001957,2025-03-15,2624.98,Debit Card,Success
PA002176,BI002176,M002161,2025-03-16,4495.39,Debit Card,Success
PA002177,BI002177,M001475,2025-01-01,2886.7,Wallet,Success
PA002178,BI002178,M000537,2024-10-15,4100.13,Net Banking,Success
PA002179,BI002179,M001905,2024-01-19,595.87,Credit Card,Success
PA002180,BI002180,M001030,2024-05-19,3012.48,Cash,Success
PA002181,BI002181,M002171,2024-01-01,4388.62,Debit Card,Refunded
PA002182,BI002182,M001303,2024-10-02,4129.56,Debit Card,Success
PA002183,BI002183,M001746,2024-05-07,1131.45,UPI,Success
PA002184,BI002184,M000968,2024-10-21,2446.31,Credit Card,Success
PA002185,BI002185,M001483,2025-01-20,4440.2,Wallet,Failed
PA002186,BI002186,M000148,2025-04-29,3521.81,UPI,Success
PA002187,BI002187,M001367,2024-08-15,5486.67,Credit Card,Failed
PA002188,BI002188,M002029,2024-08-25,2588.6,,Success
PA002189,BI002189,M002368,2025-05-22,1570.76,Wallet,Success
PA002190,BI002190,M001494,2024-07-17,2433.27,Wallet,Success
PA002191,BI002191,M000018,2024-12-05,3324.38,Cash,Refunded
PA002192,BI002192,M001990,2024-11-06,4274.59,Debit Card,Failed
PA002193,BI002193,M002001,2025-10-23,1288.62,UPI,Success
PA002194,BI002194,M000332,2025-10-14,4966.95,Cash,Success
PA002195,BI002195,M001492,2024-07-01,3560.09,Credit Card,Success
PA002196,BI002196,M001843,2025-11-03,4724.77,Credit Card,Success
PA002197,BI002197,M000533,2024-02-02,2826.2,UPI,Success
PA002198,BI002198,M000191,2024-06-15,1782.7,Credit Card,Success
PA002199,BI002199,M001785,2024-11-09,3586.59,Net Banking,Refunded
PA002200,BI002200,M000509,2024-03-06,2773.52,Debit Card,Success
PA002201,BI002201,M000013,2024-07-28,2834.93,Debit Card,Success
PA002202,BI002202,M001528,2025-10-21,3050.61,Wallet,Failed
PA002203,BI002203,M000478,2025-09-05,1435.86,Debit Card,Success
PA002204,BI002204,M002436,2024-06-05,3749.12,Credit Card,Success
PA002205,BI002205,M001812,2025-02-24,4833.33,Net Banking,Success
PA002206,BI002206,M001788,2024-02-15,1774.72,Credit Card,Success
PA002207,BI002207,M001841,2024-12-14,4691.41,Cash,Success
PA002208,BI002208,M001961,2025-11-12,4441.24,Cash,Success
PA002209,BI002209,M002369,2024-06-16,4514.9,Credit Card,Success
PA002210,BI002210,M001809,2025-04-12,3784.7,Cash,Success
PA002211,BI002211,M002086,2025-06-07,4070.14,Credit Card,Success
PA002212,BI002212,M002029,2024-04-27,3538.79,Cash,Success
PA002213,BI002213,M001823,2025-07-15,3203.15,Cash,Success
PA002214,BI002214,M001602,2024-05-24,3893.58,Debit Card,Success
PA002215,BI002215,M001705,2024-11-04,2226.08,,Failed
PA002216,BI002216,M002498,2025-05-30,1908.54,Debit Card,Success
PA002217,BI002217,M000744,2024-07-27,4011.62,Wallet,Success
PA002218,BI002218,M001245,2025-02-22,3584.18,Net Banking,Success
PA002219,BI002219,M000883,2024-10-10,3569.28,Debit Card,Success
PA002220,BI002220,M000882,2024-06-12,2594.76,Debit Card,Success
PA002221,BI002221,M000165,2025-08-02,2973.05,Net Banking,Success
PA002222,BI002222,M001746,2024-05-07,3702.06,Net Banking,Success
PA002223,BI002223,M000880,2024-04-16,4382.26,Cash,Success
PA002224,BI002224,M001125,2025-09-10,5536.85,Credit Card,Success
PA002225,BI002225,M002087,2024-12-09,3014.05,Cash,Success
PA002226,BI002226,M001076,2025-12-26,2446.11,Debit Card,Success
PA002227,BI002227,M001919,2024-10-14,3085.37,Credit Card,Success
PA002228,BI002228,M000448,2025-03-27,4573.82,Credit Card,Success
PA002229,BI002229,M002136,2024-10-09,3314.76,Debit Card,Success
PA002230,BI002230,M001276,2025-10-04,2856.64,UPI,Success
PA002231,BI002231,M001800,2025-05-23,2838.04,Debit Card,Success
PA002232,BI002232,M001457,2025-02-19,3570.26,Debit Card,Success
PA002233,BI002233,M000072,2025-08-07,3305.99,Cash,Failed
PA002234,BI002234,M000303,2025-12-31,3841.1,Credit Card,Success
PA002235,BI002235,M000876,2024-05-07,4421.83,Wallet,Success
PA002236,BI002236,M000899,2024-04-05,5509.03,Debit Card,Success
PA002237,BI002237,M002059,2024-06-12,2348.74,Debit Card,Success
PA002238,BI002238,M001078,2025-06-29,4329.76,UPI,Success
PA002239,BI002239,M001021,2025-12-22,3845.32,Debit Card,Success
PA002240,BI002240,M001802,2025-11-15,2687.16,Net Banking,Success
PA002241,BI002241,M001434,2025-11-07,3989.45,Credit Card,Success
PA002242,BI002242,M000576,2024-04-30,4563.58,Cash,Success
PA002243,BI002243,M001541,2025-08-25,3680.87,UPI,Failed
PA002244,BI002244,M001987,2025-11-21,5157.63,Wallet,Success
PA002245,BI002245,M000852,2025-02-24,3717.81,Debit Card,Failed
PA002246,BI002246,M001086,2024-02-13,2256.58,Net Banking,Success
PA002247,BI002247,M001948,2024-03-02,1765.9,Credit Card,Success
PA002248,BI002248,M001544,2025-12-15,1461.01,Credit Card,Success
PA002249,BI002249,M000788,2025-10-10,3273.51,Cash,Success
PA002250,BI002250,M001250,2025-11-11,1013.34,Debit Card,Success
PA002251,BI002251,M001071,2025-11-18,3783.49,Wallet,Success
PA002252,BI002252,M001123,2024-01-03,3482.02,Net Banking,Success
PA002253,BI002253,M001329,2025-02-07,5217.11,Debit Card,Success
PA002254,BI002254,M001024,2025-01-19,2814.78,Cash,Success
PA002255,BI002255,M001338,2024-01-14,2372.67,Wallet,Success
PA002256,BI002256,M000485,2024-02-13,1153.39,Cash,Success
PA002257,BI002257,M000134,2024-01-08,3607.76,Debit Card,Success
PA002258,BI002258,M001718,2024-07-10,1269.79,Credit Card,Failed
PA002259,BI002259,M000449,2025-11-25,2115.56,Cash,Success
PA002260,BI002260,M002245,2024-02-06,2904.9,,Success
PA002261,BI002261,M000943,2024-01-03,4257.49,Net Banking,Success
PA002262,BI002262,M001286,2025-05-04,3447.57,UPI,Success
PA002263,BI002263,M000564,2025-07-11,2498.98,Net Banking,Success
PA002264,BI002264,M000617,2024-05-26,2053.33,Wallet,Success
PA002265,BI002265,M002115,2025-12-15,5193.48,Cash,Success
PA002266,BI002266,M000015,2024-09-23,3718.66,Credit Card,Success
PA002267,BI002267,M002018,2025-08-01,-3672.47,Net Banking,Success
PA002268,BI002268,M002044,2024-11-16,1147.53,,Success
PA002269,BI002269,M002394,2025-01-31,5162.66,Credit Card,Success
PA002270,BI002270,M001004,2025-09-02,4290.57,Net Banking,Success
PA002271,BI002271,M001753,2025-12-26,2245.41,UPI,Success
PA002272,BI002272,M001936,2025-11-16,2854.93,Debit Card,Success
PA002273,BI002273,M001285,2024-08-28,2310.88,Cash,Success
PA002274,BI002274,M001556,2025-06-30,1355.79,Net Banking,Success
PA002275,BI002275,M000511,2025-09-20,2445.59,Credit Card,Success
PA002276,BI002276,M002318,2025-09-06,4264.64,UPI,Success
PA002277,BI002277,M002181,2025-03-17,1954.7,Wallet,Success
PA002278,BI002278,M001140,2025-03-08,2305.66,UPI,Success
PA002279,BI002279,M000439,2024-09-20,2325.15,Net Banking,Success
PA002280,BI002280,M002227,2025-07-14,4857.76,UPI,Failed
PA002281,BI002281,M000088,2025-10-29,4585.95,Credit Card,Success
PA002282,BI002282,M000184,2025-02-18,3184.22,Debit Card,Success
PA002283,BI002283,M002485,2024-06-02,1962.08,Wallet,Success
PA002284,BI002284,M002185,2024-10-31,3281.51,,Success
PA002285,BI002285,M000735,2024-08-25,4338.72,Debit Card,Success
PA002286,BI002286,M002159,2024-11-05,2176.79,,Success
PA002287,BI002287,M001221,2024-03-18,4363.68,Wallet,Success
PA002288,BI002288,M000688,2024-06-22,1248.46,Cash,Success
PA002289,BI002289,M001755,2025-12-11,3472.56,Net Banking,Success
PA002290,BI002290,M000807,2024-10-16,3283.83,Net Banking,Success
PA002291,BI002291,M002309,2024-08-21,2530.98,Wallet,Success
PA002292,BI002292,M002493,2025-08-27,3262.83,Wallet,Success
PA002293,BI002293,M001874,2025-11-16,1576.93,Net Banking,Success
PA002294,BI002294,M001253,2024-02-01,5238.04,UPI,Success
PA002295,BI002295,M001233,2025-08-24,4842.54,Credit Card,Success
PA002296,BI002296,M000230,2024-01-21,5159.2,Net Banking,Success
PA002297,BI002297,M002309,2024-08-21,3479.43,Wallet,Success
PA002298,BI002298,M002059,2025-07-11,1923.08,UPI,Success
PA002299,BI002299,M000638,2025-07-27,3597.51,Cash,Success
PA002300,BI002300,M001803,2024-09-14,1417.91,Credit Card,Success
PA002301,BI002301,M001483,2025-01-20,2415.83,Debit Card,Success
PA002302,BI002302,M000768,2024-02-06,3279.37,Credit Card,Success
PA002303,BI002303,M001834,2024-06-22,3798.76,Debit Card,Success
PA002304,BI002304,M001853,2024-10-02,4314.07,UPI,Success
PA002305,BI002305,M001339,2025-10-31,1932.83,UPI,Success
PA002306,BI002306,M001081,2025-03-02,4819.44,UPI,Success
PA002307,BI002307,M001180,2025-12-13,3627.8,Net Banking,Refunded
PA002308,BI002308,M000981,2024-07-18,3733.29,Wallet,Success
PA002309,BI002309,M000057,2024-06-06,2685.21,Cash,Success
PA002310,BI002310,M001758,2025-07-20,2103.8,Wallet,Refunded
PA002311,BI002311,M001171,2025-11-07,3768.55,Wallet,Success
PA002312,BI002312,M001150,2024-12-29,4584.93,Cash,Success
PA002313,BI002313,M002040,2024-06-13,2508.5,Debit Card,Success
PA002314,BI002314,M000880,2024-04-16,3287.58,Wallet,Success
PA002315,BI002315,M002414,2025-10-16,2117.39,Debit Card,Success
PA002316,BI002316,M002130,2025-07-05,1395.81,Wallet,Success
PA002317,BI002317,M001519,2025-04-26,4488.77,UPI,Success
PA002318,BI002318,M002316,2024-05-30,2526.44,Net Banking,Success
PA002319,BI002319,M000729,2024-12-24,1621.52,Cash,Success
PA002320,BI002320,M000078,2025-11-18,2869.02,Cash,Success
PA002321,BI002321,M000669,2025-02-03,5646.94,Cash,Success
PA002322,BI002322,M000395,2024-04-26,2448.62,Wallet,Success
PA002323,BI002323,M000938,2025-04-23,4684.71,UPI,Failed
PA002324,BI002324,M001153,2025-03-07,2452.4,Debit Card,Success
PA002325,BI002325,M002095,2024-04-29,3706.59,Debit Card,Success
PA002326,BI002326,M001560,2025-08-02,3194.45,Net Banking,Success
PA002327,BI002327,M001831,2024-04-07,2328.04,Cash,Success
PA002328,BI002328,M001049,2024-03-14,4347.63,Credit Card,Success
PA002329,BI002329,M000537,2024-10-15,1835.07,Cash,Success
PA002330,BI002330,M000768,2024-09-08,3098.74,Credit Card,Success
PA002331,BI002331,M001454,2025-06-29,4698.58,Net Banking,Success
PA002332,BI002332,M002139,2024-08-03,1717.91,UPI,Success
PA002333,BI002333,M001576,2024-07-04,3215.37,Net Banking,Refunded
PA002334,BI002334,M002280,2024-05-24,3839.43,Cash,Success
PA002335,BI002335,M000526,2025-12-02,4488.55,Wallet,Success
PA002336,BI002336,M001183,2025-01-27,1527.02,Net Banking,Success
PA002337,BI002337,M002188,2025-10-25,2088.22,Wallet,Success
PA002338,BI002338,M000774,2025-10-29,3730.02,,Success
PA002339,BI002339,M001538,2024-08-11,3338.72,Debit Card,Success
PA002340,BI002340,M002218,2024-09-14,486.86,Cash,Success
PA002341,BI002341,M000950,2025-08-05,4361.3,,Success
PA002342,BI002342,M002233,2025-09-06,1213.61,Net Banking,Success
PA002343,BI002343,M001442,2025-10-08,4485.89,Cash,Success
PA002344,BI002344,M001197,2025-09-16,5071.56,Debit Card,Failed
PA002345,BI002345,M000902,2025-09-13,2432.88,Credit Card,Success
PA002346,BI002346,M000710,2024-10-30,4354.67,Cash,Success
PA002347,BI002347,M002172,2025-03-01,3652.63,Net Banking,Success
PA002348,BI002348,M001751,2025-08-31,3512.47,Wallet,Success
PA002349,BI002349,M000254,2024-09-13,3399.72,Debit Card,Success
PA002350,BI002350,M001821,2024-02-14,2041.43,Debit Card,Success
PA002351,BI002351,M000746,2024-05-01,4788.75,UPI,Success
PA002352,BI002352,M001488,2024-10-01,1728.14,Credit Card,Success
PA002353,BI002353,M001418,2025-02-07,4962.61,Net Banking,Failed
PA002354,BI002354,M000028,2024-03-16,4361.33,Wallet,Success
PA002355,BI002355,M000741,2024-12-29,4661.28,Cash,Success
PA002356,BI002356,M000965,2024-07-08,2156.69,UPI,Failed
PA002357,BI002357,M000107,2024-09-10,2802.78,Wallet,Success
PA002358,BI002358,M000389,2024-11-26,2442.75,Wallet,Success
PA002359,BI002359,M001837,2024-09-12,2223.64,UPI,Success
PA002360,BI002360,M001571,2025-08-17,4206.6,Cash,Refunded
PA002361,BI002361,M001623,2024-05-18,3059.98,,Success
PA002362,BI002362,M001094,2024-09-30,4354.78,,Success
PA002363,BI002363,M001027,2025-03-31,1376.36,Wallet,Success
PA002364,BI002364,M000540,2025-08-06,4414.83,UPI,Success
PA002365,BI002365,M000370,2024-04-07,1825.2,Credit Card,Success
PA002366,BI002366,M000526,2025-01-09,4238.81,Cash,Success
PA002367,BI002367,M001812,2025-02-07,2803.64,Credit Card,Failed
PA002368,BI002368,M000470,2024-02-03,1956.49,Debit Card,Success
PA002369,BI002369,M001282,2024-05-24,2877.11,Debit Card,Success
PA002370,BI002370,M000746,2025-09-08,2649.84,Net Banking,Success
PA002371,BI002371,M002295,2024-02-29,2249.52,,Success
PA002372,BI002372,M002024,2025-01-05,4509.23,Wallet,Success
PA002373,BI002373,M000315,2025-09-09,2659.76,Net Banking,Success
PA002374,BI002374,M001197,2024-07-26,5506.71,Credit Card,Success
PA002375,BI002375,M001348,2025-09-22,4973.84,Net Banking,Success
PA002376,BI002376,M000471,2025-01-19,3439.1,Debit Card,Success
PA002377,BI002377,M002031,2025-08-19,885.67,UPI,Success
PA002378,BI002378,M001917,2025-02-09,3369.67,Net Banking,Success
PA002379,BI002379,M001519,2025-11-11,3257.8,Debit Card,Success
PA002380,BI002380,M000717,2025-05-19,2255.19,Wallet,Success
PA002381,BI002381,M001583,2025-04-18,2531.96,Debit Card,Success
PA002382,BI002382,M000968,2024-01-09,2313.11,,Success
PA002383,BI002383,M001020,2025-10-24,4589.91,Cash,Refunded
PA002384,BI002384,M002137,2025-05-11,5169.43,Cash,Success
PA002385,BI002385,M002473,2025-01-29,2773.83,Debit Card,Success
PA002386,BI002386,M002440,2024-10-21,3226.46,Net Banking,Success
PA002387,BI002387,M002239,2025-06-06,3225.01,Credit Card,Success
PA002388,BI002388,M001194,2025-09-01,2968.62,Net Banking,Success
PA002389,BI002389,M001695,2024-12-06,2296.07,,Success
PA002390,BI002390,M000126,2024-02-27,2855.49,Credit Card,Success
PA002391,BI002391,M001020,2024-02-11,5167.89,Cash,Success
PA002392,BI002392,M001932,2024-03-27,3273.71,Wallet,Success
PA002393,BI002393,M000805,2025-01-21,1646.24,UPI,Success
PA002394,BI002394,M001759,2025-06-22,2109.03,Debit Card,Success
PA002395,BI002395,M000563,2024-03-14,2551.64,Debit Card,Success
PA002396,BI002396,M000797,2024-03-13,3880.36,Net Banking,Success
PA002397,BI002397,M000411,2025-02-28,1140.82,,Success
PA002398,BI002398,M001215,2025-05-11,2759.88,Credit Card,Success
PA002399,BI002399,M001215,2025-03-05,5042.22,Net Banking,Success
PA002400,BI002400,M002020,2024-06-24,4451.23,Net Banking,Success
PA002401,BI002401,M000957,2025-07-10,1180.3,Net Banking,Success
PA002402,BI002402,M001135,2024-10-16,3310.7,Debit Card,Success
PA002403,BI002403,M002329,2025-04-24,4786.85,Debit Card,Success
PA002404,BI002404,M000091,2024-07-03,3424.68,Debit Card,Success
PA002405,BI002405,M001886,2025-02-26,3528.21,Cash,Success
PA002406,BI002406,M000458,2024-05-13,2575.29,UPI,Success
PA002407,BI002407,M001348,2025-09-22,1913.79,Credit Card,Success
PA002408,BI002408,M002039,2025-01-18,2539.89,Credit Card,Failed
PA002409,BI002409,M000261,2025-08-30,3605.4,Net Banking,Success
PA002410,BI002410,M001283,2025-04-06,4848.19,Debit Card,Success
PA002411,BI002411,M000774,2025-10-29,5940.48,UPI,Success
PA002412,BI002412,M001571,2025-09-16,2722.25,UPI,Failed
PA002413,BI002413,M001906,2025-09-01,2955.67,Credit Card,Success
PA002414,BI002414,M000888,2024-02-28,4086.9,Debit Card,Success
PA002415,BI002415,M001745,2025-11-11,3371.79,Cash,Success
PA002416,BI002416,M002099,2025-02-08,3013.04,UPI,Success
PA002417,BI002417,M000512,2024-01-28,4036.85,Credit Card,Success
PA002418,BI002418,M000051,2025-08-14,3333.25,UPI,Failed
PA002419,BI002419,M000008,2025-05-15,3415.81,Wallet,Success
PA002420,BI002420,M000965,2025-12-13,6004.7,Net Banking,Success
PA002421,BI002421,M002343,2024-03-24,2717.7,,Success
PA002422,BI002422,M001943,2024-03-12,3444.98,Debit Card,Success
PA002423,BI002423,M001149,2024-09-10,3210.09,UPI,Success
PA002424,BI002424,M002198,2025-04-14,3657.98,Credit Card,Success
PA002425,BI002425,M000155,2025-02-06,4819.35,Wallet,Success
PA002426,BI002426,M001393,2024-04-25,3065.38,UPI,Success
PA002427,BI002427,M000218,2025-10-07,1227.31,Net Banking,Success
PA002428,BI002428,M001174,2025-10-25,4275.83,UPI,Success
PA002429,BI002429,M002123,2025-05-01,4024.29,Debit Card,Success
PA002430,BI002430,M000957,2024-08-29,4941.75,Net Banking,Success
PA002431,BI002431,M001475,2025-10-24,6033.88,Credit Card,Failed
PA002432,BI002432,M000791,2024-02-23,3443.3,Net Banking,Success
PA002433,BI002433,M000319,2025-12-27,1974.5,Credit Card,Success
PA002434,BI002434,M000498,2024-07-18,1102.56,Net Banking,Success
PA002435,BI002435,M001546,2024-06-30,2658.79,Credit Card,Success
PA002436,BI002436,M001517,2025-08-22,3685.02,Wallet,Failed
PA002437,BI002437,M001738,2025-06-26,3606.84,Debit Card,Success
PA002438,BI002438,M000015,2024-07-07,3535.39,Net Banking,Success
PA002439,BI002439,M002301,2024-09-05,1664.69,Credit Card,Success
PA002440,BI002440,M000834,2024-02-17,4691.05,UPI,Success
PA002441,BI002441,M000356,2025-05-07,4213.23,Cash,Failed
PA002442,BI002442,M000209,2024-07-11,3444.67,UPI,Success
PA002443,BI002443,M002277,2024-10-25,2467.12,Net Banking,Success
PA002444,BI002444,M000159,2024-08-05,1625.63,UPI,Success
PA002445,BI002445,M002143,2024-07-24,1528.12,Credit Card,Success
PA002446,BI002446,M000059,2025-12-07,4269.62,Wallet,Success
PA002447,BI002447,M001150,2025-03-16,3627.06,Credit Card,Failed
PA002448,BI002448,M000332,2025-10-14,3350.92,Wallet,Failed
PA002449,BI002449,M000018,2024-07-15,1114.82,,Success
PA002450,BI002450,M000668,2025-11-09,4731.23,Credit Card,Success
PA002451,BI002451,M000261,2025-08-05,3744.0,Wallet,Success
PA002452,BI002452,M002186,2024-11-05,5628.58,Wallet,Failed
PA002453,BI002453,M000826,2025-08-04,4257.44,Debit Card,Success
PA002454,BI002454,M001266,2024-10-07,-2404.45,Wallet,Success
PA002455,BI002455,M001544,2025-10-08,3944.81,Credit Card,Success
PA002456,BI002456,M000472,2024-11-26,3425.01,Net Banking,Success
PA002457,BI002457,M001994,2025-05-22,756.6,Wallet,Success
PA002458,BI002458,M001890,2025-08-05,3186.93,Wallet,Success
PA002459,BI002459,M002001,2025-03-11,3308.66,Cash,Success
PA002460,BI002460,M002478,2025-04-30,3238.22,Credit Card,Success
PA002461,BI002461,M001286,2025-07-09,2634.25,Debit Card,Refunded
PA002462,BI002462,M001741,2025-07-31,2050.35,UPI,Success
PA002463,BI002463,M002219,2024-03-22,3363.37,Net Banking,Success
PA002464,BI002464,M002394,2025-04-04,3102.38,Cash,Success
PA002465,BI002465,M002144,2025-12-19,3255.27,Wallet,Success
PA002466,BI002466,M002119,2024-06-12,4892.94,Debit Card,Success
PA002467,BI002467,M002165,2024-02-19,1626.15,Net Banking,Success
PA002468,BI002468,M002192,2024-02-11,2446.3,UPI,Success
PA002469,BI002469,M000229,2025-02-10,4569.33,Wallet,Success
PA002470,BI002470,M001484,2024-04-11,3334.32,UPI,Success
PA002471,BI002471,M001128,2025-06-16,3366.61,Credit Card,Success
PA002472,BI002472,M000685,2025-05-15,3626.61,Wallet,Success
PA002473,BI002473,M001490,2025-10-03,3537.57,Net Banking,Success
PA002474,BI002474,M000109,2025-09-16,1726.14,Credit Card,Success
PA002475,BI002475,M001700,2025-07-16,3670.83,Cash,Success
PA002476,BI002476,M001725,2024-10-14,4963.96,Debit Card,Success
PA002477,BI002477,M001733,2024-12-17,2667.77,Wallet,Success
PA002478,BI002478,M000154,2025-11-25,4299.87,Debit Card,Success
PA002479,BI002479,M002387,2024-03-16,4615.3,Credit Card,Success
PA002480,BI002480,M001572,2025-12-19,5467.45,Credit Card,Success
PA002481,BI002481,M002446,2025-02-02,2990.3,UPI,Success
PA002482,BI002482,M002243,2025-07-11,1802.48,Credit Card,Success
PA002483,BI002483,M002145,2024-05-17,1787.96,Credit Card,Success
PA002484,BI002484,M001028,2025-09-09,2018.71,Cash,Success
PA002485,BI002485,M001946,2024-11-27,1883.0,Cash,Success
PA002486,BI002486,M000093,2024-01-25,3468.4,Cash,Success
PA002487,BI002487,M002067,2025-12-31,2871.52,Credit Card,Success
PA002488,BI002488,M002413,2024-05-01,3378.21,Debit Card,Success
PA002489,BI002489,M001076,2025-09-10,1680.44,Net Banking,Failed
PA002490,BI002490,M000561,2025-07-24,1632.49,Net Banking,Success
PA002491,BI002491,M001207,2024-02-26,4636.43,UPI,Success
PA002492,BI002492,M002222,2024-09-14,5512.14,Net Banking,Success
PA002493,BI002493,M000386,2025-10-25,3292.96,UPI,Success
PA002494,BI002494,M001393,2024-04-25,4390.44,Cash,Success
PA002495,BI002495,M001388,2025-07-23,3668.61,Cash,Success
PA002496,BI002496,M001434,2025-06-16,3411.68,Wallet,Success
PA002497,BI002497,M002466,2025-10-20,4150.32,Wallet,Success
PA002498,BI002498,M000244,2025-08-21,2929.69,Credit Card,Success
PA002499,BI002499,M001304,2025-01-03,3070.64,,Success
PA002500,BI002500,M000761,2024-02-24,4205.94,Net Banking,Success
PA002501,BI002501,M001182,2025-05-15,4865.15,Debit Card,Success
PA002502,BI002502,M000031,2024-06-12,2853.19,Debit Card,Success
PA002503,BI002503,M001005,2024-08-20,3525.8,Wallet,Success
PA002504,BI002504,M001868,2025-01-19,5482.28,Credit Card,Success
PA002505,BI002505,M000407,2024-03-17,4765.84,Debit Card,Success
PA002506,BI002506,M000208,2025-08-06,2928.72,Credit Card,Success
PA002507,BI002507,M002028,2024-11-04,5059.99,Wallet,Success
PA002508,BI002508,M000839,2024-04-15,1770.76,UPI,Success
PA002509,BI002509,M001052,2025-05-08,3149.89,Cash,Success
PA002510,BI002510,M001039,2025-02-22,5562.8,Net Banking,Success
PA002511,BI002511,M000822,2025-08-14,-5087.81,,Success
PA002512,BI002512,M001829,2024-07-20,3356.81,UPI,Success
PA002513,BI002513,M001443,2025-01-01,-2409.53,Wallet,Success
PA002514,BI002514,M000898,2024-06-13,1644.51,Net Banking,Success
PA002515,BI002515,M001197,2024-12-04,3185.91,Wallet,Success
PA002516,BI002516,M000999,2025-07-17,4844.44,Cash,Success
PA002517,BI002517,M002327,2025-01-23,1518.89,Wallet,Success
PA002518,BI002518,M001883,2024-12-22,3355.24,Credit Card,Success
PA002519,BI002519,M000342,2024-10-17,3453.55,Wallet,Success
PA002520,BI002520,M001457,2025-02-19,1968.89,Credit Card,Failed
PA002521,BI002521,M001520,2024-05-26,4020.74,Net Banking,Refunded
PA002522,BI002522,M000240,2025-07-16,1626.55,UPI,Success
PA002523,BI002523,M002357,2025-02-02,3140.44,Credit Card,Success
PA002524,BI002524,M002207,2025-07-05,3787.68,Credit Card,Success
PA002525,BI002525,M002481,2024-11-18,2647.75,Credit Card,Success
PA002526,BI002526,M002361,2024-11-25,2947.89,UPI,Success
PA002527,BI002527,M000434,2024-03-02,994.68,,Success
PA002528,BI002528,M001316,2025-04-19,3273.33,Cash,Success
PA002529,BI002529,M000361,2025-05-30,2260.03,Debit Card,Success
PA002530,BI002530,M001634,2024-11-21,2095.51,Net Banking,Success
PA002531,BI002531,M001721,2025-11-27,3423.88,Net Banking,Success
PA002532,BI002532,M000180,2025-08-22,4373.35,Net Banking,Success
PA002533,BI002533,M000648,2025-01-28,1948.82,UPI,Success
PA002534,BI002534,M001226,2024-11-05,2932.63,Debit Card,Success
PA002535,BI002535,M000175,2024-08-23,5025.89,UPI,Success
PA002536,BI002536,M000984,2025-12-06,5380.91,UPI,Success
PA002537,BI002537,M000972,2024-06-23,1290.84,Credit Card,Success
PA002538,BI002538,M001095,2024-12-01,1960.13,UPI,Success
PA002539,BI002539,M000942,2025-08-01,2785.58,Net Banking,Success
PA002540,BI002540,M002442,2025-04-23,2896.83,Net Banking,Success
PA002541,BI002541,M000602,2024-08-02,4098.84,Net Banking,Success
PA002542,BI002542,M001300,2025-04-03,3440.0,Wallet,Success
PA002543,BI002543,M000572,2025-09-21,4788.27,Credit Card,Success
PA002544,BI002544,M000607,2025-07-11,4642.35,Net Banking,Success
PA002545,BI002545,M001416,2024-06-19,708.82,Wallet,Success
PA002546,BI002546,M001150,2024-03-07,3888.65,UPI,Success
PA002547,BI002547,M002343,2025-10-12,5103.72,Wallet,Success
PA002548,BI002548,M000630,2025-09-29,3367.58,Cash,Success
PA002549,BI002549,M000076,2024-11-02,4459.84,Net Banking,Success
PA002550,BI002550,M001773,2025-08-29,1604.55,,Success
PA002551,BI002551,M002403,2024-05-01,4358.49,UPI,Success
PA002552,BI002552,M000446,2025-08-11,2003.82,Net Banking,Failed
PA002553,BI002553,M002287,2025-07-22,2980.79,Net Banking,Success
PA002554,BI002554,M000106,2024-09-02,3698.64,Credit Card,Success
PA002555,BI002555,M000612,2024-10-12,1060.81,Cash,Success
PA002556,BI002556,M002295,2024-02-29,2624.1,Wallet,Success
PA002557,BI002557,M001546,2025-09-11,3397.55,Net Banking,Success
PA002558,BI002558,M001186,2025-11-22,2646.89,UPI,Success
PA002559,BI002559,M000428,2025-06-16,5054.37,Debit Card,Success
PA002560,BI002560,M000033,2025-07-02,1718.9,Net Banking,Success
PA002561,BI002561,M001449,2025-01-15,1705.77,Credit Card,Success
PA002562,BI002562,M002445,2024-08-27,1900.95,Cash,Success
PA002563,BI002563,M001472,2024-06-03,-3204.93,Cash,Success
PA002564,BI002564,M001579,2024-03-13,3788.11,Debit Card,Success
PA002565,BI002565,M000077,2025-02-22,4527.48,Cash,Success
PA002566,BI002566,M000917,2025-10-24,4040.64,UPI,Success
PA002567,BI002567,M000318,2024-12-12,3639.45,UPI,Success
PA002568,BI002568,M000669,2024-09-11,4556.49,Net Banking,Success
PA002569,BI002569,M000941,2025-04-16,4476.41,Wallet,Success
PA002570,BI002570,M001288,2025-11-27,4371.43,UPI,Success
PA002571,BI002571,M001619,2024-11-09,3252.02,Cash,Success
PA002572,BI002572,M001279,2024-08-21,4582.55,UPI,Success
PA002573,BI002573,M001391,2025-05-11,3683.73,Credit Card,Refunded
PA002574,BI002574,M001430,2024-07-12,3992.77,Wallet,Success
PA002575,BI002575,M000201,2025-07-06,4475.61,Cash,Success
PA002576,BI002576,M001802,2024-11-18,5298.65,Wallet,Success
PA002577,BI002577,M000862,2025-10-31,4285.61,Wallet,Failed
PA002578,BI002578,M001990,2024-12-28,3524.33,Debit Card,Success
PA002579,BI002579,M001227,2025-12-12,2475.3,Wallet,Success
PA002580,BI002580,M000665,2024-10-17,3098.8,Credit Card,Success
PA002581,BI002581,M000226,2025-11-10,1338.03,Wallet,Success
PA002582,BI002582,M002117,2025-06-19,1589.7,Credit Card,Success
PA002583,BI002583,M000056,2024-06-30,2193.55,,Success
PA002584,BI002584,M000071,2024-08-13,-5058.06,,Success
PA002585,BI002585,M000983,2025-02-26,1770.37,Net Banking,Success
PA002586,BI002586,M001655,2024-12-19,4294.07,Debit Card,Success
PA002587,BI002587,M000478,2025-09-05,1329.58,Credit Card,Failed
PA002588,BI002588,M000492,2024-01-04,3851.51,Cash,Success
PA002589,BI002589,M001988,2025-09-30,4688.08,Cash,Success
PA002590,BI002590,M001407,2024-08-10,4773.05,UPI,Success
PA002591,BI002591,M001327,2024-06-05,3508.92,Cash,Success
PA002592,BI002592,M000455,2024-10-01,1973.98,Debit Card,Failed
PA002593,BI002593,M000950,2025-08-05,1229.59,Credit Card,Success
PA002594,BI002594,M001676,2024-08-05,4317.1,Debit Card,Success
PA002595,BI002595,M000243,2025-04-13,3890.96,UPI,Success
PA002596,BI002596,M001995,2024-10-17,4536.71,Debit Card,Success
PA002597,BI002597,M000750,2024-04-05,3212.27,Credit Card,Success
PA002598,BI002598,M001246,2025-08-22,2364.95,UPI,Success
PA002599,BI002599,M000984,2025-04-27,4782.31,,Failed
PA002600,BI002600,M001817,2025-05-27,4296.56,Debit Card,Success
PA002601,BI002601,M001283,2024-07-16,3839.67,Credit Card,Success
PA002602,BI002602,M000336,2025-02-22,2849.35,Cash,Success
PA002603,BI002603,M000830,2024-02-01,1146.99,Net Banking,Failed
PA002604,BI002604,M001190,2024-05-05,4594.35,Credit Card,Success
PA002605,BI002605,M001797,2024-12-13,3343.37,UPI,Success
PA002606,BI002606,M000152,2025-03-28,3798.99,Credit Card,Failed
PA002607,BI002607,M000475,2025-03-04,4708.62,UPI,Success
PA002608,BI002608,M002289,2024-05-19,2620.68,Debit Card,Success
PA002609,BI002609,M002078,2025-07-28,1553.47,Net Banking,Success
PA002610,BI002610,M000671,2024-07-04,1953.53,Net Banking,Success
PA002611,BI002611,M000608,2025-06-14,2539.27,Wallet,Success
PA002612,BI002612,M000414,2025-11-01,4140.87,Net Banking,Success
PA002613,BI002613,M001510,2025-06-30,5248.64,UPI,Success
PA002614,BI002614,M000077,2025-02-22,2570.14,Cash,Success
PA002615,BI002615,M001773,2024-11-22,5045.49,Wallet,Failed
PA002616,BI002616,M000698,2025-05-19,1956.65,Debit Card,Success
PA002617,BI002617,M000737,2025-04-23,3567.71,Net Banking,Success
PA002618,BI002618,M002066,2024-12-18,2362.85,Credit Card,Success
PA002619,BI002619,M001293,2024-05-26,4184.82,Cash,Success
PA002620,BI002620,M002299,2025-10-11,2891.37,Debit Card,Success
PA002621,BI002621,M000768,2024-12-20,5036.28,UPI,Refunded
PA002622,BI002622,M002182,2025-12-21,4759.34,Debit Card,Success
PA002623,BI002623,M001439,2024-01-24,3005.89,UPI,Success
PA002624,BI002624,M002162,2025-06-11,5133.68,Net Banking,Success
PA002625,BI002625,M002473,2024-02-24,3428.45,Net Banking,Success
PA002626,BI002626,M001182,2025-05-15,2794.24,Cash,Success
PA002627,BI002627,M001840,2024-11-02,4531.53,Debit Card,Success
PA002628,BI002628,M001579,2024-03-13,3378.16,Cash,Success
PA002629,BI002629,M002027,2024-10-27,5284.81,Cash,Success
PA002630,BI002630,M000639,2024-12-29,3535.26,Cash,Success
PA002631,BI002631,M000675,2024-07-09,4510.69,Net Banking,Success
PA002632,BI002632,M002314,2024-02-11,4425.24,Cash,Failed
PA002633,BI002633,M000232,2025-03-06,2110.46,Net Banking,Success
PA002634,BI002634,M000988,2025-06-13,5263.15,Wallet,Success
PA002635,BI002635,M001902,2024-12-24,2625.58,Wallet,Success
PA002636,BI002636,M002211,2024-03-23,1607.95,UPI,Failed
PA002637,BI002637,M000324,2025-04-17,4757.6,UPI,Success
PA002638,BI002638,M000498,2025-06-15,1605.81,Credit Card,Success
PA002639,BI002639,M001964,2024-06-09,3623.64,Wallet,Success
PA002640,BI002640,M002114,2025-02-04,1367.38,Net Banking,Success
PA002641,BI002641,M001190,2024-05-05,4492.22,Debit Card,Success
PA002642,BI002642,M000008,2024-03-11,1393.88,Debit Card,Success
PA002643,BI002643,M001486,2025-04-04,3892.02,Credit Card,Success
PA002644,BI002644,M002329,2025-11-09,2412.74,UPI,Success
PA002645,BI002645,M002355,2024-08-31,2306.6,Credit Card,Success
PA002646,BI002646,M001408,2024-01-20,3219.61,Debit Card,Success
PA002647,BI002647,M001727,2025-06-19,3266.64,Net Banking,Success
PA002648,BI002648,M001909,2025-04-07,1721.49,UPI,Success
PA002649,BI002649,M000521,2025-03-01,1555.16,Cash,Success
PA002650,BI002650,M001786,2025-11-29,2663.13,,Success
PA002651,BI002651,M001895,2024-03-04,3466.14,UPI,Success
PA002652,BI002652,M002306,2024-09-28,4062.97,Net Banking,Success
PA002653,BI002653,M000777,2025-06-03,4491.03,UPI,Success
PA002654,BI002654,M002268,2025-06-05,3425.59,Credit Card,Success
PA002655,BI002655,M001798,2025-03-26,4669.82,Credit Card,Refunded
PA002656,BI002656,M001785,2025-12-09,3536.39,Net Banking,Success
PA002657,BI002657,M001537,2025-02-06,3723.17,Credit Card,Success
PA002658,BI002658,M001044,2025-03-26,3886.87,Wallet,Success
PA002659,BI002659,M000329,2025-10-23,-1411.39,Debit Card,Success
PA002660,BI002660,M001184,2024-09-29,1397.28,UPI,Success
PA002661,BI002661,M000742,2025-05-06,3448.4,,Success
PA002662,BI002662,M000115,2025-02-21,3346.62,Cash,Success
PA002663,BI002663,M002009,2025-09-13,1225.29,Credit Card,Success
PA002664,BI002664,M000893,2024-02-26,3616.29,UPI,Success
PA002665,BI002665,M001172,2025-04-09,2194.03,Credit Card,Success
PA002666,BI002666,M000030,2025-11-16,4728.73,Wallet,Success
PA002667,BI002667,M000450,2024-03-10,4559.34,Credit Card,Success
PA002668,BI002668,M002352,2024-06-12,1832.1,Debit Card,Success
PA002669,BI002669,M000668,2024-02-06,3306.96,Wallet,Success
PA002670,BI002670,M002488,2024-04-05,4629.52,UPI,Success
PA002671,BI002671,M001564,2024-05-23,3632.42,Wallet,Success
PA002672,BI002672,M002191,2025-09-12,3709.08,Net Banking,Success
PA002673,BI002673,M002198,2025-12-26,4405.83,Cash,Success
PA002674,BI002674,M001808,2024-04-02,1646.88,Credit Card,Refunded
PA002675,BI002675,M001340,2024-01-08,4338.18,Net Banking,Success
PA002676,BI002676,M001232,2024-10-19,3915.68,Credit Card,Success
PA002677,BI002677,M002024,2024-11-04,4273.72,Cash,Success
PA002678,BI002678,M001436,2025-07-06,3221.55,Wallet,Failed
PA002679,BI002679,M000516,2025-12-12,1503.55,Credit Card,Success
PA002680,BI002680,M000990,2024-08-27,2638.3,Wallet,Success
PA002681,BI002681,M001112,2025-07-03,1700.65,,Success
PA002682,BI002682,M001116,2024-02-09,3096.49,Cash,Success
PA002683,BI002683,M001517,2024-06-06,1856.05,Cash,Success
PA002684,BI002684,M000429,2024-06-13,4156.27,Net Banking,Success
PA002685,BI002685,M002106,2024-06-08,2207.73,,Success
PA002686,BI002686,M001347,2024-08-10,3314.99,Net Banking,Success
PA002687,BI002687,M000745,2025-09-04,4956.6,UPI,Success
PA002688,BI002688,M000663,2024-11-28,3766.93,Credit Card,Success
PA002689,BI002689,M002460,2024-02-18,1152.65,Credit Card,Success
PA002690,BI002690,M001626,2024-01-17,2097.15,Wallet,Success
PA002691,BI002691,M002186,2024-11-05,1348.29,Debit Card,Success
PA002692,BI002692,M001707,2025-10-11,1622.79,Credit Card,Success
PA002693,BI002693,M000783,2025-07-30,4551.18,Debit Card,Success
PA002694,BI002694,M001591,2024-12-24,3376.79,Net Banking,Success
PA002695,BI002695,M001332,2024-08-19,3299.72,Wallet,Success
PA002696,BI002696,M000573,2024-04-21,3594.19,Cash,Refunded
PA002697,BI002697,M000368,2025-12-17,2226.0,Wallet,Success
PA002698,BI002698,M000139,2025-09-24,2457.8,UPI,Failed
PA002699,BI002699,M001178,2024-03-06,1603.83,Wallet,Success
PA002700,BI002700,M000112,2025-04-26,3071.15,Cash,Success
PA002701,BI002701,M000115,2025-02-21,2575.95,UPI,Success
PA002702,BI002702,M000927,2024-12-09,2793.57,UPI,Success
PA002703,BI002703,M002097,2024-12-20,2974.7,Wallet,Success
PA002704,BI002704,M001626,2025-09-18,2912.4,Debit Card,Success
PA002705,BI002705,M000423,2024-05-07,2535.32,Net Banking,Success
PA002706,BI002706,M002233,2024-09-09,4362.84,Net Banking,Success
PA002707,BI002707,M000460,2024-03-01,2779.62,Net Banking,Success
PA002708,BI002708,M002192,2024-06-28,4868.03,Wallet,Success
PA002709,BI002709,M001559,2024-03-02,1648.17,Debit Card,Success
PA002710,BI002710,M001119,2024-09-12,4665.19,Debit Card,Success
PA002711,BI002711,M000411,2024-04-06,5189.21,UPI,Success
PA002712,BI002712,M002481,2024-06-10,3749.49,,Success
PA002713,BI002713,M000757,2024-11-23,2353.28,Debit Card,Failed
PA002714,BI002714,M002444,2025-07-05,3711.9,Net Banking,Success
PA002715,BI002715,M002085,2024-09-18,2809.63,,Success
PA002716,BI002716,M001801,2025-06-03,1602.9,Cash,Success
PA002717,BI002717,M001485,2025-04-20,3014.62,Cash,Success
PA002718,BI002718,M000968,2024-10-21,1406.94,Debit Card,Success
PA002719,BI002719,M000270,2025-08-01,2248.64,Cash,Success
PA002720,BI002720,M002238,2024-09-09,2917.82,Net Banking,Success
PA002721,BI002721,M001330,2024-05-06,3344.76,Wallet,Success
PA002722,BI002722,M000789,2025-11-08,2769.18,Credit Card,Success
PA002723,BI002723,M001142,2025-01-09,4129.55,Credit Card,Success
PA002724,BI002724,M001878,2024-09-19,4715.34,Credit Card,Success
PA002725,BI002725,M000254,2024-08-16,5355.15,Cash,Success
PA002726,BI002726,M002157,2024-04-20,2590.64,UPI,Success
PA002727,BI002727,M002498,2024-01-18,5117.05,UPI,Success
PA002728,BI002728,M000615,2025-03-19,2859.1,UPI,Success
PA002729,BI002729,M002092,2025-05-01,5054.74,Debit Card,Success
PA002730,BI002730,M000494,2024-11-17,1138.93,UPI,Success
PA002731,BI002731,M001778,2025-11-09,2344.74,UPI,Refunded
PA002732,BI002732,M001291,2025-04-09,3401.66,UPI,Success
PA002733,BI002733,M001484,2025-12-12,3801.17,Wallet,Success
PA002734,BI002734,M002338,2025-06-24,1558.59,Cash,Success
PA002735,BI002735,M001425,2025-08-08,4562.9,Debit Card,Success
PA002736,BI002736,M000047,2024-04-28,2577.5,UPI,Success
PA002737,BI002737,M002266,2024-09-30,2698.56,Net Banking,Success
PA002738,BI002738,M002078,2025-10-31,3662.82,Wallet,Success
PA002739,BI002739,M001585,2024-06-24,2252.8,Net Banking,Success
PA002740,BI002740,M001947,2025-05-25,3069.55,UPI,Success
PA002741,BI002741,M002150,2025-03-17,3988.17,Cash,Success
PA002742,BI002742,M001475,2025-01-01,1802.86,Credit Card,Success
PA002743,BI002743,M002249,2025-10-20,4076.41,UPI,Success
PA002744,BI002744,M000093,2024-02-02,1300.43,Credit Card,Success
PA002745,BI002745,M002252,2025-03-23,3139.39,Credit Card,Success
PA002746,BI002746,M000987,2025-09-25,3032.06,UPI,Success
PA002747,BI002747,M001777,2024-12-21,1834.85,Debit Card,Success
PA002748,BI002748,M001826,2025-05-03,2528.57,Cash,Failed
PA002749,BI002749,M000639,2024-09-14,3949.98,Credit Card,Success
PA002750,BI002750,M002191,2024-09-05,5698.64,Credit Card,Success
PA002751,BI002751,M000550,2025-05-05,3933.19,Cash,Success
PA002752,BI002752,M000248,2025-05-22,-2076.42,Cash,Success
PA002753,BI002753,M002193,2024-03-20,3962.93,Wallet,Success
PA002754,BI002754,M002478,2024-09-07,2518.07,Wallet,Success
PA002755,BI002755,M002210,2024-06-28,2032.22,Cash,Success
PA002756,BI002756,M002249,2024-12-04,1433.84,Credit Card,Refunded
PA002757,BI002757,M000035,2024-10-10,2948.04,UPI,Success
PA002758,BI002758,M000005,2025-04-29,1404.86,Cash,Success
PA002759,BI002759,M001193,2025-10-04,2970.85,,Failed
PA002760,BI002760,M000873,2025-03-27,3502.79,Cash,Success
PA002761,BI002761,M000554,2025-05-20,2521.66,Credit Card,Success
PA002762,BI002762,M001014,2025-01-12,1211.48,Debit Card,Success
PA002763,BI002763,M001157,2025-03-29,3889.3,Credit Card,Success
PA002764,BI002764,M002071,2024-10-12,2081.4,Net Banking,Success
PA002765,BI002765,M001560,2025-06-08,2438.25,Credit Card,Failed
PA002766,BI002766,M000153,2024-10-27,4964.45,Credit Card,Success
PA002767,BI002767,M001324,2025-05-26,1997.04,Debit Card,Success
PA002768,BI002768,M002312,2024-09-27,4671.26,Net Banking,Success
PA002769,BI002769,M001190,2024-05-05,3297.99,Cash,Success
PA002770,BI002770,M001827,2024-08-30,5355.59,Credit Card,Success
PA002771,BI002771,M001381,2025-02-07,2911.34,Cash,Success
PA002772,BI002772,M002394,2025-04-04,2528.93,UPI,Success
PA002773,BI002773,M001589,2024-04-09,3133.45,Debit Card,Success
PA002774,BI002774,M001642,2025-07-13,5164.59,Wallet,Success
PA002775,BI002775,M000115,2024-03-22,3912.38,Net Banking,Success
PA002776,BI002776,M000075,2025-08-30,1436.98,Credit Card,Success
PA002777,BI002777,M001295,2024-07-30,3156.11,Credit Card,Success
PA002778,BI002778,M001607,2025-07-03,4634.82,Credit Card,Success
PA002779,BI002779,M001707,2025-10-11,3852.98,,Success
PA002780,BI002780,M001910,2024-07-27,2678.26,Net Banking,Failed
PA002781,BI002781,M002480,2025-12-06,3872.43,UPI,Success
PA002782,BI002782,M000544,2025-04-10,3796.66,Cash,Failed
PA002783,BI002783,M002086,2025-06-07,2218.82,Wallet,Success
PA002784,BI002784,M001048,2024-12-08,2593.19,,Success
PA002785,BI002785,M000972,2025-06-30,2943.98,,Success
PA002786,BI002786,M001708,2025-12-23,1930.46,Cash,Failed
PA002787,BI002787,M000641,2024-08-29,2536.19,UPI,Success
PA002788,BI002788,M002190,2025-01-22,2436.0,Credit Card,Success
PA002789,BI002789,M000252,2024-03-03,3324.44,Debit Card,Success
PA002790,BI002790,M002145,2024-05-16,3721.51,Debit Card,Success
PA002791,BI002791,M000684,2025-04-15,2443.42,UPI,Success
PA002792,BI002792,M001797,2024-12-13,1340.23,,Success
PA002793,BI002793,M000574,2025-02-12,3884.99,Net Banking,Success
PA002794,BI002794,M001046,2025-12-15,4700.87,,Success
PA002795,BI002795,M001799,2024-12-01,1743.74,Debit Card,Success
PA002796,BI002796,M001595,2024-08-02,3872.97,Net Banking,Success
PA002797,BI002797,M000837,2025-04-13,4479.81,Cash,Success
PA002798,BI002798,M002270,2024-08-20,4693.44,,Success
PA002799,BI002799,M000294,2025-08-17,2970.83,Cash,Success
PA002800,BI002800,M001039,2024-07-13,2343.26,UPI,Failed
PA002801,BI002801,M002287,2025-03-12,2615.61,Wallet,Success
PA002802,BI002802,M002098,2025-12-22,3555.7,Credit Card,Success
PA002803,BI002803,M000899,2024-01-13,4813.8,Wallet,Success
PA002804,BI002804,M001556,2024-07-09,2838.01,Net Banking,Success
PA002805,BI002805,M000376,2024-05-03,3505.57,Cash,Success
PA002806,BI002806,M000684,2024-06-22,2379.72,Debit Card,Success
PA002807,BI002807,M000385,2025-04-25,3573.28,Credit Card,Success
PA002808,BI002808,M002235,2024-11-01,4124.27,Debit Card,Success
PA002809,BI002809,M001259,2025-12-19,3849.54,Net Banking,Success
PA002810,BI002810,M001848,2025-06-16,4197.05,Debit Card,Success
PA002811,BI002811,M002292,2024-03-06,4483.58,UPI,Success
PA002812,BI002812,M000684,2025-07-28,4457.69,UPI,Success
PA002813,BI002813,M001021,2024-04-17,4942.3,Wallet,Success
PA002814,BI002814,M002021,2025-12-09,5167.55,Debit Card,Failed
PA002815,BI002815,M002292,2025-10-26,1198.91,Cash,Success
PA002816,BI002816,M001777,2025-09-22,4758.39,,Success
PA002817,BI002817,M000159,2024-03-02,2342.45,Wallet,Success
PA002818,BI002818,M000054,2025-04-17,5569.5,Credit Card,Success
PA002819,BI002819,M001267,2024-03-03,2889.4,Wallet,Success
PA002820,BI002820,M002082,2024-02-25,3488.42,Credit Card,Success
PA002821,BI002821,M001676,2024-08-05,962.98,Debit Card,Success
PA002822,BI002822,M002098,2024-12-14,3219.23,Wallet,Success
PA002823,BI002823,M002089,2025-05-21,3030.76,Cash,Success
PA002824,BI002824,M001377,2024-05-20,3744.67,Credit Card,Success
PA002825,BI002825,M001870,2025-01-20,3068.19,Credit Card,Refunded
PA002826,BI002826,M002373,2024-08-14,2829.47,Debit Card,Success
PA002827,BI002827,M001438,2025-11-03,1847.71,Cash,Success
PA002828,BI002828,M002183,2024-12-02,2689.36,Wallet,Success
PA002829,BI002829,M000935,2024-05-09,3520.88,Wallet,Success
PA002830,BI002830,M000417,2025-01-02,4227.8,,Refunded
PA002831,BI002831,M001029,2025-09-04,1695.16,Debit Card,Success
PA002832,BI002832,M002294,2025-01-16,3544.93,Credit Card,Success
PA002833,BI002833,M001798,2025-03-26,5198.65,Cash,Success
PA002834,BI002834,M001575,2024-04-23,3269.66,UPI,Success
PA002835,BI002835,M001526,2024-06-06,424.3,UPI,Success
PA002836,BI002836,M002316,2024-05-30,3281.54,Debit Card,Success
PA002837,BI002837,M001437,2025-07-20,4295.92,,Success
PA002838,BI002838,M001533,2025-10-23,4139.97,,Success
PA002839,BI002839,M000576,2024-04-30,1887.68,Cash,Success
PA002840,BI002840,M001229,2024-08-30,3741.52,Wallet,Success
PA002841,BI002841,M002297,2025-09-16,1532.3,,Success
PA002842,BI002842,M000680,2024-04-20,4144.56,UPI,Success
PA002843,BI002843,M000803,2025-11-22,5489.65,Cash,Success
PA002844,BI002844,M001312,2025-08-16,3186.14,Net Banking,Success
PA002845,BI002845,M002469,2025-05-29,2888.1,Cash,Success
PA002846,BI002846,M000840,2025-09-14,3367.48,,Success
PA002847,BI002847,M002145,2025-11-29,4177.62,,Success
PA002848,BI002848,M000634,2024-04-16,2834.46,Debit Card,Success
PA002849,BI002849,M001737,2025-02-11,3013.29,UPI,Refunded
PA002850,BI002850,M001163,2024-02-07,5067.89,Net Banking,Success
PA002851,BI002851,M000915,2024-07-19,2140.25,Credit Card,Success
PA002852,BI002852,M000199,2025-09-03,2098.57,UPI,Success
PA002853,BI002853,M000982,2025-07-17,4217.13,UPI,Success
PA002854,BI002854,M000064,2024-03-01,4316.81,Debit Card,Success
PA002855,BI002855,M002409,2025-04-29,976.42,Wallet,Success
PA002856,BI002856,M000179,2024-07-16,3465.27,Debit Card,Success
PA002857,BI002857,M000076,2024-05-15,4294.21,Wallet,Success
PA002858,BI002858,M000440,2025-03-03,2273.41,Net Banking,Success
PA002859,BI002859,M000805,2025-01-21,2199.15,UPI,Success
PA002860,BI002860,M000604,2024-07-20,2706.27,Debit Card,Success
PA002861,BI002861,M002460,2024-07-21,3364.36,Cash,Success
PA002862,BI002862,M002401,2025-04-24,4038.63,UPI,Success
PA002863,BI002863,M000858,2025-02-04,1580.84,Cash,Success
PA002864,BI002864,M001606,2024-05-12,4800.53,Debit Card,Success
PA002865,BI002865,M000337,2024-02-20,1773.5,Cash,Success
PA002866,BI002866,M002096,2025-05-16,5217.3,Net Banking,Failed
PA002867,BI002867,M002169,2025-09-18,3847.59,Cash,Success
PA002868,BI002868,M000189,2024-05-21,2484.13,Wallet,Success
PA002869,BI002869,M000656,2025-09-06,3726.48,Net Banking,Success
PA002870,BI002870,M000990,2024-02-01,2572.0,UPI,Success
PA002871,BI002871,M000573,2025-04-01,2121.79,Net Banking,Failed
PA002872,BI002872,M001486,2024-10-01,4071.4,Debit Card,Success
PA002873,BI002873,M000650,2024-12-16,5304.12,Cash,Success
PA002874,BI002874,M002250,2024-03-24,4349.24,Cash,Success
PA002875,BI002875,M001544,2025-12-15,3879.62,Wallet,Success
PA002876,BI002876,M000096,2024-12-16,3885.82,Wallet,Success
PA002877,BI002877,M001400,2025-01-08,2804.79,Net Banking,Success
PA002878,BI002878,M000631,2025-03-23,3811.71,Wallet,Success
PA002879,BI002879,M001531,2024-06-03,1398.87,UPI,Success
PA002880,BI002880,M001011,2024-08-17,4209.83,Net Banking,Success
PA002881,BI002881,M000793,2024-03-29,5702.14,UPI,Success
PA002882,BI002882,M001518,2024-11-09,5272.27,Net Banking,Success
PA002883,BI002883,M001917,2025-07-27,3993.96,Net Banking,Success
PA002884,BI002884,M002420,2025-08-30,3057.34,Net Banking,Success
PA002885,BI002885,M001602,2024-05-24,3083.68,Cash,Success
PA002886,BI002886,M000772,2025-04-06,3579.1,Wallet,Success
PA002887,BI002887,M001057,2025-07-10,5377.55,Debit Card,Success
PA002888,BI002888,M000562,2025-08-02,410.62,Net Banking,Success
PA002889,BI002889,M000354,2025-04-11,2008.77,Wallet,Success
PA002890,BI002890,M001449,2024-04-04,4092.94,Wallet,Success
PA002891,BI002891,M002107,2025-09-19,2477.84,UPI,Success
PA002892,BI002892,M002307,2024-03-04,3462.19,Cash,Failed
PA002893,BI002893,M001457,2024-08-04,3293.1,UPI,Success
PA002894,BI002894,M001493,2025-08-22,4186.77,Credit Card,Success
PA002895,BI002895,M002218,2025-01-14,2208.26,Cash,Success
PA002896,BI002896,M000902,2025-02-01,1837.51,Credit Card,Success
PA002897,BI002897,M002083,2024-06-24,1673.17,Debit Card,Failed
PA002898,BI002898,M001974,2025-08-09,1415.0,Net Banking,Success
PA002899,BI002899,M000666,2024-01-12,1892.17,Net Banking,Success
PA002900,BI002900,M001174,2025-07-21,2874.76,Net Banking,Success
PA002901,BI002901,M000621,2024-09-18,2687.74,UPI,Success
PA002902,BI002902,M002157,2024-06-11,3124.58,Cash,Success
PA002903,BI002903,M000361,2025-05-30,4537.84,Debit Card,Success
PA002904,BI002904,M002296,2025-08-13,2741.17,Credit Card,Success
PA002905,BI002905,M000316,2025-03-29,2411.88,Credit Card,Success
PA002906,BI002906,M001998,2025-05-27,3003.44,UPI,Success
PA002907,BI002907,M000850,2025-08-31,1013.79,Cash,Success
PA002908,BI002908,M001738,2025-06-26,2583.35,Cash,Success
PA002909,BI002909,M001840,2024-11-02,2904.16,Net Banking,Success
PA002910,BI002910,M001784,2025-10-05,2236.99,,Success
PA002911,BI002911,M000839,2024-06-16,1847.23,Debit Card,Success
PA002912,BI002912,M000113,2025-10-02,2254.32,Wallet,Success
PA002913,BI002913,M002216,2024-01-06,2473.2,Credit Card,Success
PA002914,BI002914,M001352,2025-05-31,1094.1,Cash,Success
PA002915,BI002915,M000152,2025-07-02,5178.86,Debit Card,Success
PA002916,BI002916,M002227,2025-07-14,2700.21,Debit Card,Success
PA002917,BI002917,M000215,2024-07-01,2765.49,Cash,Success
PA002918,BI002918,M001974,2025-09-08,3326.19,Debit Card,Success
PA002919,BI002919,M002478,2025-12-13,3416.54,Cash,Success
PA002920,BI002920,M001773,2024-11-22,3953.65,Debit Card,Success
PA002921,BI002921,M000759,2025-04-01,3667.91,Net Banking,Failed
PA002922,BI002922,M000103,2025-12-24,3066.41,Debit Card,Success
PA002923,BI002923,M000079,2024-04-12,4612.76,UPI,Refunded
PA002924,BI002924,M001982,2025-06-14,1020.86,Cash,Success
PA002925,BI002925,M000557,2024-06-26,1602.76,Net Banking,Success
PA002926,BI002926,M000229,2024-07-10,4418.85,Net Banking,Success
PA002927,BI002927,M001671,2024-08-02,4186.25,Debit Card,Success
PA002928,BI002928,M000844,2024-06-08,4663.77,Wallet,Success
PA002929,BI002929,M000888,2024-11-28,1654.16,Cash,Refunded
PA002930,BI002930,M002065,2024-06-04,1641.46,Debit Card,Success
PA002931,BI002931,M002456,2024-01-11,2121.86,Net Banking,Success
PA002932,BI002932,M001920,2024-08-25,4347.67,UPI,Failed
PA002933,BI002933,M001870,2025-03-05,2629.58,Cash,Success
PA002934,BI002934,M001027,2025-03-31,2120.38,Debit Card,Success
PA002935,BI002935,M000371,2024-10-10,2832.97,UPI,Success
PA002936,BI002936,M000846,2024-05-07,3908.51,UPI,Success
PA002937,BI002937,M001114,2024-06-12,3809.7,Net Banking,Refunded
PA002938,BI002938,M000373,2025-03-31,5285.19,Net Banking,Success
PA002939,BI002939,M002316,2024-02-12,2908.55,Cash,Success
PA002940,BI002940,M000039,2024-09-20,3393.02,UPI,Success
PA002941,BI002941,M000478,2025-10-29,2697.97,Credit Card,Success
PA002942,BI002942,M000938,2024-06-17,4522.91,Credit Card,Success
PA002943,BI002943,M001279,2025-07-31,3243.43,Cash,Success
PA002944,BI002944,M001653,2025-09-10,3258.17,Wallet,Success
PA002945,BI002945,M000537,2024-10-15,1788.14,UPI,Success
PA002946,BI002946,M000856,2025-11-02,3226.0,Credit Card,Success
PA002947,BI002947,M000633,2024-03-03,4917.23,Net Banking,Success
PA002948,BI002948,M000089,2024-08-07,2778.48,Net Banking,Success
PA002949,BI002949,M001604,2025-12-03,3133.99,Cash,Success
PA002950,BI002950,M001256,2024-06-27,2804.93,UPI,Success
PA002951,BI002951,M001231,2024-05-31,2799.24,Net Banking,Success
PA002952,BI002952,M001352,2024-09-13,4754.97,Cash,Success
PA002953,BI002953,M000824,2024-06-27,3494.66,Wallet,Success
PA002954,BI002954,M000104,2024-09-08,1954.82,,Success
PA002955,BI002955,M000464,2025-03-17,4204.16,Net Banking,Success
PA002956,BI002956,M001412,2024-08-02,3016.81,Net Banking,Success
PA002957,BI002957,M000206,2025-10-21,3070.58,Cash,Success
PA002958,BI002958,M001796,2025-08-30,3500.41,Debit Card,Success
PA002959,BI002959,M001950,2025-09-27,2757.14,Debit Card,Success
PA002960,BI002960,M001817,2025-01-16,4259.32,,Success
PA002961,BI002961,M000466,2024-04-07,3495.67,Wallet,Success
PA002962,BI002962,M001682,2024-06-01,5023.83,Cash,Success
PA002963,BI002963,M000880,2024-04-10,4431.83,Debit Card,Success
PA002964,BI002964,M000162,2024-08-05,-1537.55,Wallet,Success
PA002965,BI002965,M002416,2024-02-05,4633.8,Cash,Failed
PA002966,BI002966,M001608,2025-03-16,3542.7,Net Banking,Success
PA002967,BI002967,M001544,2025-01-08,3341.35,Cash,Success
PA002968,BI002968,M001519,2025-04-26,2846.15,Cash,Success
PA002969,BI002969,M000303,2025-11-19,3376.25,UPI,Failed
PA002970,BI002970,M000380,2024-09-08,2887.16,,Success
PA002971,BI002971,M001783,2024-02-14,2821.38,Debit Card,Success
PA002972,BI002972,M001077,2024-06-02,2624.69,Debit Card,Success
PA002973,BI002973,M000914,2025-07-19,1354.48,,Success
PA002974,BI002974,M002474,2024-06-21,2927.15,Credit Card,Success
PA002975,BI002975,M000482,2024-08-02,-1996.75,Wallet,Success
PA002976,BI002976,M001874,2024-08-03,2658.9,UPI,Success
PA002977,BI002977,M001998,2025-04-19,3258.82,Net Banking,Success
PA002978,BI002978,M001486,2024-12-15,2379.4,Debit Card,Success
PA002979,BI002979,M001226,2024-06-07,2262.42,UPI,Success
PA002980,BI002980,M001511,2025-01-16,2765.72,Debit Card,Success
PA002981,BI002981,M000512,2024-10-06,3437.68,UPI,Success
PA002982,BI002982,M001676,2025-05-07,4811.15,Cash,Success
PA002983,BI002983,M001020,2024-02-11,2043.11,Net Banking,Success
PA002984,BI002984,M001639,2024-10-25,1645.9,Cash,Success
PA002985,BI002985,M000256,2025-11-28,3696.36,Net Banking,Success
PA002986,BI002986,M002218,2025-09-11,3077.82,UPI,Success
PA002987,BI002987,M001099,2024-06-13,2832.68,UPI,Failed
PA002988,BI002988,M000524,2024-07-18,1496.8,Net Banking,Success
PA002989,BI002989,M001790,2024-05-03,1740.13,UPI,Success
PA002990,BI002990,M000267,2025-06-20,3933.74,Cash,Success
PA002991,BI002991,M001579,2024-03-13,2832.23,Wallet,Success
PA002992,BI002992,M002002,2025-11-15,3003.63,Net Banking,Success
PA002993,BI002993,M001664,2025-08-14,1706.61,Credit Card,Success
PA002994,BI002994,M001441,2025-07-20,4274.61,Wallet,Success
PA002995,BI002995,M001554,2025-12-27,2653.42,UPI,Success
PA002996,BI002996,M000952,2025-09-14,2064.17,Wallet,Success
PA002997,BI002997,M000341,2025-11-15,1148.02,Debit Card,Success
PA002998,BI002998,M002090,2025-05-11,3754.89,Wallet,Success
PA002999,BI002999,M001243,2025-11-13,2326.37,Debit Card,Success
PA003000,BI003000,M000600,2025-02-03,2971.02,Cash,Success
PA003001,BI003001,M002225,2024-04-04,1982.22,Wallet,Success
PA003002,BI003002,M002250,2024-03-05,4976.83,Net Banking,Success
PA003003,BI003003,M001179,2024-04-05,2246.76,UPI,Success
PA003004,BI003004,M001925,2024-12-04,4393.13,Cash,Success
PA003005,BI003005,M001123,2024-01-11,3179.28,Net Banking,Success
PA003006,BI003006,M001581,2025-02-20,2713.41,UPI,Success
PA003007,BI003007,M000497,2024-03-27,5016.82,Wallet,Success
PA003008,BI003008,M001378,2025-08-25,2341.14,Debit Card,Refunded
PA003009,BI003009,M001066,2024-12-10,2819.0,Credit Card,Success
PA003010,BI003010,M001706,2024-02-14,3563.32,UPI,Success
PA003011,BI003011,M002320,2025-09-07,2033.04,Credit Card,Success
PA003012,BI003012,M002390,2024-10-04,4262.91,Wallet,Success
PA003013,BI003013,M001821,2025-05-16,2367.91,Net Banking,Success
PA003014,BI003014,M001257,2025-06-23,3098.21,Cash,Failed
PA003015,BI003015,M001353,2025-08-20,3748.14,Credit Card,Success
PA003016,BI003016,M000498,2025-06-15,3094.27,Wallet,Success
PA003017,BI003017,M002483,2025-10-15,2154.84,UPI,Success
PA003018,BI003018,M000657,2025-02-07,2066.04,Debit Card,Success
PA003019,BI003019,M001869,2024-09-03,2371.8,Cash,Success
PA003020,BI003020,M001261,2025-05-20,3229.7,UPI,Success
PA003021,BI003021,M001935,2024-01-22,2525.0,,Success
PA003022,BI003022,M002495,2025-04-03,4420.37,Wallet,Success
PA003023,BI003023,M001808,2024-09-23,1209.1,Cash,Success
PA003024,BI003024,M000935,2024-05-09,2322.02,Net Banking,Success
PA003025,BI003025,M002078,2025-10-31,3138.29,Net Banking,Success
PA003026,BI003026,M000574,2025-02-12,3545.91,UPI,Failed
PA003027,BI003027,M000384,2024-10-19,3409.43,Wallet,Success
PA003028,BI003028,M000888,2025-08-07,1442.24,Cash,Success
PA003029,BI003029,M001345,2025-07-19,3671.2,Debit Card,Success
PA003030,BI003030,M001695,2024-12-06,4180.55,UPI,Success
PA003031,BI003031,M001624,2024-11-16,3402.71,Cash,Success
PA003032,BI003032,M001329,2025-02-07,2404.17,Cash,Success
PA003033,BI003033,M000413,2024-07-03,1598.2,Cash,Success
PA003034,BI003034,M000972,2024-12-09,599.66,Wallet,Success
PA003035,BI003035,M001147,2025-11-05,3900.65,Credit Card,Success
PA003036,BI003036,M001877,2024-02-19,3938.6,Wallet,Success
PA003037,BI003037,M000832,2024-05-09,2981.85,Cash,Success
PA003038,BI003038,M001241,2025-09-05,3571.76,,Success
PA003039,BI003039,M001005,2024-07-21,-2641.16,Cash,Success
PA003040,BI003040,M000606,2024-07-02,1254.61,UPI,Success
PA003041,BI003041,M001969,2025-11-11,4160.46,Wallet,Refunded
PA003042,BI003042,M000421,2025-10-29,5270.48,Wallet,Success
PA003043,BI003043,M001336,2025-04-17,1369.2,Wallet,Success
PA003044,BI003044,M001048,2024-10-01,3106.79,Debit Card,Success
PA003045,BI003045,M000977,2025-11-20,3019.76,Net Banking,Success
PA003046,BI003046,M001027,2025-03-31,2491.38,Net Banking,Success
PA003047,BI003047,M000311,2025-03-04,4018.85,Debit Card,Success
PA003048,BI003048,M000663,2025-07-26,3205.27,Wallet,Success
PA003049,BI003049,M001067,2025-04-23,3636.1,Credit Card,Success
PA003050,BI003050,M001093,2025-06-08,-2802.89,Debit Card,Success
PA003051,BI003051,M000151,2025-04-13,5430.85,Net Banking,Success
PA003052,BI003052,M001312,2025-03-04,2750.73,Net Banking,Success
PA003053,BI003053,M000003,2025-07-05,4249.38,Wallet,Success
PA003054,BI003054,M000400,2025-10-20,3988.96,Cash,Success
PA003055,BI003055,M002171,2025-11-25,2915.46,Cash,Success
PA003056,BI003056,M001193,2025-09-11,3867.06,Debit Card,Success
PA003057,BI003057,M000649,2025-01-04,3946.62,Wallet,Success
PA003058,BI003058,M000003,2025-02-01,1476.84,Debit Card,Success
PA003059,BI003059,M001242,2025-07-20,1936.96,Debit Card,Failed
PA003060,BI003060,M002311,2024-04-03,2892.86,Credit Card,Success
PA003061,BI003061,M000683,2025-07-27,2794.05,Credit Card,Success
PA003062,BI003062,M001985,2025-11-28,3249.77,Debit Card,Success
PA003063,BI003063,M000232,2025-04-07,2889.53,Debit Card,Success
PA003064,BI003064,M000670,2025-11-08,2047.28,Cash,Success
PA003065,BI003065,M002284,2024-05-14,977.11,Debit Card,Success
PA003066,BI003066,M001390,2024-11-15,-4091.07,UPI,Success
PA003067,BI003067,M001795,2025-04-17,2068.75,Wallet,Success
PA003068,BI003068,M000873,2024-02-25,4197.25,Wallet,Success
PA003069,BI003069,M000008,2025-09-15,1792.75,Wallet,Success
PA003070,BI003070,M001355,2025-06-04,1864.69,Wallet,Success
PA003071,BI003071,M001325,2024-12-01,2824.0,Wallet,Success
PA003072,BI003072,M001642,2025-07-13,5213.34,Credit Card,Success
PA003073,BI003073,M000781,2024-09-03,2432.82,Net Banking,Success
PA003074,BI003074,M001815,2025-04-11,2191.09,Net Banking,Success
PA003075,BI003075,M001981,2025-05-27,3737.85,Credit Card,Success
PA003076,BI003076,M002484,2024-01-29,4695.3,Cash,Success
PA003077,BI003077,M000112,2024-03-11,2072.09,Net Banking,Success
PA003078,BI003078,M002434,2024-10-11,2462.74,,Success
PA003079,BI003079,M001285,2025-07-12,1249.12,Credit Card,Success
PA003080,BI003080,M002208,2024-10-24,4748.92,,Success
PA003081,BI003081,M001847,2024-09-30,1695.89,Cash,Success
PA003082,BI003082,M001828,2024-11-05,4022.78,UPI,Success
PA003083,BI003083,M002054,2025-01-12,3329.35,Cash,Success
PA003084,BI003084,M001753,2024-11-27,2594.77,Cash,Success
PA003085,BI003085,M002197,2025-05-17,2528.27,UPI,Refunded
PA003086,BI003086,M001169,2025-04-25,5273.91,Net Banking,Success
PA003087,BI003087,M001098,2025-02-11,3902.46,Net Banking,Success
PA003088,BI003088,M001971,2024-12-13,3783.82,Net Banking,Success
PA003089,BI003089,M000670,2025-11-21,3762.66,Credit Card,Success
PA003090,BI003090,M001779,2024-10-29,2498.72,Net Banking,Success
PA003091,BI003091,M000613,2024-07-15,1897.46,Wallet,Success
PA003092,BI003092,M000399,2024-11-15,4810.99,Credit Card,Failed
PA003093,BI003093,M001852,2025-01-16,2793.13,Credit Card,Success
PA003094,BI003094,M002134,2025-01-06,2971.36,Debit Card,Success
PA003095,BI003095,M001499,2024-07-30,4732.35,Cash,Success
PA003096,BI003096,M000920,2025-05-21,4451.81,Wallet,Success
PA003097,BI003097,M000266,2025-04-04,2759.02,Net Banking,Success
PA003098,BI003098,M000455,2025-09-02,2675.0,Wallet,Success
PA003099,BI003099,M001061,2024-07-28,1978.19,,Success
PA003100,BI003100,M000324,2024-09-30,4538.17,Wallet,Success
PA003101,BI003101,M001955,2025-10-31,2000.2,,Success
PA003102,BI003102,M000378,2025-12-13,2993.17,Cash,Success
PA003103,BI003103,M002286,2025-01-10,1380.78,,Success
PA003104,BI003104,M001674,2024-05-01,954.92,Cash,Success
PA003105,BI003105,M002129,2024-02-19,1400.1,Cash,Success
PA003106,BI003106,M001945,2024-07-26,2607.78,Credit Card,Success
PA003107,BI003107,M001523,2025-03-06,5424.88,Debit Card,Success
PA003108,BI003108,M000783,2025-01-28,-2228.57,Cash,Success
PA003109,BI003109,M000129,2024-11-01,1599.48,Credit Card,Success
PA003110,BI003110,M001441,2024-10-28,3395.14,Net Banking,Success
PA003111,BI003111,M000574,2025-05-26,2257.21,Cash,Success
PA003112,BI003112,M001091,2025-10-28,2925.81,Debit Card,Success
PA003113,BI003113,M000269,2025-10-09,2124.9,Credit Card,Success
PA003114,BI003114,M002496,2025-04-07,991.92,UPI,Success
PA003115,BI003115,M000239,2025-01-12,1363.68,Credit Card,Success
PA003116,BI003116,M001980,2024-10-17,4535.41,Cash,Success
PA003117,BI003117,M000821,2024-04-04,1631.78,Net Banking,Success
PA003118,BI003118,M000587,2025-05-28,2716.83,UPI,Failed
PA003119,BI003119,M000672,2025-01-25,2521.23,Cash,Success
PA003120,BI003120,M000155,2024-08-21,4336.53,UPI,Success
PA003121,BI003121,M000150,2025-05-10,5731.73,,Success
PA003122,BI003122,M000667,2024-06-12,2011.3,Wallet,Success
PA003123,BI003123,M001558,2024-02-09,3076.6,Debit Card,Success
PA003124,BI003124,M002293,2025-03-28,3680.0,UPI,Success
PA003125,BI003125,M002130,2025-04-12,1462.34,Net Banking,Failed
PA003126,BI003126,M002266,2025-02-24,1500.41,Net Banking,Success
PA003127,BI003127,M001364,2025-07-29,4672.44,Wallet,Success
PA003128,BI003128,M000783,2024-04-04,4039.3,Credit Card,Success
PA003129,BI003129,M001534,2024-11-21,1768.27,Debit Card,Success
PA003130,BI003130,M002064,2024-10-22,5011.84,UPI,Success
PA003131,BI003131,M001243,2025-11-13,2750.82,UPI,Success
PA003132,BI003132,M000927,2025-12-22,3758.74,Wallet,Success
PA003133,BI003133,M000094,2025-09-23,4094.16,Net Banking,Success
PA003134,BI003134,M000441,2024-08-12,3857.13,Net Banking,Success
PA003135,BI003135,M001197,2024-07-26,3497.79,Debit Card,Success
PA003136,BI003136,M002344,2025-01-19,3116.1,Cash,Success
PA003137,BI003137,M001961,2025-09-17,3005.81,Debit Card,Success
PA003138,BI003138,M002219,2024-11-27,4254.7,Credit Card,Success
PA003139,BI003139,M001022,2024-12-02,4406.45,Credit Card,Success
PA003140,BI003140,M002035,2025-06-12,1421.35,,Success
PA003141,BI003141,M002070,2024-06-15,2287.91,Wallet,Success
PA003142,BI003142,M000235,2025-05-19,3271.04,Debit Card,Success
PA003143,BI003143,M001951,2025-09-25,2696.15,Net Banking,Success
PA003144,BI003144,M000843,2025-05-11,4936.04,UPI,Success
PA003145,BI003145,M001865,2024-04-29,3265.55,Net Banking,Success
PA003146,BI003146,M001317,2024-09-03,5096.76,UPI,Success
PA003147,BI003147,M000329,2025-06-07,3303.5,UPI,Failed
PA003148,BI003148,M001080,2024-12-28,5120.8,Net Banking,Success
PA003149,BI003149,M000934,2024-05-02,4005.35,Cash,Success
PA003150,BI003150,M001792,2025-08-25,4459.38,UPI,Success
PA003151,BI003151,M001786,2025-02-27,2308.12,Credit Card,Success
PA003152,BI003152,M001866,2024-05-16,3726.88,UPI,Success
PA003153,BI003153,M000817,2024-10-26,1741.06,UPI,Success
PA003154,BI003154,M002460,2025-03-23,2488.78,Wallet,Success
PA003155,BI003155,M000805,2025-05-17,4052.26,Wallet,Success
PA003156,BI003156,M002430,2025-02-14,2992.82,Debit Card,Success
PA003157,BI003157,M000988,2024-03-25,3168.09,Debit Card,Success
PA003158,BI003158,M001531,2025-08-14,3048.65,Cash,Success
PA003159,BI003159,M000990,2025-05-14,1899.87,Wallet,Success
PA003160,BI003160,M001142,2025-01-09,4052.4,UPI,Success
PA003161,BI003161,M001130,2024-06-18,2920.61,Net Banking,Success
PA003162,BI003162,M000639,2025-10-14,2850.4,Wallet,Success
PA003163,BI003163,M001662,2024-04-21,3695.48,UPI,Success
PA003164,BI003164,M002235,2024-04-30,1760.42,Debit Card,Success
PA003165,BI003165,M002194,2024-11-06,3707.51,Net Banking,Success
PA003166,BI003166,M002357,2024-08-18,2707.08,Wallet,Success
PA003167,BI003167,M000712,2024-11-14,919.17,Net Banking,Success
PA003168,BI003168,M002082,2024-07-06,1601.59,Wallet,Success
PA003169,BI003169,M000197,2025-01-26,4460.59,Debit Card,Success
PA003170,BI003170,M002163,2025-02-27,3766.09,Wallet,Success
PA003171,BI003171,M000039,2024-06-16,3352.51,Credit Card,Success
PA003172,BI003172,M001049,2025-09-03,1600.64,Net Banking,Success
PA003173,BI003173,M002064,2024-11-16,3275.18,Cash,Success
PA003174,BI003174,M001870,2024-04-16,2431.3,Cash,Success
PA003175,BI003175,M001675,2024-04-30,-2515.61,Credit Card,Failed
PA003176,BI003176,M000676,2025-05-24,4550.86,UPI,Success
PA003177,BI003177,M001260,2025-03-22,3873.21,Wallet,Success
PA003178,BI003178,M001685,2024-02-18,1810.86,Net Banking,Success
PA003179,BI003179,M002480,2025-02-07,5274.77,Debit Card,Success
PA003180,BI003180,M002307,2024-02-18,643.69,,Success
PA003181,BI003181,M001054,2024-09-11,4510.44,UPI,Success
PA003182,BI003182,M000319,2025-12-27,2409.4,Net Banking,Success
PA003183,BI003183,M001340,2025-12-23,2041.81,Net Banking,Refunded
PA003184,BI003184,M001672,2024-05-12,3769.48,Net Banking,Success
PA003185,BI003185,M002218,2024-10-22,4119.54,Wallet,Success
PA003186,BI003186,M002217,2025-10-24,1118.79,Credit Card,Success
PA003187,BI003187,M002101,2024-06-09,2847.56,UPI,Success
PA003188,BI003188,M000794,2025-12-23,1024.24,Debit Card,Success
PA003189,BI003189,M000675,2025-08-15,2020.24,Debit Card,Success
PA003190,BI003190,M002312,2024-06-04,3385.6,Net Banking,Success
PA003191,BI003191,M001699,2025-08-03,5656.36,Debit Card,Failed
PA003192,BI003192,M000245,2024-08-31,4533.36,Cash,Success
PA003193,BI003193,M000430,2025-08-14,4786.95,Cash,Success
PA003194,BI003194,M001288,2025-11-27,4132.86,Cash,Success
PA003195,BI003195,M000345,2024-04-26,3003.58,Credit Card,Success
PA003196,BI003196,M001802,2024-01-01,3489.09,Wallet,Success
PA003197,BI003197,M000127,2025-11-18,4034.61,UPI,Success
PA003198,BI003198,M002353,2024-06-26,5679.42,Debit Card,Success
PA003199,BI003199,M001332,2024-08-19,2119.42,Debit Card,Success
PA003200,BI003200,M000323,2025-12-27,5293.96,Debit Card,Success
PA003201,BI003201,M000494,2025-11-15,4380.91,UPI,Success
PA003202,BI003202,M000873,2025-03-27,3060.35,Net Banking,Success
PA003203,BI003203,M001413,2025-02-04,4993.41,Cash,Success
PA003204,BI003204,M002115,2025-01-03,2601.77,UPI,Success
PA003205,BI003205,M000290,2025-07-22,2743.81,Credit Card,Success
PA003206,BI003206,M000895,2025-04-08,2426.67,Debit Card,Success
PA003207,BI003207,M001751,2024-01-04,2344.61,Net Banking,Success
PA003208,BI003208,M000035,2024-03-08,1809.25,Credit Card,Success
PA003209,BI003209,M002421,2024-04-20,4563.49,Cash,Success
PA003210,BI003210,M002041,2025-11-09,2577.96,Credit Card,Success
PA003211,BI003211,M001855,2025-02-01,1582.44,Cash,Success
PA003212,BI003212,M001634,2024-04-07,1702.99,UPI,Success
PA003213,BI003213,M000134,2024-10-04,4594.8,Cash,Success
PA003214,BI003214,M000165,2025-08-02,3573.15,Cash,Refunded
PA003215,BI003215,M001757,2025-09-10,4215.12,Credit Card,Success
PA003216,BI003216,M000382,2025-12-02,4059.88,UPI,Failed
PA003217,BI003217,M002146,2024-01-28,4990.26,UPI,Success
PA003218,BI003218,M001121,2025-02-16,3441.68,UPI,Success
PA003219,BI003219,M001998,2025-04-19,3265.27,UPI,Success
PA003220,BI003220,M002044,2025-08-13,4223.44,,Success
PA003221,BI003221,M002065,2025-11-17,3827.49,Cash,Failed
PA003222,BI003222,M001882,2025-07-31,2765.56,Debit Card,Failed
PA003223,BI003223,M002006,2024-03-17,4517.43,Net Banking,Success
PA003224,BI003224,M001526,2024-06-06,2263.68,Credit Card,Success
PA003225,BI003225,M001840,2024-10-01,2235.47,UPI,Failed
PA003226,BI003226,M001453,2024-01-11,1189.85,Wallet,Success
PA003227,BI003227,M001168,2024-10-29,2880.5,Credit Card,Success
PA003228,BI003228,M000274,2025-06-04,5160.81,Cash,Success
PA003229,BI003229,M001254,2024-10-16,1939.32,Credit Card,Success
PA003230,BI003230,M001018,2024-02-27,3469.17,Net Banking,Success
PA003231,BI003231,M000844,2025-07-12,4970.69,Wallet,Success
PA003232,BI003232,M001768,2024-01-26,1825.31,Credit Card,Success
PA003233,BI003233,M001081,2025-01-21,4674.21,UPI,Success
PA003234,BI003234,M001054,2024-09-08,4955.03,Net Banking,Success
PA003235,BI003235,M000587,2025-05-28,1108.6,Debit Card,Success
PA003236,BI003236,M000179,2024-07-16,2187.55,Net Banking,Success
PA003237,BI003237,M001984,2024-04-10,2127.11,Cash,Failed
PA003238,BI003238,M001682,2025-09-08,3081.1,Credit Card,Success
PA003239,BI003239,M000908,2025-09-16,3172.38,Wallet,Success
PA003240,BI003240,M000633,2025-04-17,1905.98,,Success
PA003241,BI003241,M000214,2024-03-24,4882.55,Wallet,Success
PA003242,BI003242,M001778,2025-11-26,1314.78,UPI,Failed
PA003243,BI003243,M002211,2025-12-09,1779.13,Net Banking,Success
PA003244,BI003244,M002065,2025-11-17,1636.84,Credit Card,Success
PA003245,BI003245,M000644,2025-03-17,3296.21,Net Banking,Success
PA003246,BI003246,M000063,2024-05-04,1811.02,Net Banking,Success
PA003247,BI003247,M000603,2025-11-02,2385.11,Cash,Success
PA003248,BI003248,M000744,2024-10-14,3440.98,Net Banking,Refunded
PA003249,BI003249,M002001,2024-12-31,3411.37,Credit Card,Success
PA003250,BI003250,M002329,2025-04-20,3120.57,Wallet,Success
PA003251,BI003251,M000680,2025-09-29,4701.86,UPI,Success
PA003252,BI003252,M001039,2024-07-13,4240.36,Debit Card,Success
PA003253,BI003253,M000265,2024-04-20,2827.06,Net Banking,Success
PA003254,BI003254,M001325,2024-12-01,4451.98,Net Banking,Failed
PA003255,BI003255,M002218,2024-02-09,3036.3,Debit Card,Success
PA003256,BI003256,M002010,2025-08-10,3830.76,,Success
PA003257,BI003257,M002075,2025-10-04,3834.76,Credit Card,Success
PA003258,BI003258,M001585,2025-07-08,-1831.79,Net Banking,Success
PA003259,BI003259,M001310,2025-03-23,1958.55,UPI,Success
PA003260,BI003260,M000475,2024-07-06,4486.05,Net Banking,Success
PA003261,BI003261,M002230,2025-07-06,4400.5,Net Banking,Success
PA003262,BI003262,M000823,2025-05-25,2442.76,Debit Card,Success
PA003263,BI003263,M002026,2024-07-26,3762.24,Cash,Success
PA003264,BI003264,M000125,2024-12-13,4618.79,Debit Card,Success
PA003265,BI003265,M002347,2024-01-27,1302.15,Net Banking,Success
PA003266,BI003266,M001877,2024-05-08,5068.49,Credit Card,Success
PA003267,BI003267,M000977,2024-05-30,4046.4,UPI,Success
PA003268,BI003268,M002460,2024-02-18,4184.5,UPI,Failed
PA003269,BI003269,M000587,2025-01-14,2823.28,Cash,Success
PA003270,BI003270,M000972,2025-04-14,3946.35,Debit Card,Success
PA003271,BI003271,M001002,2025-02-04,1675.25,Debit Card,Success
PA003272,BI003272,M002497,2024-09-09,2683.32,Wallet,Failed
PA003273,BI003273,M001580,2024-12-02,2851.77,Net Banking,Failed
PA003274,BI003274,M001052,2025-05-08,2735.29,Debit Card,Success
PA003275,BI003275,M000430,2024-11-14,4760.13,Credit Card,Success
PA003276,BI003276,M000431,2024-12-08,2653.46,,Failed
PA003277,BI003277,M000452,2024-11-08,3799.4,Debit Card,Success
PA003278,BI003278,M000182,2024-08-25,1633.32,Wallet,Success
PA003279,BI003279,M000435,2024-10-27,4114.7,,Success
PA003280,BI003280,M000080,2024-12-28,4828.96,Wallet,Success
PA003281,BI003281,M000830,2024-02-01,2232.32,Debit Card,Success
PA003282,BI003282,M001555,2025-01-04,4525.41,Net Banking,Success
PA003283,BI003283,M000374,2025-05-27,2635.79,Credit Card,Success
PA003284,BI003284,M000538,2024-07-02,2134.7,Net Banking,Success
PA003285,BI003285,M000345,2025-07-04,4178.64,Debit Card,Success
PA003286,BI003286,M000960,2025-07-14,1615.96,Cash,Success
PA003287,BI003287,M000619,2025-01-02,1910.94,UPI,Failed
PA003288,BI003288,M002041,2024-01-01,2830.94,Cash,Success
PA003289,BI003289,M001772,2025-02-17,3383.71,Cash,Success
PA003290,BI003290,M001138,2024-05-27,1994.58,Cash,Success
PA003291,BI003291,M002249,2025-03-09,1980.97,Net Banking,Failed
PA003292,BI003292,M001243,2024-02-05,1580.12,Credit Card,Refunded
PA003293,BI003293,M002324,2025-02-20,2261.54,Debit Card,Success
PA003294,BI003294,M002073,2024-05-11,3365.38,Net Banking,Success
PA003295,BI003295,M001000,2024-12-03,5016.87,Credit Card,Success
PA003296,BI003296,M001107,2025-03-29,1554.2,Cash,Success
PA003297,BI003297,M001315,2025-02-02,2536.6,Cash,Success
PA003298,BI003298,M001513,2024-12-18,1555.75,Cash,Success
PA003299,BI003299,M002047,2025-09-13,2361.57,Credit Card,Failed
PA003300,BI003300,M001366,2024-07-19,3107.98,UPI,Success
PA003301,BI003301,M002417,2025-06-23,5071.08,Wallet,Success
PA003302,BI003302,M000718,2025-12-07,4246.05,Wallet,Success
PA003303,BI003303,M000472,2025-10-31,-3714.4,Wallet,Success
PA003304,BI003304,M001022,2025-05-29,5093.79,Cash,Success
PA003305,BI003305,M002049,2025-11-25,1448.8,Net Banking,Success
PA003306,BI003306,M001863,2025-04-24,2658.61,Credit Card,Success
PA003307,BI003307,M000584,2024-10-14,2920.48,Credit Card,Success
PA003308,BI003308,M002301,2024-02-10,2344.46,Wallet,Success
PA003309,BI003309,M000893,2024-08-27,4608.88,Net Banking,Success
PA003310,BI003310,M002320,2025-02-19,3490.46,UPI,Success
PA003311,BI003311,M001145,2025-01-12,3047.71,UPI,Success
PA003312,BI003312,M000425,2024-12-15,4425.4,UPI,Success
PA003313,BI003313,M001221,2024-06-28,4560.46,Debit Card,Success
PA003314,BI003314,M000648,2024-11-03,4363.54,Debit Card,Success
PA003315,BI003315,M000402,2024-07-20,1270.05,Net Banking,Success
PA003316,BI003316,M001927,2024-01-10,5161.98,Cash,Success
PA003317,BI003317,M001640,2025-05-01,4049.42,UPI,Success
PA003318,BI003318,M001165,2024-06-20,1818.23,Credit Card,Success
PA003319,BI003319,M000076,2024-05-15,3760.88,UPI,Success
PA003320,BI003320,M000618,2024-12-25,2476.43,Wallet,Success
PA003321,BI003321,M001715,2024-12-18,2410.28,Credit Card,Success
PA003322,BI003322,M000672,2025-04-21,993.42,UPI,Success
PA003323,BI003323,M000261,2025-09-02,5243.19,UPI,Success
PA003324,BI003324,M000918,2024-10-02,1248.17,Wallet,Success
PA003325,BI003325,M001964,2024-12-06,3744.54,Net Banking,Success
PA003326,BI003326,M001083,2024-01-14,3179.49,UPI,Success
PA003327,BI003327,M000380,2024-01-13,5018.09,Wallet,Success
PA003328,BI003328,M002364,2024-11-17,5411.79,Wallet,Success
PA003329,BI003329,M000370,2025-08-28,4749.79,UPI,Success
PA003330,BI003330,M001659,2024-05-13,4224.71,Credit Card,Success
PA003331,BI003331,M001145,2025-08-25,2408.41,Wallet,Success
PA003332,BI003332,M000948,2025-07-10,5120.3,Wallet,Success
PA003333,BI003333,M001595,2025-08-02,4906.62,Wallet,Success
PA003334,BI003334,M002386,2025-02-13,3889.11,Wallet,Success
PA003335,BI003335,M002269,2024-08-09,4086.07,Credit Card,Success
PA003336,BI003336,M000827,2025-10-20,3601.39,Wallet,Success
PA003337,BI003337,M000902,2025-09-13,3086.89,,Success
PA003338,BI003338,M000259,2025-03-29,2397.11,Cash,Success
PA003339,BI003339,M000020,2025-06-04,2322.1,Credit Card,Success
PA003340,BI003340,M002359,2025-04-28,3286.8,Net Banking,Success
PA003341,BI003341,M000231,2024-01-29,2433.91,Wallet,Success
PA003342,BI003342,M000985,2025-09-27,4346.29,Wallet,Success
PA003343,BI003343,M002499,2024-10-21,2965.53,Net Banking,Success
PA003344,BI003344,M001974,2025-08-09,1207.09,Cash,Success
PA003345,BI003345,M001072,2024-02-05,2969.84,Debit Card,Success
PA003346,BI003346,M001224,2025-03-04,3208.0,Net Banking,Success
PA003347,BI003347,M002176,2024-08-10,3049.68,Debit Card,Success
PA003348,BI003348,M000899,2024-09-01,3983.08,Debit Card,Success
PA003349,BI003349,M001123,2025-10-31,4919.79,Cash,Failed
PA003350,BI003350,M000972,2025-04-14,1672.73,Net Banking,Success
PA003351,BI003351,M000061,2025-06-20,3831.33,Cash,Success
PA003352,BI003352,M001462,2024-04-28,3608.48,Credit Card,Success
PA003353,BI003353,M000365,2024-02-26,2389.21,Credit Card,Success
PA003354,BI003354,M000436,2025-09-05,3017.5,Wallet,Success
PA003355,BI003355,M002115,2025-01-03,-4432.05,Cash,Success
PA003356,BI003356,M000636,2024-02-10,4195.62,Credit Card,Success
PA003357,BI003357,M001131,2024-08-11,-782.32,Debit Card,Failed
PA003358,BI003358,M000214,2025-08-15,1410.5,,Success
PA003359,BI003359,M001528,2024-10-22,1072.31,Wallet,Success
PA003360,BI003360,M002183,2025-04-01,2355.5,Wallet,Success
PA003361,BI003361,M000505,2024-06-11,4323.32,Wallet,Success
PA003362,BI003362,M000491,2024-02-25,4925.97,Debit Card,Success
PA003363,BI003363,M002337,2025-10-18,3218.56,UPI,Success
PA003364,BI003364,M002246,2025-06-07,3110.97,Cash,Success
PA003365,BI003365,M001913,2024-01-13,2838.44,Credit Card,Success
PA003366,BI003366,M001281,2025-01-07,3156.24,,Success
PA003367,BI003367,M000799,2025-01-06,2395.78,Wallet,Refunded
PA003368,BI003368,M000936,2025-06-20,2792.73,UPI,Failed
PA003369,BI003369,M000593,2025-06-09,4556.33,UPI,Success
PA003370,BI003370,M001166,2024-03-26,4504.52,Wallet,Failed
PA003371,BI003371,M002487,2024-10-29,2054.84,,Success
PA003372,BI003372,M000670,2024-02-25,5364.2,,Success
PA003373,BI003373,M000051,2025-09-04,2292.47,Debit Card,Success
PA003374,BI003374,M001339,2025-10-31,5923.5,Debit Card,Success
PA003375,BI003375,M000189,2024-07-27,2267.9,Credit Card,Success
PA003376,BI003376,M000898,2025-11-10,3658.23,UPI,Success
PA003377,BI003377,M000912,2024-07-07,4513.4,,Success
PA003378,BI003378,M000402,2025-08-27,3792.41,Net Banking,Success
PA003379,BI003379,M000620,2024-09-02,4358.53,Credit Card,Success
PA003380,BI003380,M000071,2024-05-22,3592.28,Net Banking,Success
PA003381,BI003381,M000788,2024-01-16,2198.68,Net Banking,Success
PA003382,BI003382,M002409,2025-05-10,3426.9,Debit Card,Success
PA003383,BI003383,M000092,2025-06-16,3222.5,UPI,Success
PA003384,BI003384,M002435,2024-12-06,2590.32,Wallet,Success
PA003385,BI003385,M002235,2024-11-01,5696.9,Credit Card,Success
PA003386,BI003386,M001366,2025-11-10,3624.44,Credit Card,Success
PA003387,BI003387,M001983,2025-03-18,5296.36,Debit Card,Success
PA003388,BI003388,M001443,2024-11-24,2088.76,UPI,Success
PA003389,BI003389,M001999,2024-12-07,2451.39,Cash,Success
PA003390,BI003390,M002272,2025-05-31,4501.75,Credit Card,Success
PA003391,BI003391,M002363,2025-10-23,3794.0,UPI,Success
PA003392,BI003392,M000778,2025-04-18,3910.02,Net Banking,Success
PA003393,BI003393,M002446,2024-03-30,3963.97,Debit Card,Success
PA003394,BI003394,M002430,2025-04-06,3904.59,UPI,Success
PA003395,BI003395,M001145,2025-12-15,4416.65,Cash,Success
PA003396,BI003396,M001584,2025-11-14,1117.73,Debit Card,Success
PA003397,BI003397,M001536,2025-08-20,4636.44,Wallet,Success
PA003398,BI003398,M000740,2024-06-27,1022.3,UPI,Success
PA003399,BI003399,M001406,2024-10-15,4311.68,Credit Card,Success
PA003400,BI003400,M001427,2025-10-02,886.86,Debit Card,Success
PA003401,BI003401,M001068,2025-04-22,1936.94,Cash,Refunded
PA003402,BI003402,M001757,2025-09-10,5279.96,Wallet,Success
PA003403,BI003403,M000979,2025-04-27,4912.43,UPI,Failed
PA003404,BI003404,M000210,2024-09-30,2594.99,Net Banking,Success
PA003405,BI003405,M000515,2025-08-21,2149.38,UPI,Success
PA003406,BI003406,M001032,2024-07-08,2923.46,Cash,Success
PA003407,BI003407,M000788,2025-10-10,3141.82,UPI,Success
PA003408,BI003408,M001625,2024-06-18,3039.27,Net Banking,Success
PA003409,BI003409,M002264,2025-02-03,4050.86,Cash,Success
PA003410,BI003410,M001213,2024-03-14,4407.12,Debit Card,Failed
PA003411,BI003411,M002345,2024-02-19,4074.51,Credit Card,Success
PA003412,BI003412,M002149,2025-12-02,1838.92,Wallet,Success
PA003413,BI003413,M002085,2025-07-18,4192.91,Debit Card,Success
PA003414,BI003414,M000673,2025-11-21,4263.45,Credit Card,Success
PA003415,BI003415,M000116,2024-01-28,2898.69,Cash,Success
PA003416,BI003416,M001028,2025-06-25,5089.05,Credit Card,Success
PA003417,BI003417,M001684,2024-03-12,1290.0,Cash,Success
PA003418,BI003418,M001057,2024-08-10,4021.46,Credit Card,Success
PA003419,BI003419,M002192,2024-02-11,1275.02,UPI,Failed
PA003420,BI003420,M001080,2024-12-28,2522.83,Wallet,Success
PA003421,BI003421,M000857,2025-05-01,1351.41,Net Banking,Success
PA003422,BI003422,M000636,2025-09-17,4865.16,Net Banking,Success
PA003423,BI003423,M002088,2025-05-31,2031.79,UPI,Success
PA003424,BI003424,M000696,2024-12-01,3424.23,Debit Card,Success
PA003425,BI003425,M000601,2025-08-04,4976.9,Credit Card,Success
PA003426,BI003426,M000623,2025-11-02,1339.32,Debit Card,Success
PA003427,BI003427,M002369,2024-06-16,1720.95,Net Banking,Success
PA003428,BI003428,M000776,2024-10-16,5251.77,Credit Card,Success
PA003429,BI003429,M000198,2025-04-21,4322.1,Debit Card,Success
PA003430,BI003430,M002089,2024-04-04,4475.5,Net Banking,Success
PA003431,BI003431,M002425,2024-01-08,3956.33,Cash,Success
PA003432,BI003432,M000543,2024-07-31,4878.44,Net Banking,Success
PA003433,BI003433,M000890,2025-01-12,4328.17,Net Banking,Success
PA003434,BI003434,M000606,2025-07-28,3248.79,Debit Card,Success
PA003435,BI003435,M000215,2024-12-07,3544.45,Credit Card,Success
PA003436,BI003436,M001014,2025-01-12,3244.32,Cash,Success
PA003437,BI003437,M001912,2024-12-07,4717.66,Net Banking,Success
PA003438,BI003438,M000461,2024-05-04,2584.3,Cash,Success
PA003439,BI003439,M000612,2024-09-11,3087.01,Debit Card,Success
PA003440,BI003440,M000418,2024-01-04,-1605.38,Wallet,Success
PA003441,BI003441,M001579,2024-05-14,2779.11,UPI,Success
PA003442,BI003442,M001276,2024-08-26,2348.94,Cash,Success
PA003443,BI003443,M000554,2025-05-20,2919.87,Wallet,Success
PA003444,BI003444,M001163,2025-07-23,1052.02,Debit Card,Success
PA003445,BI003445,M000109,2025-03-11,4181.65,Wallet,Success
PA003446,BI003446,M002268,2025-10-05,1602.25,Cash,Success
PA003447,BI003447,M001453,2025-08-18,2650.9,Wallet,Success
PA003448,BI003448,M000148,2025-12-08,2816.01,Net Banking,Success
PA003449,BI003449,M002207,2025-07-05,1640.26,Net Banking,Success
PA003450,BI003450,M000475,2025-08-15,4946.82,Net Banking,Success
PA003451,BI003451,M001212,2024-01-14,4457.36,Cash,Success
PA003452,BI003452,M001665,2025-01-17,2070.05,Credit Card,Success
PA003453,BI003453,M000373,2025-03-31,3142.8,,Success
PA003454,BI003454,M000051,2025-09-04,3985.86,Cash,Success
PA003455,BI003455,M001506,2024-11-07,2476.69,,Success
PA003456,BI003456,M001557,2024-07-12,3873.56,,Success
PA003457,BI003457,M001672,2024-01-19,5011.19,Debit Card,Success
PA003458,BI003458,M001913,2024-10-12,2806.33,Debit Card,Success
PA003459,BI003459,M000247,2025-07-26,4405.19,Net Banking,Success
PA003460,BI003460,M001229,2024-10-04,3993.05,Cash,Success
PA003461,BI003461,M001394,2024-09-11,2875.95,,Success
PA003462,BI003462,M000955,2025-01-24,3536.85,Net Banking,Success
PA003463,BI003463,M000755,2025-03-19,1273.79,,Success
PA003464,BI003464,M000668,2025-11-09,1138.46,Net Banking,Failed
PA003465,BI003465,M000781,2024-04-22,5401.29,Credit Card,Refunded
PA003466,BI003466,M000520,2025-10-19,3764.84,Wallet,Success
PA003467,BI003467,M002322,2024-06-12,4026.2,Cash,Success
PA003468,BI003468,M000200,2025-11-12,1922.3,UPI,Success
PA003469,BI003469,M002155,2025-07-06,4427.76,Net Banking,Success
PA003470,BI003470,M001907,2025-04-30,2913.01,Net Banking,Success
PA003471,BI003471,M002054,2024-01-04,1828.55,Wallet,Success
PA003472,BI003472,M002369,2024-12-18,5168.31,Wallet,Success
PA003473,BI003473,M001234,2024-04-25,1625.14,Credit Card,Success
PA003474,BI003474,M002066,2024-10-22,2341.11,Wallet,Success
PA003475,BI003475,M000763,2024-10-01,5441.38,Cash,Success
PA003476,BI003476,M001686,2024-03-03,4026.45,,Failed
PA003477,BI003477,M000453,2025-04-18,2997.32,Net Banking,Success
PA003478,BI003478,M001496,2024-10-16,1050.62,Wallet,Failed
PA003479,BI003479,M001788,2024-04-10,2249.29,Wallet,Success
PA003480,BI003480,M000953,2025-10-24,4816.0,Net Banking,Success
PA003481,BI003481,M002330,2024-01-26,2224.17,Cash,Success
PA003482,BI003482,M000888,2024-11-24,2820.56,UPI,Success
PA003483,BI003483,M001792,2025-09-02,2136.53,Debit Card,Success
PA003484,BI003484,M002157,2024-04-20,1968.87,Credit Card,Success
PA003485,BI003485,M001550,2025-11-08,2944.74,Wallet,Success
PA003486,BI003486,M001807,2025-02-15,3610.71,Wallet,Success
PA003487,BI003487,M001910,2025-08-31,2964.92,Credit Card,Success
PA003488,BI003488,M000395,2024-04-26,1891.29,Debit Card,Success
PA003489,BI003489,M002198,2025-12-26,4469.6,Debit Card,Success
PA003490,BI003490,M002323,2025-01-12,2326.19,Credit Card,Success
PA003491,BI003491,M001700,2025-07-16,2347.4,Wallet,Success
PA003492,BI003492,M001863,2025-04-24,1799.28,UPI,Success
PA003493,BI003493,M000904,2025-10-05,3830.46,Credit Card,Success
PA003494,BI003494,M000602,2025-12-20,4981.92,Net Banking,Success
PA003495,BI003495,M001970,2024-02-15,4858.58,Net Banking,Success
PA003496,BI003496,M000046,2025-12-19,4232.46,Cash,Success
PA003497,BI003497,M002230,2024-06-10,2193.77,,Success
PA003498,BI003498,M002462,2024-08-11,3968.9,Cash,Success
PA003499,BI003499,M000377,2025-05-01,2685.74,Cash,Success
PA003500,BI003500,M002124,2024-06-26,4745.86,Net Banking,Success
PA003501,BI003501,M001161,2025-08-26,2705.99,Credit Card,Success
PA003502,BI003502,M002029,2024-07-12,3277.42,UPI,Success
PA003503,BI003503,M001323,2024-04-07,4409.1,Cash,Failed
PA003504,BI003504,M000535,2024-07-10,3774.12,Credit Card,Success
PA003505,BI003505,M000741,2024-09-07,2944.2,Cash,Success
PA003506,BI003506,M001131,2024-05-22,3666.31,UPI,Success
PA003507,BI003507,M000557,2024-02-02,-2914.07,,Success
PA003508,BI003508,M000006,2024-05-21,3442.9,Cash,Success
PA003509,BI003509,M001964,2024-11-28,2691.01,Wallet,Success
PA003510,BI003510,M001990,2024-05-09,4642.05,Net Banking,Success
PA003511,BI003511,M001436,2025-07-06,2755.44,UPI,Success
PA003512,BI003512,M000206,2024-01-31,4981.14,Cash,Success
PA003513,BI003513,M001735,2024-04-01,2726.9,Credit Card,Success
PA003514,BI003514,M000483,2024-09-11,5092.68,,Success
PA003515,BI003515,M001138,2024-05-27,1799.0,Net Banking,Success
PA003516,BI003516,M000252,2024-05-11,3130.39,,Success
PA003517,BI003517,M000631,2025-04-03,-2170.6,Cash,Success
PA003518,BI003518,M000945,2025-06-27,2764.04,Debit Card,Failed
PA003519,BI003519,M000271,2024-05-31,1251.77,UPI,Success
PA003520,BI003520,M000587,2025-09-24,2930.81,Wallet,Success
PA003521,BI003521,M000709,2025-11-26,2428.31,Net Banking,Success
PA003522,BI003522,M001917,2025-07-27,3503.12,Net Banking,Success
PA003523,BI003523,M001868,2024-05-16,3750.33,Cash,Success
PA003524,BI003524,M001831,2025-03-09,3495.24,Credit Card,Success
PA003525,BI003525,M001977,2024-01-04,2963.26,Credit Card,Failed
PA003526,BI003526,M002408,2024-01-18,4948.9,Net Banking,Success
PA003527,BI003527,M000372,2024-08-17,2694.74,Cash,Success
PA003528,BI003528,M001260,2024-03-11,4270.66,Net Banking,Failed
PA003529,BI003529,M000819,2024-01-15,2808.56,UPI,Success
PA003530,BI003530,M002297,2024-11-08,2351.48,Cash,Success
PA003531,BI003531,M001823,2024-10-06,4195.44,UPI,Refunded
PA003532,BI003532,M001076,2024-01-30,1049.24,UPI,Success
PA003533,BI003533,M002109,2025-01-11,3051.34,Debit Card,Success
PA003534,BI003534,M001521,2024-09-20,2529.72,Wallet,Success
PA003535,BI003535,M000898,2025-11-10,3842.32,Debit Card,Success
PA003536,BI003536,M000719,2024-06-16,1221.83,Credit Card,Success
PA003537,BI003537,M001931,2025-04-15,2229.15,Credit Card,Success
PA003538,BI003538,M001215,2025-05-11,2038.3,Cash,Success
PA003539,BI003539,M002293,2025-03-28,4256.14,Debit Card,Success
PA003540,BI003540,M001358,2025-10-25,1136.38,Debit Card,Success
PA003541,BI003541,M001228,2025-07-26,1617.91,Net Banking,Success
PA003542,BI003542,M000623,2025-01-31,2984.49,Cash,Success
PA003543,BI003543,M000081,2025-10-26,4322.38,UPI,Success
PA003544,BI003544,M000265,2025-08-29,4499.17,UPI,Success
PA003545,BI003545,M000183,2025-06-23,3820.42,Wallet,Success
PA003546,BI003546,M002356,2024-03-09,3960.54,,Success
PA003547,BI003547,M000347,2025-09-19,1514.87,Debit Card,Success
PA003548,BI003548,M001078,2024-11-11,3014.89,Net Banking,Success
PA003549,BI003549,M002176,2024-07-05,3304.67,Credit Card,Success
PA003550,BI003550,M000132,2025-03-16,3164.96,UPI,Success
PA003551,BI003551,M000388,2025-08-11,1224.18,Net Banking,Success
PA003552,BI003552,M000197,2025-05-02,3377.91,Credit Card,Success
PA003553,BI003553,M002407,2025-04-22,3521.0,,Success
PA003554,BI003554,M002091,2025-07-07,3932.83,Wallet,Refunded
PA003555,BI003555,M000257,2024-09-24,3930.82,Net Banking,Success
PA003556,BI003556,M001162,2024-12-16,4286.49,Debit Card,Failed
PA003557,BI003557,M001449,2025-01-15,2033.79,Wallet,Success
PA003558,BI003558,M000522,2025-07-14,2155.12,Net Banking,Refunded
PA003559,BI003559,M000417,2024-08-01,1691.01,Wallet,Success
PA003560,BI003560,M001122,2024-12-20,3122.98,Cash,Failed
PA003561,BI003561,M002459,2025-04-23,-3008.3,Credit Card,Success
PA003562,BI003562,M002261,2025-04-18,1007.49,Debit Card,Success
PA003563,BI003563,M000002,2025-06-23,1026.83,Cash,Refunded
PA003564,BI003564,M002231,2025-12-13,3045.03,Debit Card,Success
PA003565,BI003565,M002409,2025-05-25,3341.29,Cash,Success
PA003566,BI003566,M000759,2025-06-07,4356.16,Net Banking,Success
PA003567,BI003567,M000866,2024-04-02,4641.04,Credit Card,Success
PA003568,BI003568,M002462,2025-09-14,4435.46,UPI,Success
PA003569,BI003569,M000990,2025-11-11,2609.25,UPI,Success
PA003570,BI003570,M002428,2024-11-17,3304.33,Cash,Success
PA003571,BI003571,M000996,2024-05-19,1333.62,Credit Card,Success
PA003572,BI003572,M000471,2024-02-23,4561.05,UPI,Success
PA003573,BI003573,M000688,2025-02-27,3194.06,UPI,Success
PA003574,BI003574,M000569,2025-11-17,2840.69,Credit Card,Success
PA003575,BI003575,M001708,2024-03-26,4075.13,Credit Card,Failed
PA003576,BI003576,M001113,2024-11-18,-2796.63,Credit Card,Success
PA003577,BI003577,M001003,2024-04-29,3505.85,Wallet,Success
PA003578,BI003578,M000518,2025-02-27,1178.73,Credit Card,Success
PA003579,BI003579,M000088,2024-03-02,3569.73,Net Banking,Success
PA003580,BI003580,M001777,2024-12-21,2569.6,Debit Card,Success
PA003581,BI003581,M001670,2025-09-22,2422.49,Net Banking,Failed
PA003582,BI003582,M001522,2024-07-09,2957.2,Cash,Success
PA003583,BI003583,M000637,2025-01-22,3918.45,Cash,Success
PA003584,BI003584,M001881,2025-04-13,4562.61,Net Banking,Success
PA003585,BI003585,M001914,2024-03-22,2638.74,Net Banking,Success
PA003586,BI003586,M002102,2025-03-20,4451.64,UPI,Success
PA003587,BI003587,M000458,2024-05-13,4491.68,,Success
PA003588,BI003588,M000324,2024-09-30,2702.29,,Success
PA003589,BI003589,M000225,2025-01-12,4600.76,Wallet,Success
PA003590,BI003590,M000748,2025-08-13,4157.14,Net Banking,Success
PA003591,BI003591,M001729,2025-09-14,2923.04,Credit Card,Success
PA003592,BI003592,M001429,2025-10-08,4859.79,Cash,Refunded
PA003593,BI003593,M001207,2025-12-16,2101.6,Debit Card,Success
PA003594,BI003594,M002382,2024-06-04,2420.47,UPI,Success
PA003595,BI003595,M001586,2025-07-05,4068.94,Cash,Refunded
PA003596,BI003596,M002076,2024-09-18,3416.84,Cash,Refunded
PA003597,BI003597,M001859,2025-09-30,2181.98,UPI,Success
PA003598,BI003598,M000809,2024-12-09,2406.5,UPI,Success
PA003599,BI003599,M002025,2025-03-10,1632.17,Cash,Success
PA003600,BI003600,M001682,2025-06-18,3323.08,Credit Card,Success
PA003601,BI003601,M001115,2025-08-03,2427.27,UPI,Success
PA003602,BI003602,M002437,2025-02-18,3082.25,UPI,Success
PA003603,BI003603,M001693,2025-03-10,4631.24,UPI,Success
PA003604,BI003604,M001917,2024-06-10,1783.87,Debit Card,Success
PA003605,BI003605,M000270,2024-04-15,2439.77,Credit Card,Success
PA003606,BI003606,M000547,2025-03-21,1309.85,Net Banking,Success
PA003607,BI003607,M002255,2025-09-15,3858.54,Credit Card,Success
PA003608,BI003608,M001722,2024-03-27,4177.37,Cash,Success
PA003609,BI003609,M002222,2025-03-29,2178.06,Credit Card,Success
PA003610,BI003610,M001207,2024-03-02,1677.7,Credit Card,Success
PA003611,BI003611,M002238,2024-09-09,3403.94,Credit Card,Success
PA003612,BI003612,M002440,2024-10-21,3435.28,Net Banking,Success
PA003613,BI003613,M000118,2024-12-13,1541.66,UPI,Success
PA003614,BI003614,M002018,2025-08-01,3249.84,Net Banking,Success
PA003615,BI003615,M001313,2024-07-06,678.43,Credit Card,Refunded
PA003616,BI003616,M001576,2024-06-06,3874.66,UPI,Success
PA003617,BI003617,M001912,2024-08-14,3928.37,UPI,Success
PA003618,BI003618,M001181,2024-01-15,3301.89,Net Banking,Failed
PA003619,BI003619,M001664,2025-05-07,3162.22,Debit Card,Success
PA003620,BI003620,M001709,2025-11-27,3316.97,Credit Card,Success
PA003621,BI003621,M001162,2024-07-05,3166.2,Credit Card,Success
PA003622,BI003622,M001142,2025-03-12,3856.43,Net Banking,Success
PA003623,BI003623,M002064,2024-10-22,1685.12,Cash,Success
PA003624,BI003624,M001965,2025-08-11,3397.06,Wallet,Success
PA003625,BI003625,M000512,2024-01-28,2956.38,Debit Card,Success
PA003626,BI003626,M000942,2025-08-01,2106.45,Debit Card,Success
PA003627,BI003627,M001011,2024-08-17,2752.1,Cash,Success
PA003628,BI003628,M000175,2024-08-23,1008.73,Net Banking,Success
PA003629,BI003629,M002183,2024-06-26,2726.23,Debit Card,Success
PA003630,BI003630,M002361,2024-11-25,735.42,UPI,Success
PA003631,BI003631,M002297,2024-11-08,3569.99,Wallet,Success
PA003632,BI003632,M000042,2025-02-18,1772.49,Credit Card,Success
PA003633,BI003633,M001646,2024-02-23,1694.16,Cash,Success
PA003634,BI003634,M000600,2025-07-28,2546.42,Net Banking,Success
PA003635,BI003635,M001258,2025-12-21,2796.91,Credit Card,Success
PA003636,BI003636,M001539,2024-05-30,4768.95,Net Banking,Success
PA003637,BI003637,M000798,2024-03-02,1097.29,Cash,Success
PA003638,BI003638,M002114,2025-02-04,3810.53,Debit Card,Failed
PA003639,BI003639,M001430,2025-04-23,3126.9,UPI,Success
PA003640,BI003640,M001210,2024-06-10,2512.19,Credit Card,Failed
PA003641,BI003641,M000527,2025-09-04,4282.17,Debit Card,Success
PA003642,BI003642,M000140,2024-10-02,3809.83,Wallet,Failed
PA003643,BI003643,M000446,2025-12-03,4029.61,Net Banking,Success
PA003644,BI003644,M000297,2025-09-07,2121.88,Net Banking,Success
PA003645,BI003645,M001466,2024-03-13,1446.75,UPI,Success
PA003646,BI003646,M001831,2024-07-30,1901.83,Wallet,Success
PA003647,BI003647,M001726,2024-10-06,2113.74,Credit Card,Success
PA003648,BI003648,M001830,2025-02-05,1866.85,Debit Card,Success
PA003649,BI003649,M001435,2024-08-18,3028.14,Debit Card,Success
PA003650,BI003650,M001999,2025-10-05,2395.03,Wallet,Success
PA003651,BI003651,M001770,2025-10-23,3319.95,Net Banking,Success
PA003652,BI003652,M000336,2025-02-19,1003.92,Debit Card,Success
PA003653,BI003653,M001313,2024-07-06,4733.13,Credit Card,Success
PA003654,BI003654,M000899,2024-04-05,2671.22,UPI,Success
PA003655,BI003655,M001917,2024-02-25,814.57,Debit Card,Success
PA003656,BI003656,M001415,2024-12-24,1496.82,Cash,Refunded
PA003657,BI003657,M001393,2025-04-28,2666.94,Cash,Success
PA003658,BI003658,M000246,2024-04-28,2926.32,Credit Card,Success
PA003659,BI003659,M000788,2024-11-25,3981.63,Net Banking,Success
PA003660,BI003660,M001416,2025-01-22,4298.11,,Success
PA003661,BI003661,M000587,2025-05-08,2929.03,Net Banking,Success
PA003662,BI003662,M001010,2024-04-07,2190.68,Net Banking,Success
PA003663,BI003663,M002484,2024-05-09,3500.17,Net Banking,Success
PA003664,BI003664,M001041,2025-09-05,1803.44,Credit Card,Success
PA003665,BI003665,M001790,2024-05-03,3416.9,Wallet,Success
PA003666,BI003666,M000631,2024-09-12,2982.29,Wallet,Success
PA003667,BI003667,M000146,2024-11-09,1591.77,,Success
PA003668,BI003668,M001837,2024-09-12,2717.61,Wallet,Success
PA003669,BI003669,M000042,2025-02-18,2016.6,UPI,Success
PA003670,BI003670,M000719,2024-06-16,2387.11,Wallet,Success
PA003671,BI003671,M001909,2025-10-24,2080.84,Cash,Success
PA003672,BI003672,M001080,2024-12-28,3629.56,Cash,Success
PA003673,BI003673,M001301,2025-03-30,3179.55,Wallet,Success
PA003674,BI003674,M002044,2024-11-16,3775.75,Wallet,Success
PA003675,BI003675,M000591,2024-07-04,3568.93,Credit Card,Failed
PA003676,BI003676,M000229,2024-07-10,4204.59,Debit Card,Success
PA003677,BI003677,M001301,2025-03-30,3258.12,Wallet,Success
PA003678,BI003678,M000508,2025-05-14,3744.74,Cash,Success
PA003679,BI003679,M001254,2024-10-16,3065.4,Net Banking,Success
PA003680,BI003680,M002433,2025-09-26,4655.49,UPI,Success
PA003681,BI003681,M001034,2025-09-08,3395.1,Net Banking,Success
PA003682,BI003682,M000083,2024-05-11,3723.68,Debit Card,Success
PA003683,BI003683,M001825,2024-12-23,3047.1,Credit Card,Failed
PA003684,BI003684,M000291,2025-11-20,1817.11,Wallet,Success
PA003685,BI003685,M000527,2025-08-09,-2779.02,Wallet,Success
PA003686,BI003686,M000880,2025-12-16,3350.25,Credit Card,Success
PA003687,BI003687,M000805,2025-05-17,2600.62,Wallet,Failed
PA003688,BI003688,M002401,2025-04-24,2183.1,Cash,Success
PA003689,BI003689,M000622,2025-04-08,2539.04,Debit Card,Success
PA003690,BI003690,M001849,2024-03-22,2978.9,Credit Card,Success
PA003691,BI003691,M002319,2025-01-01,4889.44,Cash,Refunded
PA003692,BI003692,M000997,2025-03-18,5025.04,Debit Card,Success
PA003693,BI003693,M001547,2024-02-23,2284.16,Credit Card,Failed
PA003694,BI003694,M002314,2025-12-10,5181.28,Net Banking,Success
PA003695,BI003695,M001938,2025-05-21,3663.09,Cash,Success
PA003696,BI003696,M000209,2024-07-11,4532.88,Net Banking,Success
PA003697,BI003697,M001900,2024-04-27,2278.65,Net Banking,Success
PA003698,BI003698,M000810,2025-04-30,4925.54,UPI,Success
PA003699,BI003699,M000252,2024-03-03,1948.3,Cash,Success
PA003700,BI003700,M002395,2025-08-02,2522.2,Credit Card,Success
PA003701,BI003701,M002272,2025-05-31,2127.39,Credit Card,Success
PA003702,BI003702,M001541,2025-05-11,5092.94,Credit Card,Success
PA003703,BI003703,M000676,2024-12-24,1559.42,Debit Card,Success
PA003704,BI003704,M001260,2024-03-11,4522.57,UPI,Success
PA003705,BI003705,M000214,2024-03-24,4160.88,Cash,Success
PA003706,BI003706,M001306,2025-05-01,3602.23,UPI,Success
PA003707,BI003707,M001607,2024-02-12,4062.46,UPI,Success
PA003708,BI003708,M001656,2025-11-21,3126.17,Debit Card,Success
PA003709,BI003709,M001236,2025-04-26,1880.1,Cash,Failed
PA003710,BI003710,M002283,2024-08-23,3739.99,Debit Card,Refunded
PA003711,BI003711,M001574,2025-09-26,1347.2,Credit Card,Success
PA003712,BI003712,M000623,2025-01-31,4798.35,,Success
PA003713,BI003713,M001083,2025-04-12,2068.13,UPI,Success
PA003714,BI003714,M002199,2024-04-22,1235.03,Net Banking,Success
PA003715,BI003715,M000817,2024-11-08,1439.36,Wallet,Success
PA003716,BI003716,M000478,2025-05-06,4824.31,Debit Card,Success
PA003717,BI003717,M002028,2025-09-07,3954.63,UPI,Refunded
PA003718,BI003718,M000445,2024-03-16,1844.07,Debit Card,Success
PA003719,BI003719,M001568,2024-12-15,2929.45,,Success
PA003720,BI003720,M001805,2024-10-16,3195.97,UPI,Success
PA003721,BI003721,M001936,2025-11-16,2049.19,Cash,Success
PA003722,BI003722,M000945,2024-07-30,3120.35,Wallet,Success
PA003723,BI003723,M000139,2025-01-02,2349.62,Credit Card,Success
PA003724,BI003724,M001120,2025-05-10,2564.17,Debit Card,Success
PA003725,BI003725,M002446,2024-11-25,3571.69,UPI,Success
PA003726,BI003726,M001175,2024-03-31,3473.52,UPI,Success
PA003727,BI003727,M000270,2025-03-07,1829.15,Wallet,Success
PA003728,BI003728,M002410,2025-06-29,2056.24,UPI,Success
PA003729,BI003729,M001150,2025-03-16,2402.81,Debit Card,Refunded
PA003730,BI003730,M001555,2025-12-04,3809.62,Cash,Success
PA003731,BI003731,M000362,2024-05-30,5154.37,Cash,Failed
PA003732,BI003732,M002065,2025-01-21,5108.68,,Success
PA003733,BI003733,M000908,2025-03-17,4257.92,Net Banking,Success
PA003734,BI003734,M002093,2025-06-27,2535.5,Debit Card,Success
PA003735,BI003735,M001570,2025-04-08,4462.23,Credit Card,Success
PA003736,BI003736,M000024,2025-07-07,3584.89,Wallet,Success
PA003737,BI003737,M000194,2025-08-07,3334.14,Net Banking,Success
PA003738,BI003738,M000309,2024-11-10,2429.37,Debit Card,Success
PA003739,BI003739,M000631,2024-05-07,3121.69,Net Banking,Success
PA003740,BI003740,M002437,2024-12-20,1270.81,Cash,Failed
PA003741,BI003741,M000155,2024-08-21,1502.12,Net Banking,Success
PA003742,BI003742,M000720,2025-09-04,4043.87,Cash,Success
PA003743,BI003743,M000155,2025-02-06,3449.39,Credit Card,Failed
PA003744,BI003744,M000876,2024-01-16,3900.58,Cash,Success
PA003745,BI003745,M001982,2025-06-14,3204.24,Credit Card,Success
PA003746,BI003746,M001044,2025-11-03,2033.72,Wallet,Success
PA003747,BI003747,M001853,2024-09-16,4066.56,Cash,Success
PA003748,BI003748,M002059,2025-07-11,4254.38,UPI,Success
PA003749,BI003749,M001201,2025-11-27,5319.51,,Success
PA003750,BI003750,M000860,2025-10-08,3962.09,Credit Card,Success
PA003751,BI003751,M001083,2025-07-27,-3891.08,Cash,Success
PA003752,BI003752,M000200,2025-11-12,2907.31,UPI,Success
PA003753,BI003753,M000472,2025-10-31,3211.17,UPI,Success
PA003754,BI003754,M000369,2024-11-03,1807.23,Cash,Success
PA003755,BI003755,M001377,2025-10-24,3659.42,Wallet,Success
PA003756,BI003756,M001393,2025-04-28,2467.12,Cash,Success
PA003757,BI003757,M002301,2025-09-25,2483.57,Debit Card,Success
PA003758,BI003758,M001065,2025-06-17,5113.74,Cash,Success
PA003759,BI003759,M001935,2024-01-22,4362.23,UPI,Success
PA003760,BI003760,M001189,2024-02-03,2460.62,Net Banking,Success
PA003761,BI003761,M001777,2024-03-29,2466.4,UPI,Success
PA003762,BI003762,M002150,2025-03-17,2496.28,UPI,Success
PA003763,BI003763,M002023,2024-07-12,4647.0,Net Banking,Success
PA003764,BI003764,M000684,2024-03-15,3961.54,Net Banking,Success
PA003765,BI003765,M000509,2024-02-11,1360.25,Net Banking,Success
PA003766,BI003766,M001113,2024-11-18,4410.01,Wallet,Success
PA003767,BI003767,M000246,2024-11-08,2731.55,Debit Card,Success
PA003768,BI003768,M001018,2025-05-31,5078.53,Credit Card,Success
PA003769,BI003769,M000095,2025-10-03,3740.64,Debit Card,Success
PA003770,BI003770,M000080,2024-12-28,3298.89,Wallet,Success
PA003771,BI003771,M001135,2024-10-16,5524.08,UPI,Success
PA003772,BI003772,M001786,2024-02-12,1246.78,Net Banking,Success
PA003773,BI003773,M002407,2025-07-16,3391.37,Cash,Success
PA003774,BI003774,M001630,2024-10-07,4162.94,UPI,Success
PA003775,BI003775,M000769,2024-05-05,3543.43,,Success
PA003776,BI003776,M001702,2024-10-01,4633.1,Cash,Success
PA003777,BI003777,M000290,2025-12-17,4393.69,Debit Card,Success
PA003778,BI003778,M000668,2024-02-06,2278.12,Net Banking,Success
PA003779,BI003779,M001452,2025-05-10,1057.63,Cash,Success
PA003780,BI003780,M000658,2024-03-30,2773.43,Net Banking,Failed
PA003781,BI003781,M001395,2025-11-14,4114.82,UPI,Success
PA003782,BI003782,M002459,2025-04-23,4063.43,Wallet,Success
PA003783,BI003783,M001986,2024-07-04,2882.55,Net Banking,Success
PA003784,BI003784,M000807,2024-08-31,4102.63,UPI,Success
PA003785,BI003785,M001416,2024-04-12,2509.16,Cash,Success
PA003786,BI003786,M001667,2024-06-11,4334.19,Debit Card,Success
PA003787,BI003787,M002361,2024-11-10,4281.34,,Success
PA003788,BI003788,M000722,2024-05-13,4635.04,Wallet,Success
PA003789,BI003789,M000192,2025-10-30,3930.93,UPI,Success
PA003790,BI003790,M002176,2024-08-10,3854.88,Debit Card,Success
PA003791,BI003791,M000954,2025-11-13,3624.8,Credit Card,Success
PA003792,BI003792,M000670,2025-12-07,1210.69,Net Banking,Failed
PA003793,BI003793,M001307,2025-07-23,4925.14,UPI,Success
PA003794,BI003794,M002333,2025-11-12,3151.91,Wallet,Refunded
PA003795,BI003795,M000014,2025-03-15,3426.01,Net Banking,Success
PA003796,BI003796,M002056,2024-03-21,3803.27,UPI,Success
PA003797,BI003797,M000258,2025-07-14,4959.58,Credit Card,Success
PA003798,BI003798,M000932,2025-06-03,4134.76,Net Banking,Success
PA003799,BI003799,M000671,2024-08-05,4622.52,Credit Card,Success
PA003800,BI003800,M001522,2024-07-09,2230.65,Cash,Success
PA003801,BI003801,M002140,2025-05-02,2568.18,Credit Card,Success
PA003802,BI003802,M000565,2025-07-05,1862.92,UPI,Success
PA003803,BI003803,M002114,2025-01-30,2939.36,Net Banking,Success
PA003804,BI003804,M001389,2025-11-08,4090.31,Debit Card,Success
PA003805,BI003805,M000503,2024-08-25,3650.24,Wallet,Success
PA003806,BI003806,M001301,2025-06-25,4710.52,Cash,Success
PA003807,BI003807,M002109,2025-04-12,4712.83,Wallet,Success
PA003808,BI003808,M002145,2025-11-29,1608.29,Credit Card,Success
PA003809,BI003809,M001579,2024-06-25,3716.09,UPI,Success
PA003810,BI003810,M000700,2025-12-24,3460.93,Credit Card,Success
PA003811,BI003811,M000153,2025-04-06,4126.86,Wallet,Success
PA003812,BI003812,M002257,2024-08-27,2253.61,UPI,Success
PA003813,BI003813,M001542,2025-01-12,4406.75,Wallet,Success
PA003814,BI003814,M000455,2025-11-23,3417.2,UPI,Success
PA003815,BI003815,M002485,2024-06-02,-4463.87,Cash,Success
PA003816,BI003816,M001045,2024-04-10,3428.81,Debit Card,Success
PA003817,BI003817,M001487,2025-06-05,2719.01,Net Banking,Refunded
PA003818,BI003818,M002401,2024-03-01,3738.28,Net Banking,Success
PA003819,BI003819,M002102,2025-08-23,4357.51,Debit Card,Success
PA003820,BI003820,M000516,2025-12-12,1932.07,UPI,Success
PA003821,BI003821,M000609,2024-07-15,3978.47,Credit Card,Failed
PA003822,BI003822,M000615,2025-03-19,3414.6,Credit Card,Success
PA003823,BI003823,M002240,2024-10-05,3007.96,Wallet,Success
PA003824,BI003824,M001667,2025-03-19,2868.22,Wallet,Success
PA003825,BI003825,M001579,2024-03-13,4309.53,Net Banking,Success
PA003826,BI003826,M000600,2024-10-04,1498.0,UPI,Success
PA003827,BI003827,M002218,2024-10-22,3284.51,Credit Card,Success
PA003828,BI003828,M000617,2024-05-26,2561.23,Credit Card,Success
PA003829,BI003829,M001940,2024-01-16,3687.89,Credit Card,Success
PA003830,BI003830,M000431,2024-08-24,4297.87,Cash,Success
PA003831,BI003831,M002054,2025-01-12,4469.96,UPI,Success
PA003832,BI003832,M001352,2024-09-06,4147.92,Debit Card,Success
PA003833,BI003833,M001558,2025-02-18,3417.69,,Success
PA003834,BI003834,M001942,2025-01-16,4724.85,UPI,Success
PA003835,BI003835,M001163,2024-08-05,3697.1,Debit Card,Success
PA003836,BI003836,M000435,2025-06-24,2610.53,Credit Card,Success
PA003837,BI003837,M001591,2025-10-12,1978.21,UPI,Success
PA003838,BI003838,M001321,2024-10-08,3700.74,Debit Card,Success
PA003839,BI003839,M000324,2025-04-17,4029.88,Debit Card,Success
PA003840,BI003840,M000553,2024-04-22,3333.59,Cash,Success
PA003841,BI003841,M001786,2025-09-18,4583.76,Wallet,Success
PA003842,BI003842,M001738,2025-07-13,664.24,Credit Card,Success
PA003843,BI003843,M002182,2024-05-10,2914.77,Net Banking,Success
PA003844,BI003844,M001917,2025-05-23,2526.26,Net Banking,Success
PA003845,BI003845,M002242,2024-02-26,2628.26,Wallet,Success
PA003846,BI003846,M001745,2025-04-15,-3801.47,UPI,Success
PA003847,BI003847,M002065,2025-04-21,3232.28,Wallet,Success
PA003848,BI003848,M002496,2024-02-26,3290.61,Net Banking,Success
PA003849,BI003849,M001954,2025-07-02,2553.29,Cash,Success
PA003850,BI003850,M000397,2025-07-20,5063.79,Wallet,Success
PA003851,BI003851,M000300,2024-06-24,1579.4,Wallet,Success
PA003852,BI003852,M000789,2024-12-04,4156.77,,Success
PA003853,BI003853,M001345,2025-04-23,2412.96,Cash,Success
PA003854,BI003854,M000644,2025-01-07,3313.56,Wallet,Success
PA003855,BI003855,M001114,2025-03-30,3648.46,Cash,Success
PA003856,BI003856,M001705,2025-10-13,3080.96,Credit Card,Success
PA003857,BI003857,M001415,2024-10-17,1151.05,Wallet,Success
PA003858,BI003858,M001021,2025-10-26,786.76,Credit Card,Success
PA003859,BI003859,M001414,2024-12-19,4450.56,Net Banking,Success
PA003860,BI003860,M001083,2025-11-21,3309.8,Debit Card,Success
PA003861,BI003861,M002035,2025-03-14,4557.37,Net Banking,Success
PA003862,BI003862,M001265,2025-02-24,2967.65,UPI,Success
PA003863,BI003863,M002449,2024-10-10,2398.03,,Success
PA003864,BI003864,M001623,2024-08-20,3279.13,Debit Card,Success
PA003865,BI003865,M000657,2025-05-25,2935.56,Net Banking,Success
PA003866,BI003866,M001611,2024-04-09,2898.64,,Success
PA003867,BI003867,M002421,2025-10-28,5164.61,Cash,Success
PA003868,BI003868,M002081,2025-10-21,5229.32,Cash,Success
PA003869,BI003869,M001112,2024-08-07,1187.31,Wallet,Success
PA003870,BI003870,M001910,2024-02-03,1921.41,Wallet,Success
PA003871,BI003871,M000532,2024-12-12,4820.89,Credit Card,Success
PA003872,BI003872,M002426,2025-11-05,2358.8,Credit Card,Success
PA003873,BI003873,M000580,2025-07-03,3617.34,Cash,Success
PA003874,BI003874,M000055,2025-07-08,3641.09,Debit Card,Success
PA003875,BI003875,M002250,2024-03-24,4451.74,Cash,Success
PA003876,BI003876,M001446,2025-11-03,2007.22,Credit Card,Success
PA003877,BI003877,M001016,2024-03-14,3816.19,Wallet,Success
PA003878,BI003878,M000554,2024-03-05,4297.52,Net Banking,Failed
PA003879,BI003879,M001689,2024-04-26,2792.46,UPI,Success
PA003880,BI003880,M001071,2024-02-14,5331.68,Net Banking,Success
PA003881,BI003881,M002235,2025-03-04,3965.48,Credit Card,Success
PA003882,BI003882,M001649,2024-10-28,4746.23,UPI,Success
PA003883,BI003883,M001015,2025-05-17,3554.0,Credit Card,Success
PA003884,BI003884,M000132,2024-12-21,1410.6,Debit Card,Success
PA003885,BI003885,M001896,2025-01-14,1963.46,Credit Card,Failed
PA003886,BI003886,M000607,2024-07-29,2297.53,UPI,Failed
PA003887,BI003887,M001582,2025-08-08,5322.35,Debit Card,Failed
PA003888,BI003888,M000304,2024-10-09,3188.42,Wallet,Refunded
PA003889,BI003889,M000490,2024-12-28,4175.28,Credit Card,Success
PA003890,BI003890,M000262,2024-09-08,4608.77,Debit Card,Success
PA003891,BI003891,M001242,2024-05-24,3885.33,Debit Card,Success
PA003892,BI003892,M000376,2024-10-22,2167.87,Net Banking,Failed
PA003893,BI003893,M001214,2024-11-22,3608.52,Cash,Success
PA003894,BI003894,M000796,2024-02-13,4212.1,Debit Card,Success
PA003895,BI003895,M000343,2024-12-21,2992.43,Net Banking,Success
PA003896,BI003896,M002408,2024-05-09,1719.51,Credit Card,Success
PA003897,BI003897,M002112,2024-06-07,4806.43,Wallet,Success
PA003898,BI003898,M001452,2025-03-07,5681.13,Credit Card,Success
PA003899,BI003899,M001818,2025-03-11,3437.6,Net Banking,Success
PA003900,BI003900,M002300,2024-06-16,4072.33,Cash,Success
PA003901,BI003901,M001150,2024-03-07,3251.74,UPI,Success
PA003902,BI003902,M001564,2024-10-08,2159.06,UPI,Success
PA003903,BI003903,M001001,2025-10-05,4766.14,Credit Card,Success
PA003904,BI003904,M001016,2025-04-01,3945.2,Debit Card,Success
PA003905,BI003905,M000812,2025-11-26,4082.36,Credit Card,Success
PA003906,BI003906,M000340,2024-10-21,5131.97,UPI,Success
PA003907,BI003907,M001054,2024-02-23,1738.82,UPI,Success
PA003908,BI003908,M000728,2025-10-08,2644.27,UPI,Success
PA003909,BI003909,M002052,2025-11-20,2939.19,Cash,Success
PA003910,BI003910,M000910,2024-03-06,3905.05,UPI,Success
PA003911,BI003911,M002495,2025-09-11,2130.91,Net Banking,Success
PA003912,BI003912,M000720,2025-09-04,2226.86,Debit Card,Success
PA003913,BI003913,M000347,2024-01-22,4510.69,Wallet,Success
PA003914,BI003914,M001406,2024-10-15,2683.69,UPI,Success
PA003915,BI003915,M001854,2024-07-08,2624.53,Wallet,Success
PA003916,BI003916,M000420,2025-10-18,2801.96,UPI,Success
PA003917,BI003917,M000565,2025-07-05,4926.39,,Success
PA003918,BI003918,M000664,2024-02-12,1681.19,,Success
PA003919,BI003919,M001075,2024-03-31,2193.41,Wallet,Success
PA003920,BI003920,M001589,2025-10-30,2788.01,Cash,Success
PA003921,BI003921,M001999,2024-08-08,5296.27,Net Banking,Success
PA003922,BI003922,M002098,2024-12-14,1943.65,Credit Card,Success
PA003923,BI003923,M000496,2024-08-25,3034.84,UPI,Success
PA003924,BI003924,M001609,2024-03-16,3194.09,UPI,Success
PA003925,BI003925,M002333,2024-05-13,1399.46,Net Banking,Failed
PA003926,BI003926,M001680,2025-04-18,1134.59,Net Banking,Success
PA003927,BI003927,M000361,2025-05-30,4382.43,Credit Card,Success
PA003928,BI003928,M000256,2024-10-17,980.17,Net Banking,Success
PA003929,BI003929,M002362,2024-02-29,1815.01,UPI,Success
PA003930,BI003930,M001780,2025-07-09,1694.71,Credit Card,Success
PA003931,BI003931,M000933,2025-07-13,1053.12,Wallet,Success
PA003932,BI003932,M000797,2025-04-16,1830.35,UPI,Success
PA003933,BI003933,M000669,2025-02-03,3230.54,Debit Card,Success
PA003934,BI003934,M000136,2024-07-20,2632.47,UPI,Success
PA003935,BI003935,M000963,2024-08-07,4305.72,Debit Card,Success
PA003936,BI003936,M001770,2025-10-23,2211.09,UPI,Success
PA003937,BI003937,M000853,2024-12-23,4034.83,Debit Card,Success
PA003938,BI003938,M002049,2025-11-14,-3780.91,Cash,Success
PA003939,BI003939,M001340,2024-04-27,1848.9,Credit Card,Success
PA003940,BI003940,M000334,2025-08-04,4248.47,Credit Card,Success
PA003941,BI003941,M000427,2024-01-24,3168.83,UPI,Success
PA003942,BI003942,M000014,2025-12-12,933.99,Debit Card,Success
PA003943,BI003943,M001218,2025-08-04,2373.39,UPI,Success
PA003944,BI003944,M002049,2025-09-22,4906.72,Net Banking,Success
PA003945,BI003945,M001495,2025-09-21,3722.66,Wallet,Success
PA003946,BI003946,M002444,2024-05-15,3828.88,Credit Card,Success
PA003947,BI003947,M000734,2025-01-31,2893.08,Credit Card,Success
PA003948,BI003948,M002112,2024-06-17,4042.19,Credit Card,Success
PA003949,BI003949,M000614,2024-04-23,3596.99,Debit Card,Success
PA003950,BI003950,M000980,2024-10-13,4177.88,Credit Card,Success
PA003951,BI003951,M002264,2025-03-27,4327.75,Net Banking,Success
PA003952,BI003952,M000746,2024-05-05,4694.21,Net Banking,Success
PA003953,BI003953,M001208,2025-07-29,4447.58,Debit Card,Success
PA003954,BI003954,M001231,2025-01-01,4900.84,Net Banking,Success
PA003955,BI003955,M001119,2025-10-12,1968.78,Wallet,Success
PA003956,BI003956,M001123,2024-09-24,1037.56,Cash,Success
PA003957,BI003957,M001666,2025-09-12,1246.31,UPI,Success
PA003958,BI003958,M000060,2025-06-20,1327.8,Wallet,Success
PA003959,BI003959,M000132,2024-12-21,1771.42,UPI,Success
PA003960,BI003960,M001655,2024-12-19,4319.14,Cash,Failed
PA003961,BI003961,M000851,2024-03-27,1589.68,Cash,Success
PA003962,BI003962,M002056,2024-03-21,5196.21,Credit Card,Success
PA003963,BI003963,M002492,2024-07-24,3393.8,Wallet,Success
PA003964,BI003964,M001336,2025-04-17,3725.04,Cash,Refunded
PA003965,BI003965,M001673,2025-08-05,3147.01,Cash,Success
PA003966,BI003966,M001906,2024-11-10,2592.98,UPI,Success
PA003967,BI003967,M001592,2024-04-05,2906.45,Wallet,Refunded
PA003968,BI003968,M001711,2025-12-30,4309.02,Debit Card,Success
PA003969,BI003969,M001911,2025-05-24,2117.75,,Success
PA003970,BI003970,M001327,2025-12-07,2901.95,Cash,Success
PA003971,BI003971,M002369,2024-05-05,2689.27,Debit Card,Success
PA003972,BI003972,M001163,2024-08-05,1325.39,Net Banking,Success
PA003973,BI003973,M001260,2024-03-28,4582.18,Cash,Success
PA003974,BI003974,M000483,2025-05-23,2036.02,Net Banking,Success
PA003975,BI003975,M001438,2024-11-17,4484.0,Wallet,Success
PA003976,BI003976,M002247,2024-05-30,2975.39,Cash,Success
PA003977,BI003977,M002354,2024-01-26,2930.16,UPI,Failed
PA003978,BI003978,M000580,2025-02-05,3879.52,Wallet,Success
PA003979,BI003979,M000031,2024-06-12,3833.02,,Success
PA003980,BI003980,M000591,2024-07-04,5363.77,Net Banking,Failed
PA003981,BI003981,M002294,2024-05-01,1517.87,Cash,Success
PA003982,BI003982,M001236,2025-03-18,4131.55,Debit Card,Success
PA003983,BI003983,M001802,2024-01-01,2794.38,Net Banking,Success
PA003984,BI003984,M000347,2024-04-17,5222.05,Credit Card,Success
PA003985,BI003985,M001254,2025-11-27,3051.7,UPI,Success
PA003986,BI003986,M002400,2024-03-24,5113.67,Net Banking,Success
PA003987,BI003987,M000776,2025-10-15,3942.18,Cash,Success
PA003988,BI003988,M002025,2024-07-19,4697.38,Wallet,Success
PA003989,BI003989,M000853,2025-10-23,1542.8,Credit Card,Success
PA003990,BI003990,M000825,2025-07-07,2576.61,Debit Card,Success
PA003991,BI003991,M002334,2024-04-19,3312.57,Wallet,Success
PA003992,BI003992,M002349,2025-07-08,4262.69,Net Banking,Success
PA003993,BI003993,M002170,2025-01-25,4803.26,Cash,Success
PA003994,BI003994,M000209,2024-07-11,2819.64,UPI,Success
PA003995,BI003995,M000997,2025-11-01,5012.04,Net Banking,Success
PA003996,BI003996,M001510,2024-01-26,1422.99,UPI,Failed
PA003997,BI003997,M001656,2025-09-21,2573.62,Wallet,Success
PA003998,BI003998,M000297,2024-07-30,5670.3,Net Banking,Success
PA003999,BI003999,M001957,2025-10-25,1867.69,Credit Card,Success
PA004000,BI004000,M001416,2025-01-22,2411.38,Cash,Success
PA004001,BI004001,M000746,2025-06-10,4067.56,Credit Card,Success
PA004002,BI004002,M001110,2025-05-31,3864.32,Cash,Success
PA004003,BI004003,M002428,2024-08-14,4435.1,Cash,Success
PA004004,BI004004,M000485,2025-01-07,4262.6,Debit Card,Success
PA004005,BI004005,M001081,2024-09-18,3138.94,Debit Card,Success
PA004006,BI004006,M000573,2025-09-24,4107.64,Wallet,Success
PA004007,BI004007,M000212,2024-02-20,3787.49,Cash,Success
PA004008,BI004008,M000084,2025-11-27,3546.03,Cash,Success
PA004009,BI004009,M000991,2025-08-20,3501.22,Debit Card,Success
PA004010,BI004010,M001779,2024-10-29,2788.97,Wallet,Refunded
PA004011,BI004011,M002091,2025-05-08,1982.25,Wallet,Refunded
PA004012,BI004012,M002373,2024-08-14,3924.79,Cash,Success
PA004013,BI004013,M002041,2025-06-29,2822.69,Cash,Success
PA004014,BI004014,M001636,2025-10-03,3813.57,Credit Card,Success
PA004015,BI004015,M001271,2025-09-17,4105.35,Debit Card,Success
PA004016,BI004016,M000432,2024-02-09,3760.57,UPI,Success
PA004017,BI004017,M000275,2025-08-06,2048.04,Credit Card,Success
PA004018,BI004018,M001493,2025-08-22,3511.87,UPI,Success
PA004019,BI004019,M000061,2024-02-25,3383.36,Wallet,Failed
PA004020,BI004020,M001101,2025-09-17,1675.04,UPI,Success
PA004021,BI004021,M000902,2024-07-05,4091.92,Wallet,Failed
PA004022,BI004022,M001895,2024-05-15,3165.68,Credit Card,Failed
PA004023,BI004023,M001556,2025-08-28,4620.01,UPI,Success
PA004024,BI004024,M001422,2025-08-13,4371.54,Net Banking,Success
PA004025,BI004025,M000395,2024-04-26,3944.68,UPI,Success
PA004026,BI004026,M001744,2025-09-27,4261.25,Credit Card,Success
PA004027,BI004027,M000476,2025-02-21,2678.59,Cash,Success
PA004028,BI004028,M001004,2025-01-29,2838.49,Debit Card,Success
PA004029,BI004029,M001096,2024-06-26,3281.35,Wallet,Success
PA004030,BI004030,M000086,2025-05-27,2752.4,Debit Card,Success
PA004031,BI004031,M001991,2025-06-18,2298.07,Credit Card,Success
PA004032,BI004032,M001437,2024-07-31,2529.61,Credit Card,Success
PA004033,BI004033,M000506,2025-03-01,4264.65,Credit Card,Success
PA004034,BI004034,M000257,2024-07-26,2347.02,Net Banking,Success
PA004035,BI004035,M001421,2024-05-10,4236.65,Cash,Success
PA004036,BI004036,M002057,2025-03-17,3326.36,Cash,Success
PA004037,BI004037,M000534,2025-12-25,1707.92,Net Banking,Success
PA004038,BI004038,M000073,2024-04-19,1432.79,Net Banking,Success
PA004039,BI004039,M000273,2024-11-12,5355.38,Net Banking,Success
PA004040,BI004040,M002331,2024-12-05,2567.52,Wallet,Success
PA004041,BI004041,M002181,2025-03-17,821.89,Cash,Success
PA004042,BI004042,M000526,2024-09-13,4816.21,Debit Card,Success
PA004043,BI004043,M000631,2024-09-12,5123.07,Credit Card,Success
PA004044,BI004044,M000747,2025-05-24,3297.2,Credit Card,Success
PA004045,BI004045,M001484,2025-12-12,1808.22,Wallet,Success
PA004046,BI004046,M000590,2024-05-24,1960.23,UPI,Success
PA004047,BI004047,M002223,2024-03-10,2403.6,Credit Card,Success
PA004048,BI004048,M002265,2024-11-07,3750.43,Net Banking,Success
PA004049,BI004049,M002313,2025-10-16,3057.47,Debit Card,Failed
PA004050,BI004050,M002034,2025-11-18,4653.73,Credit Card,Failed
PA004051,BI004051,M001146,2025-09-20,2634.92,Net Banking,Success
PA004052,BI004052,M001029,2025-09-04,4986.17,Cash,Success
PA004053,BI004053,M000695,2024-10-27,3902.96,Net Banking,Failed
PA004054,BI004054,M001823,2025-07-15,2580.49,Credit Card,Success
PA004055,BI004055,M001712,2024-01-07,1223.84,Wallet,Success
PA004056,BI004056,M000658,2024-09-23,2272.91,UPI,Success
PA004057,BI004057,M000920,2025-12-06,3141.15,Debit Card,Success
PA004058,BI004058,M001544,2025-10-08,5566.54,UPI,Success
PA004059,BI004059,M000658,2024-02-16,4830.59,UPI,Success
PA004060,BI004060,M002074,2024-05-31,2252.8,UPI,Success
PA004061,BI004061,M002268,2025-06-05,911.35,Debit Card,Success
PA004062,BI004062,M000124,2025-11-18,1262.45,Cash,Success
PA004063,BI004063,M001894,2025-09-06,3145.05,Debit Card,Success
PA004064,BI004064,M000290,2025-12-17,2687.87,Wallet,Success
PA004065,BI004065,M000233,2025-09-27,3236.37,Net Banking,Success
PA004066,BI004066,M001332,2025-07-22,1813.27,Net Banking,Failed
PA004067,BI004067,M001993,2025-01-18,3971.56,Credit Card,Success
PA004068,BI004068,M001277,2024-08-10,2846.96,Wallet,Success
PA004069,BI004069,M001612,2025-10-13,2023.05,Net Banking,Success
PA004070,BI004070,M001688,2025-08-23,2404.2,Debit Card,Success
PA004071,BI004071,M000897,2025-11-07,3772.43,Wallet,Success
PA004072,BI004072,M002246,2024-04-13,4994.23,Cash,Success
PA004073,BI004073,M001859,2024-12-28,4130.99,Credit Card,Success
PA004074,BI004074,M000265,2024-07-12,2821.55,Cash,Failed
PA004075,BI004075,M000835,2024-10-22,2938.91,Credit Card,Success
PA004076,BI004076,M002353,2024-06-26,3843.98,Cash,Success
PA004077,BI004077,M001229,2024-09-27,3644.69,Net Banking,Success
PA004078,BI004078,M000883,2025-09-16,5586.54,UPI,Success
PA004079,BI004079,M000528,2024-12-22,3682.58,Credit Card,Success
PA004080,BI004080,M000657,2025-11-16,4181.6,Cash,Success
PA004081,BI004081,M000190,2024-12-14,985.55,Credit Card,Success
PA004082,BI004082,M001910,2025-08-31,2221.81,Wallet,Success
PA004083,BI004083,M001246,2025-05-02,722.96,Wallet,Failed
PA004084,BI004084,M000313,2025-03-03,2794.17,Credit Card,Success
PA004085,BI004085,M000918,2024-10-02,2537.32,Cash,Success
PA004086,BI004086,M001110,2025-05-31,2729.18,Wallet,Failed
PA004087,BI004087,M001172,2025-07-23,2888.09,Cash,Failed
PA004088,BI004088,M001955,2025-10-31,2844.42,Wallet,Success
PA004089,BI004089,M001158,2025-04-05,3053.63,,Refunded
PA004090,BI004090,M000672,2025-12-22,2569.93,Wallet,Success
PA004091,BI004091,M000670,2024-07-18,3925.71,Net Banking,Success
PA004092,BI004092,M002160,2025-03-09,4727.54,Net Banking,Success
PA004093,BI004093,M000664,2024-09-11,5741.46,Cash,Refunded
PA004094,BI004094,M000676,2025-12-18,2877.27,UPI,Success
PA004095,BI004095,M000781,2024-04-22,4734.1,,Success
PA004096,BI004096,M002156,2025-06-17,3008.98,Net Banking,Success
PA004097,BI004097,M001642,2024-03-05,4271.26,UPI,Success
PA004098,BI004098,M000274,2025-11-24,2777.99,Credit Card,Success
PA004099,BI004099,M001818,2024-01-25,3471.27,Cash,Success
PA004100,BI004100,M000477,2025-04-09,3872.87,Debit Card,Failed
PA004101,BI004101,M000877,2024-07-06,2544.36,Wallet,Success
PA004102,BI004102,M000471,2024-11-08,1498.72,Wallet,Success
PA004103,BI004103,M001963,2025-09-26,4726.13,UPI,Success
PA004104,BI004104,M001902,2025-08-16,5462.12,Net Banking,Success
PA004105,BI004105,M002486,2024-06-29,2351.76,Debit Card,Success
PA004106,BI004106,M002026,2024-07-26,4371.71,UPI,Success
PA004107,BI004107,M001090,2025-09-03,1922.01,Wallet,Success
PA004108,BI004108,M002384,2024-09-07,4572.13,Cash,Success
PA004109,BI004109,M002176,2024-08-10,1798.97,Debit Card,Success
PA004110,BI004110,M002192,2025-01-04,2307.34,UPI,Success
PA004111,BI004111,M001204,2024-12-04,2478.42,UPI,Success
PA004112,BI004112,M002343,2024-03-24,3678.09,Net Banking,Success
PA004113,BI004113,M002459,2024-11-25,1317.87,Wallet,Success
PA004114,BI004114,M000094,2025-06-23,5160.36,,Success
PA004115,BI004115,M001510,2024-08-21,4426.59,UPI,Failed
PA004116,BI004116,M002176,2025-06-28,2223.49,Credit Card,Success
PA004117,BI004117,M002275,2024-07-30,1926.72,Debit Card,Success
PA004118,BI004118,M001917,2025-02-09,1694.92,Cash,Failed
PA004119,BI004119,M002045,2025-10-12,2244.36,Cash,Success
PA004120,BI004120,M000406,2025-12-14,4959.87,Wallet,Success
PA004121,BI004121,M000440,2025-06-19,5038.72,Net Banking,Success
PA004122,BI004122,M001061,2024-09-05,1894.54,Net Banking,Success
PA004123,BI004123,M000197,2024-12-05,3015.35,Wallet,Success
PA004124,BI004124,M001480,2025-01-24,1087.59,Debit Card,Success
PA004125,BI004125,M001990,2024-05-09,3778.87,UPI,Success
PA004126,BI004126,M000718,2024-07-14,4221.29,UPI,Success
PA004127,BI004127,M000195,2024-08-13,3002.75,Net Banking,Success
PA004128,BI004128,M000641,2025-09-13,1235.3,Credit Card,Success
PA004129,BI004129,M000826,2024-09-05,1793.48,Wallet,Success
PA004130,BI004130,M000133,2025-08-15,1863.26,Wallet,Success
PA004131,BI004131,M002052,2025-03-31,2641.18,Debit Card,Failed
PA004132,BI004132,M000237,2024-06-23,5136.31,Cash,Success
PA004133,BI004133,M001339,2024-11-04,1927.03,Wallet,Success
PA004134,BI004134,M000529,2024-08-14,4538.16,Credit Card,Success
PA004135,BI004135,M001430,2025-08-28,2961.55,Net Banking,Success
PA004136,BI004136,M002058,2025-03-15,3297.49,Wallet,Failed
PA004137,BI004137,M000386,2024-04-15,2526.18,Debit Card,Success
PA004138,BI004138,M000957,2025-02-04,2588.78,Debit Card,Success
PA004139,BI004139,M000335,2025-03-25,5255.35,,Success
PA004140,BI004140,M000649,2025-01-23,4303.55,Net Banking,Success
PA004141,BI004141,M002212,2024-01-03,4901.76,UPI,Success
PA004142,BI004142,M001841,2024-03-01,5214.2,Wallet,Success
PA004143,BI004143,M002281,2024-08-13,4986.17,UPI,Success
PA004144,BI004144,M001189,2025-03-14,4946.75,Credit Card,Success
PA004145,BI004145,M001213,2025-08-30,2288.28,,Success
PA004146,BI004146,M000115,2024-03-22,3992.4,Net Banking,Success
PA004147,BI004147,M001903,2024-09-14,4251.01,Cash,Success
PA004148,BI004148,M002330,2024-02-29,2673.19,,Success
PA004149,BI004149,M002368,2025-10-07,3444.81,Cash,Success
PA004150,BI004150,M002350,2024-08-07,3417.02,Debit Card,Success
PA004151,BI004151,M000269,2024-08-18,5117.75,Debit Card,Success
PA004152,BI004152,M000672,2025-08-14,1357.8,,Success
PA004153,BI004153,M000193,2025-02-26,4494.15,Wallet,Success
PA004154,BI004154,M001078,2024-11-11,2446.63,Credit Card,Success
PA004155,BI004155,M001147,2025-11-05,2954.3,Credit Card,Success
PA004156,BI004156,M000805,2024-08-07,3767.3,Debit Card,Success
PA004157,BI004157,M001579,2024-06-25,2571.99,UPI,Success
PA004158,BI004158,M001265,2025-02-24,2336.97,Debit Card,Success
PA004159,BI004159,M002114,2024-07-04,1988.63,Debit Card,Success
PA004160,BI004160,M000031,2025-10-01,4222.43,Net Banking,Success
PA004161,BI004161,M001823,2025-07-15,4632.0,Cash,Success
PA004162,BI004162,M002496,2025-04-07,3450.03,UPI,Success
PA004163,BI004163,M001111,2024-10-18,2066.87,Cash,Success
PA004164,BI004164,M001130,2024-08-11,3657.01,Wallet,Success
PA004165,BI004165,M001027,2025-04-21,1951.15,UPI,Success
PA004166,BI004166,M000299,2024-11-29,2121.78,Debit Card,Success
PA004167,BI004167,M001655,2024-04-02,1461.13,Debit Card,Success
PA004168,BI004168,M001942,2024-05-21,4249.28,Debit Card,Success
PA004169,BI004169,M000337,2025-06-29,2385.75,Debit Card,Success
PA004170,BI004170,M000922,2025-01-18,2528.99,UPI,Success
PA004171,BI004171,M000882,2024-02-01,4407.72,UPI,Success
PA004172,BI004172,M001741,2025-08-12,5397.22,Credit Card,Success
PA004173,BI004173,M000900,2024-04-07,5977.88,UPI,Success
PA004174,BI004174,M000908,2025-11-02,3097.26,Net Banking,Success
PA004175,BI004175,M001381,2024-09-02,5427.56,Net Banking,Success
PA004176,BI004176,M001227,2025-04-01,1657.26,Net Banking,Success
PA004177,BI004177,M001685,2025-07-04,2630.0,,Success
PA004178,BI004178,M000911,2025-04-05,4206.23,UPI,Success
PA004179,BI004179,M001958,2024-05-07,2756.17,UPI,Success
PA004180,BI004180,M002242,2025-06-16,5198.19,Cash,Success
PA004181,BI004181,M002374,2024-10-11,2784.26,Cash,Failed
PA004182,BI004182,M002235,2024-07-29,1621.74,Credit Card,Success
PA004183,BI004183,M000536,2025-09-11,3301.75,Debit Card,Success
PA004184,BI004184,M001029,2025-09-04,1234.98,,Success
PA004185,BI004185,M001572,2025-05-25,1572.62,Credit Card,Success
PA004186,BI004186,M000978,2025-07-07,4155.26,Debit Card,Success
PA004187,BI004187,M000559,2024-10-14,3461.24,Credit Card,Success
PA004188,BI004188,M000795,2025-07-14,1146.26,,Failed
PA004189,BI004189,M000593,2025-03-15,1148.56,,Success
PA004190,BI004190,M001553,2024-07-05,4272.82,Credit Card,Success
PA004191,BI004191,M001651,2024-09-10,1796.98,Net Banking,Success
PA004192,BI004192,M001366,2025-02-15,3621.19,UPI,Success
PA004193,BI004193,M001866,2024-12-03,3136.9,Cash,Success
PA004194,BI004194,M000769,2024-03-05,2185.13,UPI,Success
PA004195,BI004195,M000732,2024-11-07,1965.76,UPI,Success
PA004196,BI004196,M001465,2024-06-13,3048.0,Wallet,Success
PA004197,BI004197,M002177,2024-08-31,3510.67,Credit Card,Success
PA004198,BI004198,M002473,2024-02-24,2698.42,Wallet,Success
PA004199,BI004199,M000710,2025-09-29,4542.46,Credit Card,Success
PA004200,BI004200,M001021,2024-11-30,4909.39,Credit Card,Success
PA004201,BI004201,M002362,2025-01-18,3652.79,UPI,Success
PA004202,BI004202,M000948,2025-01-25,3414.5,UPI,Success
PA004203,BI004203,M000607,2024-04-23,4122.64,Credit Card,Success
PA004204,BI004204,M002356,2025-10-30,2292.1,,Success
PA004205,BI004205,M001446,2025-05-16,2134.66,Wallet,Success
PA004206,BI004206,M000100,2024-09-11,-4047.77,Net Banking,Failed
PA004207,BI004207,M001753,2024-11-28,4604.96,Debit Card,Success
PA004208,BI004208,M000601,2024-07-29,3649.54,Net Banking,Success
PA004209,BI004209,M001330,2025-05-03,959.51,Credit Card,Success
PA004210,BI004210,M001347,2025-09-27,2374.84,Wallet,Failed
PA004211,BI004211,M000972,2024-06-23,1689.26,Debit Card,Success
PA004212,BI004212,M001248,2025-02-15,2192.28,Credit Card,Success
PA004213,BI004213,M002247,2024-05-30,3588.89,Debit Card,Success
PA004214,BI004214,M001376,2024-08-06,4409.77,Debit Card,Refunded
PA004215,BI004215,M000527,2025-08-09,3066.1,Cash,Success
PA004216,BI004216,M002217,2024-09-11,3689.41,Debit Card,Success
PA004217,BI004217,M001271,2025-08-28,5251.04,UPI,Success
PA004218,BI004218,M001777,2024-03-29,2118.84,Cash,Refunded
PA004219,BI004219,M001830,2024-05-09,3224.1,Net Banking,Success
PA004220,BI004220,M002134,2025-02-05,4028.0,Wallet,Failed
PA004221,BI004221,M002483,2025-10-15,3827.71,Cash,Success
PA004222,BI004222,M000986,2024-06-07,4803.79,Wallet,Success
PA004223,BI004223,M001134,2024-05-01,3944.04,Credit Card,Success
PA004224,BI004224,M000363,2024-09-13,3218.23,Net Banking,Success
PA004225,BI004225,M000395,2025-04-29,3016.52,Cash,Success
PA004226,BI004226,M001786,2025-11-29,1901.22,,Success
PA004227,BI004227,M000443,2024-02-15,2847.36,Credit Card,Success
PA004228,BI004228,M001181,2024-04-02,3179.14,Cash,Success
PA004229,BI004229,M002106,2024-06-08,3383.2,Net Banking,Success
PA004230,BI004230,M002431,2024-01-15,3082.19,Net Banking,Success
PA004231,BI004231,M001638,2025-02-27,1013.58,Credit Card,Success
PA004232,BI004232,M001416,2025-12-01,3444.92,Debit Card,Success
PA004233,BI004233,M002177,2025-08-26,2601.43,Debit Card,Success
PA004234,BI004234,M001041,2025-09-05,4913.15,Credit Card,Success
PA004235,BI004235,M000739,2025-03-14,4647.85,Cash,Success
PA004236,BI004236,M000011,2025-11-17,3853.95,Net Banking,Success
PA004237,BI004237,M001348,2025-09-22,1637.73,Credit Card,Success
PA004238,BI004238,M001277,2025-05-07,3434.48,Wallet,Success
PA004239,BI004239,M001919,2024-10-14,3089.99,Cash,Success
PA004240,BI004240,M001885,2025-02-13,4893.34,Cash,Success
PA004241,BI004241,M001335,2025-11-20,3033.7,Cash,Success
PA004242,BI004242,M001338,2024-01-14,5051.12,UPI,Success
PA004243,BI004243,M000404,2025-04-09,3719.85,Credit Card,Success
PA004244,BI004244,M000004,2025-12-20,4513.58,UPI,Success
PA004245,BI004245,M002243,2025-07-11,1141.77,Debit Card,Success
PA004246,BI004246,M000293,2025-03-30,3657.91,Cash,Success
PA004247,BI004247,M000576,2025-03-10,3556.82,Debit Card,Success
PA004248,BI004248,M000102,2024-01-21,4152.97,Cash,Success
PA004249,BI004249,M002237,2025-12-08,4791.35,Wallet,Success
PA004250,BI004250,M001257,2025-11-22,4838.98,Debit Card,Success
PA004251,BI004251,M001400,2024-04-30,2898.14,UPI,Success
PA004252,BI004252,M001766,2024-02-27,1889.48,Credit Card,Failed
PA004253,BI004253,M001717,2024-06-22,5732.88,Debit Card,Failed
PA004254,BI004254,M002368,2025-05-22,3573.47,Credit Card,Success
PA004255,BI004255,M000386,2024-04-15,2072.84,UPI,Success
PA004256,BI004256,M000047,2024-04-28,3290.8,Credit Card,Success
PA004257,BI004257,M000126,2024-10-05,3107.62,Net Banking,Success
PA004258,BI004258,M001324,2024-10-21,3200.15,Cash,Refunded
PA004259,BI004259,M001225,2025-05-19,4240.64,Wallet,Success
PA004260,BI004260,M002265,2024-11-07,1788.22,UPI,Success
PA004261,BI004261,M001843,2025-06-21,1789.63,UPI,Success
PA004262,BI004262,M002126,2025-05-10,2688.38,Credit Card,Failed
PA004263,BI004263,M000230,2024-01-21,3605.6,Net Banking,Success
PA004264,BI004264,M000139,2024-02-13,2575.97,Credit Card,Failed
PA004265,BI004265,M002410,2025-06-29,1841.59,Wallet,Success
PA004266,BI004266,M002073,2024-01-13,3730.62,UPI,Success
PA004267,BI004267,M001921,2025-09-14,1843.02,Credit Card,Failed
PA004268,BI004268,M002356,2024-03-09,2510.13,Cash,Success
PA004269,BI004269,M000899,2024-09-01,3865.8,Credit Card,Success
PA004270,BI004270,M000041,2024-09-05,-1618.41,Net Banking,Success
PA004271,BI004271,M000934,2025-01-19,4591.03,Net Banking,Failed
PA004272,BI004272,M000150,2024-07-31,1308.05,Wallet,Success
PA004273,BI004273,M000130,2025-11-29,2385.95,UPI,Success
PA004274,BI004274,M000420,2025-10-18,1850.59,Net Banking,Success
PA004275,BI004275,M000609,2024-07-15,2934.75,Cash,Success
PA004276,BI004276,M000788,2025-02-14,2816.74,Debit Card,Success
PA004277,BI004277,M000663,2025-01-05,2480.52,Credit Card,Success
PA004278,BI004278,M000333,2024-11-08,1692.58,Wallet,Success
PA004279,BI004279,M000453,2025-10-15,4837.64,Net Banking,Failed
PA004280,BI004280,M001454,2024-05-26,2496.91,Net Banking,Success
PA004281,BI004281,M000620,2024-09-02,5464.31,Debit Card,Success
PA004282,BI004282,M001809,2025-04-12,3388.21,Credit Card,Success
PA004283,BI004283,M001698,2025-08-25,711.65,Net Banking,Success
PA004284,BI004284,M000625,2025-03-07,2320.72,Cash,Success
PA004285,BI004285,M001145,2025-01-12,2616.86,UPI,Success
PA004286,BI004286,M001699,2025-08-03,3585.2,Cash,Success
PA004287,BI004287,M000832,2025-01-13,5301.27,UPI,Success
PA004288,BI004288,M000862,2025-03-26,2879.64,Cash,Failed
PA004289,BI004289,M000848,2024-05-11,3589.56,Wallet,Success
PA004290,BI004290,M002336,2024-01-12,2299.35,UPI,Success
PA004291,BI004291,M000457,2024-11-04,3821.52,Wallet,Success
PA004292,BI004292,M000672,2025-01-25,3710.74,Credit Card,Success
PA004293,BI004293,M001267,2025-01-27,2515.08,Cash,Success
PA004294,BI004294,M001882,2025-08-01,1715.9,Net Banking,Success
PA004295,BI004295,M002340,2025-09-16,1522.7,Net Banking,Success
PA004296,BI004296,M000587,2025-05-28,4647.94,Cash,Success
PA004297,BI004297,M001111,2024-11-03,2099.14,Net Banking,Success
PA004298,BI004298,M000094,2024-09-27,2818.24,Cash,Success
PA004299,BI004299,M002272,2024-12-21,3288.52,Cash,Failed
PA004300,BI004300,M001887,2025-02-11,-3539.28,Credit Card,Success
PA004301,BI004301,M000106,2024-09-02,3797.29,Wallet,Success
PA004302,BI004302,M000140,2025-06-29,2017.87,,Success
PA004303,BI004303,M000922,2025-01-18,1627.22,Cash,Success
PA004304,BI004304,M001282,2024-04-12,4768.3,Credit Card,Success
PA004305,BI004305,M001922,2024-01-17,3308.61,Net Banking,Success
PA004306,BI004306,M001484,2025-12-12,3307.02,Cash,Success
PA004307,BI004307,M000261,2025-09-02,5162.94,Credit Card,Success
PA004308,BI004308,M001934,2025-05-27,4040.09,Wallet,Success
PA004309,BI004309,M000952,2025-08-24,1082.98,UPI,Success
PA004310,BI004310,M001421,2024-08-04,2405.46,UPI,Success
PA004311,BI004311,M002363,2025-10-17,3305.93,UPI,Success
PA004312,BI004312,M001537,2024-12-03,2288.78,Credit Card,Success
PA004313,BI004313,M002485,2025-12-12,4257.66,Credit Card,Success
PA004314,BI004314,M001912,2024-02-10,5126.25,Credit Card,Success
PA004315,BI004315,M000215,2024-12-07,2381.17,Credit Card,Success
PA004316,BI004316,M001994,2025-02-08,925.08,Debit Card,Success
PA004317,BI004317,M002064,2025-03-24,4446.94,Debit Card,Success
PA004318,BI004318,M001362,2024-05-24,4127.24,Wallet,Failed
PA004319,BI004319,M002355,2024-03-25,3996.38,,Success
PA004320,BI004320,M002095,2025-11-02,2804.3,Debit Card,Success
PA004321,BI004321,M002032,2025-11-02,2471.33,Net Banking,Success
PA004322,BI004322,M001107,2024-09-23,3836.71,Wallet,Success
PA004323,BI004323,M002157,2025-08-10,2043.57,Credit Card,Success
PA004324,BI004324,M002248,2025-06-02,-2153.2,Debit Card,Success
PA004325,BI004325,M000526,2024-09-13,1531.98,Wallet,Success
PA004326,BI004326,M001660,2024-08-09,2785.73,Net Banking,Failed
PA004327,BI004327,M001970,2024-12-17,1900.52,Net Banking,Success
PA004328,BI004328,M001054,2024-08-10,1854.53,Credit Card,Success
PA004329,BI004329,M002429,2024-11-10,2060.79,Cash,Success
PA004330,BI004330,M001740,2024-07-01,4554.36,Credit Card,Refunded
PA004331,BI004331,M000279,2024-01-27,2987.14,UPI,Success
PA004332,BI004332,M002327,2025-01-23,2373.43,Wallet,Success
PA004333,BI004333,M000455,2024-03-19,5389.32,UPI,Success
PA004334,BI004334,M002290,2025-10-02,3361.32,Wallet,Refunded
PA004335,BI004335,M002124,2024-06-26,1198.53,Debit Card,Success
PA004336,BI004336,M000977,2024-03-21,5377.18,Credit Card,Success
PA004337,BI004337,M000372,2024-09-21,2236.18,UPI,Success
PA004338,BI004338,M000505,2025-10-12,2989.1,Net Banking,Success
PA004339,BI004339,M002265,2024-11-07,4422.51,Credit Card,Success
PA004340,BI004340,M000820,2025-05-05,4494.37,Credit Card,Success
PA004341,BI004341,M002191,2025-07-06,3602.9,Wallet,Success
PA004342,BI004342,M001132,2025-11-22,2927.63,Cash,Success
PA004343,BI004343,M000193,2025-12-19,2435.06,Credit Card,Success
PA004344,BI004344,M000149,2025-07-13,3048.71,Net Banking,Success
PA004345,BI004345,M001644,2025-04-25,4912.36,UPI,Success
PA004346,BI004346,M002245,2024-02-06,2207.11,Wallet,Success
PA004347,BI004347,M001576,2025-03-10,4143.19,Debit Card,Success
PA004348,BI004348,M000667,2024-06-12,4114.12,Wallet,Success
PA004349,BI004349,M002450,2024-03-27,1812.76,Net Banking,Success
PA004350,BI004350,M000169,2025-07-18,1527.32,Credit Card,Success
PA004351,BI004351,M002410,2025-06-29,4943.35,Wallet,Success
PA004352,BI004352,M000589,2024-07-22,2394.42,Debit Card,Success
PA004353,BI004353,M000989,2024-09-18,1918.07,UPI,Success
PA004354,BI004354,M001489,2025-05-15,2095.66,Net Banking,Success
PA004355,BI004355,M002239,2025-06-06,2616.88,Net Banking,Success
PA004356,BI004356,M000057,2025-01-31,1750.5,UPI,Success
PA004357,BI004357,M000564,2025-12-22,2775.55,Wallet,Success
PA004358,BI004358,M000208,2025-08-06,3278.81,UPI,Success
PA004359,BI004359,M002045,2025-10-12,2336.39,Cash,Success
PA004360,BI004360,M000011,2024-12-07,3006.01,Wallet,Failed
PA004361,BI004361,M001376,2025-06-11,2629.21,Debit Card,Failed
PA004362,BI004362,M000146,2025-08-24,2667.75,Net Banking,Success
PA004363,BI004363,M002259,2025-12-01,4141.75,Net Banking,Success
PA004364,BI004364,M000970,2025-03-26,3353.29,Net Banking,Success
PA004365,BI004365,M002454,2025-06-24,4691.1,Net Banking,Success
PA004366,BI004366,M001646,2024-04-18,2558.69,Net Banking,Success
PA004367,BI004367,M000330,2024-04-19,5201.47,Credit Card,Success
PA004368,BI004368,M002201,2025-04-08,5071.8,Wallet,Success
PA004369,BI004369,M000464,2025-03-17,2251.8,Cash,Failed
PA004370,BI004370,M000033,2025-10-24,4653.86,UPI,Success
PA004371,BI004371,M000518,2024-10-06,1933.2,Debit Card,Success
PA004372,BI004372,M002459,2025-04-23,2973.14,Credit Card,Success
PA004373,BI004373,M001643,2024-02-11,2842.04,Debit Card,Success
PA004374,BI004374,M002467,2024-02-13,2625.06,Cash,Success
PA004375,BI004375,M000402,2025-02-21,3976.04,Credit Card,Success
PA004376,BI004376,M000989,2024-09-18,1183.13,UPI,Success
PA004377,BI004377,M001651,2025-07-18,1778.41,Debit Card,Success
PA004378,BI004378,M001206,2024-12-09,1264.29,Cash,Success
PA004379,BI004379,M001250,2024-08-01,4140.63,Credit Card,Success
PA004380,BI004380,M000536,2024-04-19,3576.4,Wallet,Success
PA004381,BI004381,M000707,2025-12-07,1966.79,,Success
PA004382,BI004382,M000641,2024-02-18,2222.03,UPI,Success
PA004383,BI004383,M000334,2025-08-04,3629.5,Debit Card,Success
PA004384,BI004384,M001233,2024-12-02,2708.94,Cash,Success
PA004385,BI004385,M001602,2024-08-02,2103.83,Net Banking,Success
PA004386,BI004386,M000873,2025-03-27,1845.89,Net Banking,Success
PA004387,BI004387,M001409,2024-05-28,4104.0,Cash,Success
PA004388,BI004388,M000155,2025-10-21,5344.89,UPI,Success
PA004389,BI004389,M001362,2025-02-01,4145.0,Wallet,Success
PA004390,BI004390,M002150,2025-01-15,2902.16,UPI,Success
PA004391,BI004391,M000335,2024-05-30,4338.47,Net Banking,Success
PA004392,BI004392,M001814,2025-01-19,4769.0,Credit Card,Success
PA004393,BI004393,M002238,2024-03-20,2979.47,Wallet,Success
PA004394,BI004394,M000201,2025-07-06,679.82,Debit Card,Success
PA004395,BI004395,M000781,2024-09-03,3652.12,UPI,Failed
PA004396,BI004396,M000133,2025-01-02,2706.88,Debit Card,Success
PA004397,BI004397,M002153,2024-05-16,3301.03,Cash,Success
PA004398,BI004398,M000612,2024-09-11,4107.26,Debit Card,Success
PA004399,BI004399,M001344,2024-01-29,3037.01,Debit Card,Failed
PA004400,BI004400,M000209,2024-08-15,3065.99,Debit Card,Success
PA004401,BI004401,M001377,2024-05-20,4622.01,Wallet,Success
PA004402,BI004402,M000361,2024-06-15,4460.9,UPI,Success
PA004403,BI004403,M000563,2025-11-07,4114.06,Wallet,Success
PA004404,BI004404,M002065,2025-09-10,3609.62,Debit Card,Success
PA004405,BI004405,M001907,2025-04-30,5247.78,Net Banking,Success
PA004406,BI004406,M002469,2024-09-22,2761.51,Cash,Success
PA004407,BI004407,M000150,2025-05-10,3593.62,Cash,Success
PA004408,BI004408,M000298,2024-08-27,4603.12,Cash,Success
PA004409,BI004409,M002329,2025-04-24,901.58,Wallet,Success
PA004410,BI004410,M001936,2025-11-16,1680.43,Debit Card,Success
PA004411,BI004411,M002139,2025-07-04,2142.12,Debit Card,Success
PA004412,BI004412,M000561,2024-03-24,2421.72,UPI,Refunded
PA004413,BI004413,M000100,2024-09-11,3496.46,Wallet,Success
PA004414,BI004414,M001997,2024-07-06,4707.0,Credit Card,Success
PA004415,BI004415,M000565,2025-10-27,4175.15,Debit Card,Success
PA004416,BI004416,M001547,2025-04-09,1317.61,Debit Card,Success
PA004417,BI004417,M002009,2024-12-30,4819.72,UPI,Success
PA004418,BI004418,M000723,2024-12-18,2612.15,Cash,Success
PA004419,BI004419,M000953,2025-10-24,4189.74,Wallet,Success
PA004420,BI004420,M002185,2025-02-22,3043.42,Wallet,Success
PA004421,BI004421,M002201,2025-07-13,3543.5,Net Banking,Success
PA004422,BI004422,M002293,2025-09-27,3798.65,Cash,Success
PA004423,BI004423,M000444,2025-01-27,3678.42,Net Banking,Success
PA004424,BI004424,M002424,2024-10-20,4172.05,UPI,Success
PA004425,BI004425,M000919,2025-10-06,1252.28,Credit Card,Failed
PA004426,BI004426,M001470,2025-04-05,4490.27,Debit Card,Success
PA004427,BI004427,M001607,2025-07-03,3485.25,Credit Card,Success
PA004428,BI004428,M001338,2024-05-24,3236.66,Debit Card,Success
PA004429,BI004429,M000411,2024-09-28,4406.52,Debit Card,Success
PA004430,BI004430,M001279,2025-05-07,3072.0,UPI,Success
PA004431,BI004431,M000953,2025-10-24,4664.67,Debit Card,Success
PA004432,BI004432,M000081,2025-01-12,1565.1,Net Banking,Success
PA004433,BI004433,M001686,2024-03-03,4512.14,Net Banking,Success
PA004434,BI004434,M002216,2024-01-06,3161.98,Debit Card,Success
PA004435,BI004435,M000431,2025-03-10,3693.32,Net Banking,Success
PA004436,BI004436,M001534,2024-10-04,3208.57,Cash,Success
PA004437,BI004437,M000086,2025-05-31,3804.13,UPI,Success
PA004438,BI004438,M000841,2025-02-05,4258.49,Net Banking,Success
PA004439,BI004439,M000333,2025-01-31,3674.98,Credit Card,Success
PA004440,BI004440,M002218,2025-05-21,1711.57,Net Banking,Success
PA004441,BI004441,M001474,2024-05-30,2389.71,Net Banking,Success
PA004442,BI004442,M000094,2025-06-23,4292.46,Debit Card,Success
PA004443,BI004443,M001519,2025-11-11,3502.42,UPI,Success
PA004444,BI004444,M002351,2025-05-09,2568.83,Credit Card,Success
PA004445,BI004445,M001342,2024-01-26,3572.3,Cash,Success
PA004446,BI004446,M002167,2025-10-23,4159.73,Credit Card,Success
PA004447,BI004447,M001769,2025-05-16,4044.72,Wallet,Success
PA004448,BI004448,M001091,2025-08-29,2006.81,UPI,Success
PA004449,BI004449,M001746,2025-01-06,1866.02,UPI,Success
PA004450,BI004450,M002431,2024-01-15,-5142.87,Wallet,Refunded
PA004451,BI004451,M000762,2024-12-20,5130.21,Debit Card,Success
PA004452,BI004452,M002220,2025-03-17,2353.58,Net Banking,Success
PA004453,BI004453,M001595,2025-08-02,4329.45,Cash,Success
PA004454,BI004454,M000441,2025-10-12,1656.63,Net Banking,Success
PA004455,BI004455,M002495,2025-09-11,2142.97,Wallet,Refunded
PA004456,BI004456,M000696,2024-12-01,3330.9,Net Banking,Success
PA004457,BI004457,M000960,2024-06-28,2532.03,UPI,Success
PA004458,BI004458,M000788,2024-10-04,4571.39,Net Banking,Success
PA004459,BI004459,M002373,2025-09-01,4579.25,Debit Card,Failed
PA004460,BI004460,M001224,2025-03-04,3110.29,UPI,Success
PA004461,BI004461,M002108,2024-01-29,2001.52,Wallet,Success
PA004462,BI004462,M000664,2025-08-26,2220.32,Wallet,Success
PA004463,BI004463,M001589,2025-10-30,4252.39,Net Banking,Success
PA004464,BI004464,M000606,2025-08-30,463.83,Wallet,Success
PA004465,BI004465,M001101,2025-09-17,2222.4,UPI,Failed
PA004466,BI004466,M000954,2025-11-13,4128.34,UPI,Success
PA004467,BI004467,M002419,2024-10-23,4499.04,Debit Card,Success
PA004468,BI004468,M002421,2024-04-20,2578.56,Net Banking,Success
PA004469,BI004469,M001285,2024-08-28,2457.3,UPI,Success
PA004470,BI004470,M001945,2024-07-26,1760.01,Wallet,Success
PA004471,BI004471,M002429,2024-11-10,3427.03,Net Banking,Success
PA004472,BI004472,M001762,2024-01-31,2434.37,Debit Card,Failed
PA004473,BI004473,M000710,2025-12-01,4648.31,Cash,Success
PA004474,BI004474,M000882,2024-06-12,2370.04,,Success
PA004475,BI004475,M001338,2024-09-08,4912.61,Debit Card,Success
PA004476,BI004476,M000746,2025-06-10,1797.33,Wallet,Success
PA004477,BI004477,M000165,2025-08-02,2840.75,Credit Card,Success
PA004478,BI004478,M001435,2025-12-01,2301.44,Credit Card,Success
PA004479,BI004479,M000730,2024-07-07,4694.43,Debit Card,Success
PA004480,BI004480,M001201,2024-01-27,2004.37,Cash,Success
PA004481,BI004481,M001872,2025-08-31,2431.93,Wallet,Failed
PA004482,BI004482,M000573,2025-04-01,2212.35,Cash,Success
PA004483,BI004483,M000443,2024-10-08,3591.56,UPI,Success
PA004484,BI004484,M000379,2025-06-15,4944.26,Wallet,Success
PA004485,BI004485,M002218,2025-06-23,2539.58,,Success
PA004486,BI004486,M001097,2025-09-23,1712.54,Debit Card,Success
PA004487,BI004487,M002196,2025-03-29,5116.42,Wallet,Success
PA004488,BI004488,M000730,2025-11-16,3177.23,Credit Card,Success
PA004489,BI004489,M001193,2025-09-03,3669.53,UPI,Success
PA004490,BI004490,M000991,2024-11-30,3217.34,UPI,Success
PA004491,BI004491,M001865,2024-04-29,4613.41,Credit Card,Success
PA004492,BI004492,M001570,2024-08-03,3872.27,Net Banking,Success
PA004493,BI004493,M002211,2025-06-18,3848.12,Debit Card,Success
PA004494,BI004494,M001279,2024-02-02,3416.58,Debit Card,Success
PA004495,BI004495,M000669,2024-07-11,5690.81,Net Banking,Success
PA004496,BI004496,M000914,2025-07-19,3911.69,Net Banking,Success
PA004497,BI004497,M000239,2025-01-12,1819.78,Cash,Success
PA004498,BI004498,M000477,2025-04-09,2419.4,Cash,Success
PA004499,BI004499,M000658,2024-09-23,2045.83,,Success
PA004500,BI004500,M000541,2025-03-17,1760.0,Debit Card,Success
PA004501,BI004501,M000378,2024-05-19,4738.06,UPI,Success
PA004502,BI004502,M001338,2024-11-13,3286.54,Wallet,Refunded
PA004503,BI004503,M001700,2025-07-16,2177.65,Wallet,Success
PA004504,BI004504,M000984,2025-04-27,4352.93,Net Banking,Success
PA004505,BI004505,M001673,2025-11-23,3658.93,Credit Card,Success
PA004506,BI004506,M000236,2025-11-15,4571.51,UPI,Success
PA004507,BI004507,M001599,2024-10-19,3093.69,UPI,Success
PA004508,BI004508,M000898,2024-06-13,4372.64,,Success
PA004509,BI004509,M001764,2025-06-24,2446.48,,Success
PA004510,BI004510,M000494,2025-11-15,2324.92,Debit Card,Success
PA004511,BI004511,M001888,2025-04-06,2001.73,Cash,Success
PA004512,BI004512,M001704,2024-10-04,4408.32,Credit Card,Success
PA004513,BI004513,M001847,2025-11-23,4326.83,Wallet,Success
PA004514,BI004514,M000594,2024-02-22,2238.18,Cash,Success
PA004515,BI004515,M002471,2025-11-19,1707.73,Wallet,Success
PA004516,BI004516,M001206,2025-02-26,2030.1,UPI,Success
PA004517,BI004517,M000630,2024-06-08,3432.5,Net Banking,Success
PA004518,BI004518,M002073,2024-01-13,3415.71,,Success
PA004519,BI004519,M000317,2024-01-01,3364.46,UPI,Success
PA004520,BI004520,M001559,2025-02-16,1644.91,Net Banking,Success
PA004521,BI004521,M001262,2025-08-01,1330.68,Credit Card,Success
PA004522,BI004522,M001773,2024-11-22,4337.68,UPI,Success
PA004523,BI004523,M000223,2025-04-01,3223.73,Wallet,Success
PA004524,BI004524,M001996,2024-07-24,1351.75,Credit Card,Success
PA004525,BI004525,M001039,2025-10-09,3960.1,Wallet,Success
PA004526,BI004526,M002265,2025-09-27,4349.23,Wallet,Success
PA004527,BI004527,M000492,2024-06-13,1561.95,Credit Card,Success
PA004528,BI004528,M000471,2024-02-06,3028.56,Credit Card,Failed
PA004529,BI004529,M000445,2025-05-15,2375.14,Credit Card,Success
PA004530,BI004530,M000127,2025-08-07,1672.43,Net Banking,Success
PA004531,BI004531,M002329,2025-04-24,1131.78,Cash,Success
PA004532,BI004532,M002373,2025-08-25,1374.74,Cash,Success
PA004533,BI004533,M002008,2024-08-18,2877.03,Credit Card,Success
PA004534,BI004534,M001304,2024-05-20,1881.01,Net Banking,Success
PA004535,BI004535,M002003,2024-10-30,4496.3,Wallet,Success
PA004536,BI004536,M001965,2025-08-11,2804.33,Wallet,Success
PA004537,BI004537,M000209,2025-09-24,3850.56,Cash,Success
PA004538,BI004538,M001925,2024-09-09,2787.36,Credit Card,Success
PA004539,BI004539,M001725,2024-05-03,3300.72,Credit Card,Success
PA004540,BI004540,M001913,2024-10-12,3094.78,UPI,Success
PA004541,BI004541,M002161,2024-03-25,2839.55,Cash,Failed
PA004542,BI004542,M001887,2024-05-28,3036.36,Cash,Success
PA004543,BI004543,M000494,2024-11-29,2183.14,Cash,Success
PA004544,BI004544,M001393,2024-06-03,5329.34,Net Banking,Success
PA004545,BI004545,M000700,2024-09-30,2687.83,UPI,Success
PA004546,BI004546,M002098,2025-12-22,3980.1,Credit Card,Success
PA004547,BI004547,M000295,2024-12-14,2543.85,Cash,Success
PA004548,BI004548,M001834,2025-12-05,4784.43,,Success
PA004549,BI004549,M001027,2025-03-31,-2534.78,Wallet,Failed
PA004550,BI004550,M000893,2024-07-18,2239.41,Debit Card,Success
PA004551,BI004551,M000499,2025-09-08,751.79,Debit Card,Success
PA004552,BI004552,M000719,2025-03-07,2901.17,,Success
PA004553,BI004553,M001321,2024-10-08,2438.73,Wallet,Success
PA004554,BI004554,M001962,2024-07-07,3474.08,UPI,Success
PA004555,BI004555,M000347,2024-01-22,1758.47,UPI,Success
PA004556,BI004556,M001441,2025-09-29,2686.6,Wallet,Success
PA004557,BI004557,M000483,2024-09-14,4934.16,Debit Card,Success
PA004558,BI004558,M001340,2025-12-15,2206.2,Cash,Success
PA004559,BI004559,M001875,2024-05-19,3055.12,Debit Card,Success
PA004560,BI004560,M001444,2025-03-10,5279.07,UPI,Success
PA004561,BI004561,M002005,2024-07-03,1710.23,Cash,Success
PA004562,BI004562,M000894,2024-09-01,4197.63,UPI,Success
PA004563,BI004563,M001441,2025-07-20,3832.66,UPI,Success
PA004564,BI004564,M001921,2025-02-26,4584.06,UPI,Success
PA004565,BI004565,M000900,2024-04-07,2730.84,Debit Card,Success
PA004566,BI004566,M002398,2024-07-07,3850.15,UPI,Success
PA004567,BI004567,M001945,2024-07-19,5663.44,Cash,Failed
PA004568,BI004568,M002137,2025-02-05,2875.55,Net Banking,Success
PA004569,BI004569,M001338,2024-10-05,1247.3,Debit Card,Success
PA004570,BI004570,M001130,2025-08-30,2691.55,Net Banking,Success
PA004571,BI004571,M000699,2025-04-23,3835.78,UPI,Success
PA004572,BI004572,M000698,2024-09-24,2554.5,Debit Card,Success
PA004573,BI004573,M000153,2025-05-03,4462.17,Wallet,Success
PA004574,BI004574,M002356,2024-12-25,2840.32,Wallet,Refunded
PA004575,BI004575,M001661,2025-04-16,2870.16,,Success
PA004576,BI004576,M000749,2024-09-19,1518.36,UPI,Success
PA004577,BI004577,M001418,2025-08-09,4128.91,Debit Card,Success
PA004578,BI004578,M001489,2025-09-02,1994.29,Wallet,Failed
PA004579,BI004579,M001629,2024-11-16,3526.52,Credit Card,Failed
PA004580,BI004580,M001233,2024-12-02,3674.22,Net Banking,Success
PA004581,BI004581,M001146,2024-10-29,4487.09,Wallet,Success
PA004582,BI004582,M001604,2025-12-03,2935.5,Credit Card,Success
PA004583,BI004583,M002358,2024-06-22,2553.85,UPI,Success
PA004584,BI004584,M000555,2025-03-16,2051.37,,Success
PA004585,BI004585,M000422,2024-10-05,3914.91,Net Banking,Success
PA004586,BI004586,M001239,2025-11-12,4313.27,Debit Card,Success
PA004587,BI004587,M000361,2025-01-15,4074.61,Cash,Success
PA004588,BI004588,M002024,2024-11-04,4402.57,Debit Card,Success
PA004589,BI004589,M001402,2024-04-26,3177.77,Debit Card,Success
PA004590,BI004590,M000815,2024-07-20,4870.77,Cash,Refunded
PA004591,BI004591,M000971,2024-03-25,3965.04,,Success
PA004592,BI004592,M002211,2025-12-09,1576.7,Cash,Success
PA004593,BI004593,M001251,2024-01-16,1951.94,Wallet,Success
PA004594,BI004594,M001332,2025-07-22,3048.4,Net Banking,Failed
PA004595,BI004595,M000914,2025-05-09,3993.4,Net Banking,Success
PA004596,BI004596,M000857,2025-05-01,2575.45,,Success
PA004597,BI004597,M001763,2025-08-06,3490.15,Net Banking,Success
PA004598,BI004598,M001228,2025-06-06,5243.04,Credit Card,Success
PA004599,BI004599,M000391,2024-01-03,2986.99,Credit Card,Success
PA004600,BI004600,M001947,2025-05-25,2910.87,Credit Card,Success
PA004601,BI004601,M000210,2025-07-20,1475.43,,Success
PA004602,BI004602,M002409,2025-09-17,3471.89,Wallet,Success
PA004603,BI004603,M002216,2025-04-02,3747.66,Net Banking,Success
PA004604,BI004604,M001093,2024-08-23,-1775.83,Wallet,Success
PA004605,BI004605,M001957,2025-10-25,4072.14,Net Banking,Success
PA004606,BI004606,M001626,2024-01-17,3537.17,Credit Card,Success
PA004607,BI004607,M000204,2025-11-07,3356.47,Credit Card,Success
PA004608,BI004608,M000386,2025-10-25,2731.01,Wallet,Success
PA004609,BI004609,M000632,2025-01-10,3566.01,UPI,Success
PA004610,BI004610,M000991,2024-11-21,2512.49,Cash,Success
PA004611,BI004611,M000239,2024-08-23,1374.17,Wallet,Success
PA004612,BI004612,M001554,2024-04-07,4783.65,UPI,Success
PA004613,BI004613,M000293,2024-03-09,4842.89,Debit Card,Success
PA004614,BI004614,M000028,2025-02-20,2962.45,Wallet,Success
PA004615,BI004615,M000547,2025-03-21,2146.62,Net Banking,Success
PA004616,BI004616,M001283,2024-07-16,3688.5,Cash,Refunded
PA004617,BI004617,M001114,2025-05-13,4818.27,UPI,Success
PA004618,BI004618,M001782,2025-09-25,2582.37,Credit Card,Failed
PA004619,BI004619,M001681,2025-11-05,2226.3,Net Banking,Success
PA004620,BI004620,M001377,2025-10-24,4044.62,Wallet,Success
PA004621,BI004621,M000695,2024-07-10,2497.55,Credit Card,Success
PA004622,BI004622,M001765,2025-03-27,4023.1,Credit Card,Success
PA004623,BI004623,M001092,2025-03-27,1535.7,UPI,Success
PA004624,BI004624,M001062,2025-04-29,3674.94,Wallet,Success
PA004625,BI004625,M000765,2025-05-09,5404.44,Debit Card,Success
PA004626,BI004626,M002089,2024-04-04,4448.88,Debit Card,Success
PA004627,BI004627,M000016,2025-05-02,3492.3,Cash,Success
PA004628,BI004628,M000445,2024-05-17,3617.0,Credit Card,Success
PA004629,BI004629,M000997,2025-03-18,1887.55,Cash,Success
PA004630,BI004630,M001972,2025-03-29,4038.95,UPI,Failed
PA004631,BI004631,M001014,2024-10-01,2564.14,Cash,Success
PA004632,BI004632,M000268,2024-01-05,2231.92,UPI,Success
PA004633,BI004633,M000497,2024-03-27,4493.47,Debit Card,Success
PA004634,BI004634,M000473,2024-11-02,2691.18,Net Banking,Success
PA004635,BI004635,M001267,2025-11-06,3652.17,Credit Card,Success
PA004636,BI004636,M000965,2024-05-06,4585.83,Wallet,Success
PA004637,BI004637,M001863,2025-12-21,2963.14,Credit Card,Success
PA004638,BI004638,M001403,2024-02-02,2732.83,Wallet,Success
PA004639,BI004639,M002312,2024-03-05,5249.06,Debit Card,Success
PA004640,BI004640,M001870,2025-01-20,5230.35,Debit Card,Success
PA004641,BI004641,M000083,2024-05-11,4779.04,Debit Card,Success
PA004642,BI004642,M000051,2025-08-14,2265.93,Wallet,Success
PA004643,BI004643,M001083,2025-04-12,1615.38,UPI,Success
PA004644,BI004644,M001601,2025-02-19,5039.01,UPI,Success
PA004645,BI004645,M002386,2025-02-13,3029.03,UPI,Success
PA004646,BI004646,M000030,2025-11-16,2647.95,Debit Card,Success
PA004647,BI004647,M002436,2025-08-30,2042.92,Credit Card,Success
PA004648,BI004648,M002477,2024-06-21,5278.92,Cash,Success
PA004649,BI004649,M001611,2024-04-09,3930.49,UPI,Success
PA004650,BI004650,M001019,2024-09-24,2977.18,Debit Card,Success
PA004651,BI004651,M001076,2025-05-22,2885.2,,Success
PA004652,BI004652,M000236,2025-08-28,3585.59,Cash,Success
PA004653,BI004653,M000871,2024-03-08,4164.67,,Success
PA004654,BI004654,M002100,2025-03-11,2470.03,UPI,Success
PA004655,BI004655,M000744,2024-02-17,2908.96,Credit Card,Refunded
PA004656,BI004656,M000722,2024-06-17,4928.15,,Success
PA004657,BI004657,M001126,2024-09-21,4118.54,UPI,Success
PA004658,BI004658,M001571,2024-12-15,5102.53,Cash,Success
PA004659,BI004659,M000099,2025-02-08,2496.28,Wallet,Success
PA004660,BI004660,M002034,2025-11-18,3098.55,Wallet,Success
PA004661,BI004661,M001750,2024-04-22,4891.47,UPI,Failed
PA004662,BI004662,M001903,2024-09-14,2361.93,Wallet,Failed
PA004663,BI004663,M002135,2024-06-25,2151.79,Net Banking,Success
PA004664,BI004664,M001461,2025-08-09,3947.43,UPI,Success
PA004665,BI004665,M001705,2024-11-04,3175.74,UPI,Success
PA004666,BI004666,M001667,2024-06-11,4164.61,Net Banking,Success
PA004667,BI004667,M002489,2024-04-23,4197.02,Credit Card,Success
PA004668,BI004668,M001709,2024-06-14,4545.14,UPI,Success
PA004669,BI004669,M001836,2024-02-01,3555.91,Credit Card,Success
PA004670,BI004670,M002322,2024-03-31,790.61,Cash,Success
PA004671,BI004671,M000658,2024-09-23,3865.05,Credit Card,Success
PA004672,BI004672,M001221,2024-03-18,3207.45,Cash,Success
PA004673,BI004673,M000446,2025-09-10,-1771.97,Credit Card,Success
PA004674,BI004674,M002293,2025-09-27,4291.47,Cash,Success
PA004675,BI004675,M002446,2024-12-02,1748.47,Cash,Success
PA004676,BI004676,M000464,2025-03-17,3512.26,,Success
PA004677,BI004677,M002009,2025-09-13,5056.74,Credit Card,Success
PA004678,BI004678,M001373,2024-03-29,3243.22,Debit Card,Success
PA004679,BI004679,M000669,2024-07-11,4217.04,Wallet,Success
PA004680,BI004680,M001840,2024-10-01,1205.39,UPI,Success
PA004681,BI004681,M000600,2025-02-03,3060.47,Wallet,Success
PA004682,BI004682,M000422,2025-11-13,4227.69,,Success
PA004683,BI004683,M000322,2024-02-02,1432.59,UPI,Failed
PA004684,BI004684,M000906,2024-05-12,2070.73,UPI,Success
PA004685,BI004685,M001438,2024-04-02,4307.79,Debit Card,Success
PA004686,BI004686,M000215,2024-12-07,2277.99,Credit Card,Success
PA004687,BI004687,M001869,2024-09-03,4285.01,Cash,Success
PA004688,BI004688,M001252,2025-03-18,2525.31,UPI,Success
PA004689,BI004689,M000996,2024-06-15,1227.47,Cash,Success
PA004690,BI004690,M001704,2024-04-14,1767.22,Wallet,Success
PA004691,BI004691,M000427,2024-01-24,3572.98,Cash,Success
PA004692,BI004692,M001205,2025-10-05,4437.39,Debit Card,Success
PA004693,BI004693,M002179,2024-05-10,4298.16,Credit Card,Success
PA004694,BI004694,M001941,2025-04-01,1340.97,Cash,Success
PA004695,BI004695,M001325,2024-12-01,1576.48,Credit Card,Success
PA004696,BI004696,M000457,2024-11-04,4675.96,Debit Card,Success
PA004697,BI004697,M000088,2024-12-16,3722.63,Cash,Success
PA004698,BI004698,M001603,2025-11-15,4188.5,Wallet,Success
PA004699,BI004699,M001725,2025-01-13,4514.09,Cash,Success
PA004700,BI004700,M000946,2025-09-30,2489.33,Net Banking,Success
PA004701,BI004701,M002005,2025-03-24,3775.29,Debit Card,Success
PA004702,BI004702,M001827,2025-10-02,1956.14,Cash,Success
PA004703,BI004703,M002062,2025-12-07,4475.36,Debit Card,Success
PA004704,BI004704,M001489,2025-09-02,1797.36,,Success
PA004705,BI004705,M001376,2025-06-11,4171.4,Debit Card,Success
PA004706,BI004706,M000600,2025-04-05,5182.02,Net Banking,Success
PA004707,BI004707,M001829,2024-08-16,3256.68,Debit Card,Failed
PA004708,BI004708,M001180,2025-12-13,4252.84,Debit Card,Success
PA004709,BI004709,M002373,2025-11-03,2551.86,Debit Card,Success
PA004710,BI004710,M001998,2025-04-19,4391.26,Credit Card,Success
PA004711,BI004711,M001110,2025-04-16,2716.15,UPI,Success
PA004712,BI004712,M000492,2024-01-04,2900.44,UPI,Success
PA004713,BI004713,M002221,2024-02-19,3648.17,Cash,Success
PA004714,BI004714,M001593,2025-03-05,1010.36,Net Banking,Success
PA004715,BI004715,M002264,2025-09-20,3962.02,Credit Card,Failed
PA004716,BI004716,M001021,2024-04-17,3402.82,Net Banking,Success
PA004717,BI004717,M000688,2024-06-22,2230.79,UPI,Failed
PA004718,BI004718,M002002,2025-02-06,2959.53,Net Banking,Success
PA004719,BI004719,M000688,2025-08-21,2899.43,Credit Card,Success
PA004720,BI004720,M001048,2024-12-08,4023.9,Wallet,Success
PA004721,BI004721,M001992,2025-10-14,1753.44,Wallet,Success
PA004722,BI004722,M002285,2024-12-27,5079.72,Wallet,Success
PA004723,BI004723,M000897,2025-03-12,1092.98,Credit Card,Success
PA004724,BI004724,M000550,2025-08-22,1336.83,UPI,Success
PA004725,BI004725,M000149,2025-07-13,3546.11,Wallet,Failed
PA004726,BI004726,M002155,2025-11-07,2196.4,Cash,Success
PA004727,BI004727,M001409,2024-05-28,2034.93,Credit Card,Success
PA004728,BI004728,M001430,2024-07-12,4834.64,Net Banking,Success
PA004729,BI004729,M001863,2024-06-12,4484.74,Debit Card,Success
PA004730,BI004730,M002255,2025-09-15,2737.07,UPI,Success
PA004731,BI004731,M000662,2025-02-23,2178.41,Wallet,Success
PA004732,BI004732,M001630,2024-04-06,2360.16,Debit Card,Success
PA004733,BI004733,M001536,2025-02-19,2166.86,Wallet,Success
PA004734,BI004734,M001495,2024-11-01,3727.61,UPI,Success
PA004735,BI004735,M001909,2025-01-24,1865.55,Cash,Success
PA004736,BI004736,M002338,2025-04-18,3146.43,Wallet,Success
PA004737,BI004737,M000222,2025-10-06,4490.14,Cash,Success
PA004738,BI004738,M000241,2025-02-04,2792.77,Cash,Success
PA004739,BI004739,M001997,2024-01-08,2137.2,Wallet,Success
PA004740,BI004740,M000657,2025-06-06,4053.67,,Success
PA004741,BI004741,M001018,2024-06-30,2013.79,Cash,Success
PA004742,BI004742,M002087,2024-09-04,2847.76,Cash,Success
PA004743,BI004743,M000010,2025-05-05,4145.65,Wallet,Success
PA004744,BI004744,M000317,2024-03-29,2462.53,,Success
PA004745,BI004745,M001865,2024-09-17,4031.15,Credit Card,Success
PA004746,BI004746,M000294,2024-08-14,3609.66,Cash,Success
PA004747,BI004747,M000016,2025-01-13,2333.18,Debit Card,Success
PA004748,BI004748,M001643,2024-02-11,2887.7,Net Banking,Success
PA004749,BI004749,M000695,2024-10-27,3642.76,Cash,Success
PA004750,BI004750,M002271,2025-03-01,2499.97,Credit Card,Failed
PA004751,BI004751,M001146,2024-10-29,4232.16,Cash,Success
PA004752,BI004752,M001513,2024-10-23,2707.79,Cash,Success
PA004753,BI004753,M002498,2024-02-14,3291.34,UPI,Success
PA004754,BI004754,M001909,2025-04-30,2159.57,UPI,Refunded
PA004755,BI004755,M000668,2024-05-30,1565.48,Cash,Success
PA004756,BI004756,M001209,2024-10-08,2974.11,Cash,Success
PA004757,BI004757,M002377,2024-07-03,2562.98,Net Banking,Success
PA004758,BI004758,M000970,2025-12-14,1738.68,Debit Card,Success
PA004759,BI004759,M000922,2025-04-19,3518.6,Credit Card,Success
PA004760,BI004760,M000665,2024-01-24,2442.16,Net Banking,Failed
PA004761,BI004761,M001151,2025-12-31,5034.53,Cash,Success
PA004762,BI004762,M001878,2024-06-25,3648.68,UPI,Success
PA004763,BI004763,M000645,2024-02-26,3081.92,UPI,Success
PA004764,BI004764,M001889,2025-06-17,1485.47,,Success
PA004765,BI004765,M001109,2024-05-26,3532.57,Debit Card,Success
PA004766,BI004766,M001918,2025-08-29,2112.57,Credit Card,Success
PA004767,BI004767,M000924,2024-11-19,4851.61,Cash,Success
PA004768,BI004768,M001539,2024-05-11,4700.2,Cash,Success
PA004769,BI004769,M000616,2024-05-01,4253.19,UPI,Success
PA004770,BI004770,M000326,2025-02-17,2293.92,Debit Card,Success
PA004771,BI004771,M001598,2025-08-15,1934.2,Credit Card,Success
PA004772,BI004772,M002258,2025-12-13,1301.6,Wallet,Success
PA004773,BI004773,M000021,2025-08-06,4322.08,Debit Card,Success
PA004774,BI004774,M001174,2025-10-25,5247.93,Debit Card,Success
PA004775,BI004775,M001288,2025-02-25,5345.29,Credit Card,Success
PA004776,BI004776,M001493,2025-10-29,5610.46,UPI,Success
PA004777,BI004777,M002440,2025-07-21,3083.02,UPI,Success
PA004778,BI004778,M000474,2025-03-03,3624.35,Wallet,Success
PA004779,BI004779,M002035,2025-05-16,3516.01,Net Banking,Failed
PA004780,BI004780,M000056,2025-12-10,2785.32,UPI,Success
PA004781,BI004781,M002348,2024-12-18,2672.44,,Success
PA004782,BI004782,M000112,2025-11-28,2829.52,Credit Card,Success
PA004783,BI004783,M001381,2024-03-10,3806.96,UPI,Failed
PA004784,BI004784,M001693,2025-05-17,2494.53,Net Banking,Success
PA004785,BI004785,M002372,2025-09-05,4131.61,Net Banking,Success
PA004786,BI004786,M002287,2025-07-22,4282.46,Credit Card,Success
PA004787,BI004787,M001745,2024-10-23,2166.56,Net Banking,Success
PA004788,BI004788,M001280,2025-01-05,4256.2,Net Banking,Success
PA004789,BI004789,M000817,2024-03-13,3446.6,UPI,Success
PA004790,BI004790,M002044,2025-12-31,2427.39,Debit Card,Success
PA004791,BI004791,M001125,2024-02-09,3551.55,Wallet,Success
PA004792,BI004792,M001914,2024-06-29,2425.06,Net Banking,Refunded
PA004793,BI004793,M001722,2025-11-03,3380.94,Debit Card,Success
PA004794,BI004794,M000422,2024-10-05,2757.46,Wallet,Success
PA004795,BI004795,M001919,2024-10-14,3223.0,Wallet,Success
PA004796,BI004796,M002064,2025-12-07,4551.07,UPI,Success
PA004797,BI004797,M001361,2025-10-30,3653.03,Net Banking,Success
PA004798,BI004798,M000755,2025-04-15,1897.35,Credit Card,Success
PA004799,BI004799,M000279,2025-01-08,2832.07,Wallet,Success
PA004800,BI004800,M000712,2024-11-14,4670.1,Debit Card,Success
PA004801,BI004801,M000902,2025-02-01,2053.73,,Success
PA004802,BI004802,M000332,2025-02-26,1834.46,Cash,Success
PA004803,BI004803,M000088,2025-07-30,2494.07,Wallet,Success
PA004804,BI004804,M001607,2025-02-26,5437.94,Wallet,Success
PA004805,BI004805,M002221,2024-02-19,4233.94,Debit Card,Success
PA004806,BI004806,M001108,2024-03-28,3527.21,Debit Card,Success
PA004807,BI004807,M001660,2024-08-09,3500.24,UPI,Success
PA004808,BI004808,M002030,2024-02-29,2332.36,Net Banking,Success
PA004809,BI004809,M000777,2024-07-26,3861.37,Credit Card,Success
PA004810,BI004810,M002104,2024-03-11,4625.04,Debit Card,Success
PA004811,BI004811,M001620,2025-01-20,4430.08,Credit Card,Success
PA004812,BI004812,M001527,2024-07-20,3803.02,Credit Card,Success
PA004813,BI004813,M000099,2025-07-22,3553.52,Cash,Success
PA004814,BI004814,M001287,2024-03-21,4407.88,Cash,Success
PA004815,BI004815,M000675,2024-07-09,1623.69,UPI,Success
PA004816,BI004816,M001902,2025-02-28,1032.53,Debit Card,Success
PA004817,BI004817,M001623,2025-07-17,2876.56,Debit Card,Success
PA004818,BI004818,M001133,2024-01-25,4941.08,Wallet,Success
PA004819,BI004819,M001475,2025-11-01,2588.56,Net Banking,Success
PA004820,BI004820,M000325,2024-06-07,2936.91,Cash,Refunded
PA004821,BI004821,M001001,2024-01-10,4171.86,Wallet,Failed
PA004822,BI004822,M002212,2025-08-01,2162.63,Cash,Success
PA004823,BI004823,M001608,2025-10-27,4116.88,UPI,Success
PA004824,BI004824,M002084,2025-04-26,2796.47,UPI,Success
PA004825,BI004825,M000435,2025-06-24,4171.59,Cash,Success
PA004826,BI004826,M000113,2025-03-01,3411.14,Net Banking,Success
PA004827,BI004827,M001134,2024-06-08,2375.56,Debit Card,Success
PA004828,BI004828,M000778,2024-10-13,4055.75,Debit Card,Success
PA004829,BI004829,M000606,2024-07-02,1823.48,UPI,Success
PA004830,BI004830,M000563,2024-10-18,4489.45,Wallet,Success
PA004831,BI004831,M002250,2024-02-14,2727.95,Credit Card,Failed
PA004832,BI004832,M000563,2024-10-18,3436.75,UPI,Success
PA004833,BI004833,M000778,2024-05-25,1586.87,Cash,Success
PA004834,BI004834,M001116,2024-02-09,3119.47,Debit Card,Success
PA004835,BI004835,M000587,2024-05-13,4417.22,UPI,Success
PA004836,BI004836,M000445,2024-07-30,3460.11,Net Banking,Success
PA004837,BI004837,M002242,2025-06-16,906.8,Net Banking,Success
PA004838,BI004838,M002401,2024-03-03,4589.49,Wallet,Success
PA004839,BI004839,M000210,2024-09-30,2838.54,Net Banking,Success
PA004840,BI004840,M000465,2025-04-13,3402.83,Debit Card,Success
PA004841,BI004841,M000272,2024-12-05,3636.27,Net Banking,Success
PA004842,BI004842,M000533,2024-02-02,4070.93,Net Banking,Success
PA004843,BI004843,M001517,2024-06-06,3577.62,Net Banking,Success
PA004844,BI004844,M001062,2025-08-11,3750.79,Credit Card,Failed
PA004845,BI004845,M002132,2025-07-03,3009.99,Net Banking,Success
PA004846,BI004846,M000512,2025-01-11,2133.55,Wallet,Failed
PA004847,BI004847,M001494,2024-07-17,1788.16,Cash,Success
PA004848,BI004848,M001742,2025-12-11,2686.78,,Success
PA004849,BI004849,M000509,2024-03-06,4175.65,Wallet,Failed
PA004850,BI004850,M001688,2025-12-10,3977.32,,Success
PA004851,BI004851,M001815,2024-12-19,2835.41,Wallet,Success
PA004852,BI004852,M000392,2024-08-21,2416.67,Credit Card,Success
PA004853,BI004853,M002382,2024-06-04,5735.66,UPI,Success
PA004854,BI004854,M000616,2024-05-01,4572.31,Credit Card,Success
PA004855,BI004855,M001157,2024-06-08,2268.19,Credit Card,Success
PA004856,BI004856,M001347,2025-05-19,2655.44,Wallet,Success
PA004857,BI004857,M000362,2024-06-15,2137.65,UPI,Success
PA004858,BI004858,M000311,2025-03-04,4198.94,UPI,Refunded
PA004859,BI004859,M000485,2025-01-07,2577.83,Credit Card,Success
PA004860,BI004860,M002353,2024-05-15,4439.76,Wallet,Success
PA004861,BI004861,M001987,2025-10-31,2629.24,,Failed
PA004862,BI004862,M001855,2025-02-04,3858.0,Wallet,Failed
PA004863,BI004863,M001061,2024-07-28,3365.57,Net Banking,Success
PA004864,BI004864,M001151,2025-12-30,4697.41,,Success
PA004865,BI004865,M000949,2024-10-12,3441.86,Credit Card,Success
PA004866,BI004866,M000887,2025-02-26,2068.4,Debit Card,Refunded
PA004867,BI004867,M000167,2024-01-22,2752.0,Cash,Success
PA004868,BI004868,M001998,2025-09-06,3782.66,UPI,Failed
PA004869,BI004869,M001837,2024-09-12,4789.54,Cash,Success
PA004870,BI004870,M001992,2025-10-14,2255.8,Wallet,Success
PA004871,BI004871,M002005,2024-07-03,3518.49,UPI,Success
PA004872,BI004872,M001883,2025-07-10,4046.91,Cash,Success
PA004873,BI004873,M000556,2025-03-15,1810.5,Wallet,Success
PA004874,BI004874,M001868,2024-04-16,2417.4,Net Banking,Success
PA004875,BI004875,M001361,2024-07-26,3088.83,UPI,Refunded
PA004876,BI004876,M000061,2025-06-19,3421.23,Debit Card,Success
PA004877,BI004877,M002293,2025-09-27,5104.37,Cash,Success
PA004878,BI004878,M000811,2024-06-07,3480.72,Cash,Success
PA004879,BI004879,M001676,2024-08-05,2404.05,Credit Card,Failed
PA004880,BI004880,M000361,2025-05-30,3572.24,Cash,Refunded
PA004881,BI004881,M000882,2024-02-01,2440.61,Credit Card,Success
PA004882,BI004882,M001484,2025-12-02,2629.64,Debit Card,Success
PA004883,BI004883,M001300,2025-04-03,2448.93,UPI,Success
PA004884,BI004884,M001866,2024-05-16,2409.56,Cash,Success
PA004885,BI004885,M000791,2024-11-27,2335.36,UPI,Failed
PA004886,BI004886,M000320,2024-03-23,3737.57,Credit Card,Success
PA004887,BI004887,M000607,2024-03-17,5385.17,Net Banking,Success
PA004888,BI004888,M002018,2024-04-25,1759.62,Wallet,Success
PA004889,BI004889,M001246,2025-05-02,2140.41,Credit Card,Success
PA004890,BI004890,M001224,2024-08-11,1942.9,Credit Card,Success
PA004891,BI004891,M002307,2025-10-12,5232.18,UPI,Success
PA004892,BI004892,M001032,2024-07-08,2390.42,UPI,Failed
PA004893,BI004893,M001122,2024-05-24,5311.52,Credit Card,Success
PA004894,BI004894,M000039,2024-06-16,3121.53,Debit Card,Success
PA004895,BI004895,M002143,2024-10-20,2060.6,Net Banking,Success
PA004896,BI004896,M002370,2024-05-25,2841.19,Wallet,Failed
PA004897,BI004897,M001247,2024-05-21,3524.74,Wallet,Success
PA004898,BI004898,M001778,2025-11-09,4429.52,Wallet,Success
PA004899,BI004899,M000158,2025-12-08,2360.65,UPI,Success
PA004900,BI004900,M001936,2024-07-11,4046.79,Net Banking,Success
PA004901,BI004901,M001885,2024-02-01,1690.72,Debit Card,Success
PA004902,BI004902,M000311,2025-03-04,3131.34,Net Banking,Refunded
PA004903,BI004903,M002124,2025-04-07,2113.14,UPI,Success
PA004904,BI004904,M001347,2025-08-06,2176.87,Debit Card,Success
PA004905,BI004905,M000934,2024-05-02,3573.86,Net Banking,Success
PA004906,BI004906,M000084,2025-11-27,1103.83,Net Banking,Success
PA004907,BI004907,M002196,2024-03-22,2865.73,Credit Card,Success
PA004908,BI004908,M002225,2025-04-26,4064.73,,Success
PA004909,BI004909,M002297,2024-11-08,-2375.79,Net Banking,Success
PA004910,BI004910,M000113,2025-10-02,3929.75,UPI,Success
PA004911,BI004911,M000402,2025-02-21,3933.69,UPI,Success
PA004912,BI004912,M000388,2024-07-19,2752.06,Debit Card,Success
PA004913,BI004913,M001918,2025-08-29,1733.13,Cash,Success
PA004914,BI004914,M000700,2024-11-01,4544.95,Cash,Success
PA004915,BI004915,M002079,2024-09-03,2557.55,Cash,Success
PA004916,BI004916,M002438,2025-07-03,3043.62,UPI,Success
PA004917,BI004917,M001457,2025-02-19,2284.08,Wallet,Success
PA004918,BI004918,M000766,2025-11-07,5546.11,Debit Card,Success
PA004919,BI004919,M001275,2025-05-10,2550.51,Cash,Success
PA004920,BI004920,M000934,2025-09-09,4276.03,Debit Card,Success
PA004921,BI004921,M000805,2024-08-07,4887.72,UPI,Success
PA004922,BI004922,M002130,2025-04-12,2755.4,UPI,Success
PA004923,BI004923,M002442,2025-04-23,3486.97,Credit Card,Refunded
PA004924,BI004924,M002153,2025-09-26,4903.7,Credit Card,Success
PA004925,BI004925,M002351,2025-05-09,1687.38,UPI,Success
PA004926,BI004926,M002254,2024-02-15,3095.17,Cash,Success
PA004927,BI004927,M002192,2025-01-04,4864.55,Wallet,Success
PA004928,BI004928,M002387,2024-05-31,4292.94,Net Banking,Success
PA004929,BI004929,M001950,2025-09-27,3771.29,Debit Card,Failed
PA004930,BI004930,M000158,2025-12-08,1265.75,UPI,Success
PA004931,BI004931,M001741,2025-08-12,3041.64,UPI,Success
PA004932,BI004932,M000206,2025-04-01,2931.75,Wallet,Success
PA004933,BI004933,M000089,2024-01-12,4277.43,Wallet,Success
PA004934,BI004934,M001113,2024-10-03,4603.91,Credit Card,Success
PA004935,BI004935,M001531,2025-08-14,3985.29,Net Banking,Success
PA004936,BI004936,M000730,2025-02-08,1050.8,Cash,Success
PA004937,BI004937,M002395,2024-02-08,4948.48,UPI,Success
PA004938,BI004938,M001625,2025-07-03,3583.13,Wallet,Success
PA004939,BI004939,M001878,2024-06-25,2579.9,Credit Card,Success
PA004940,BI004940,M001705,2024-11-04,3374.0,Debit Card,Success
PA004941,BI004941,M001208,2024-03-15,4204.23,UPI,Success
PA004942,BI004942,M001460,2025-04-07,3951.45,Wallet,Success
PA004943,BI004943,M001039,2025-06-15,4016.86,Debit Card,Failed
PA004944,BI004944,M000185,2025-12-03,3415.13,Credit Card,Success
PA004945,BI004945,M000264,2025-08-14,4232.78,UPI,Success
PA004946,BI004946,M002238,2024-06-16,2088.32,Net Banking,Success
PA004947,BI004947,M000755,2025-02-07,1559.49,UPI,Failed
PA004948,BI004948,M000963,2025-10-05,2469.08,Cash,Success
PA004949,BI004949,M001221,2024-06-28,2289.15,Wallet,Success
PA004950,BI004950,M000805,2025-05-17,2469.6,UPI,Success
PA004951,BI004951,M000155,2025-02-06,1919.1,Credit Card,Success
PA004952,BI004952,M001285,2024-01-05,3069.27,Cash,Success
PA004953,BI004953,M001150,2024-12-29,5054.36,Net Banking,Success
PA004954,BI004954,M002355,2024-08-31,1940.65,Net Banking,Success
PA004955,BI004955,M002045,2025-10-12,3728.24,Cash,Success
PA004956,BI004956,M001878,2024-07-08,2903.04,Credit Card,Success
PA004957,BI004957,M001141,2024-05-13,1035.1,Net Banking,Success
PA004958,BI004958,M000660,2024-10-13,5316.23,Net Banking,Success
PA004959,BI004959,M000914,2025-05-09,3937.33,,Success
PA004960,BI004960,M001514,2025-04-03,4468.29,Net Banking,Success
PA004961,BI004961,M000720,2025-12-17,3087.26,Credit Card,Success
PA004962,BI004962,M001338,2024-09-08,4470.44,UPI,Success
PA004963,BI004963,M000853,2024-12-23,3366.15,Wallet,Success
PA004964,BI004964,M002127,2025-08-08,1300.68,Net Banking,Success
PA004965,BI004965,M001503,2025-11-09,3638.86,Debit Card,Success
PA004966,BI004966,M000235,2025-05-19,2236.02,Credit Card,Success
PA004967,BI004967,M000719,2024-06-16,4192.84,Net Banking,Success
PA004968,BI004968,M002265,2024-10-09,3174.82,Cash,Success
PA004969,BI004969,M002341,2024-10-30,4037.98,Debit Card,Success
PA004970,BI004970,M000787,2025-09-01,4511.18,Net Banking,Success
PA004971,BI004971,M001145,2025-04-21,4004.77,Cash,Success
PA004972,BI004972,M001338,2024-07-15,3775.73,Net Banking,Success
PA004973,BI004973,M002313,2025-03-06,3221.7,Net Banking,Success
PA004974,BI004974,M001608,2024-10-25,3576.98,UPI,Success
PA004975,BI004975,M001485,2025-06-05,4425.25,Net Banking,Success
PA004976,BI004976,M001413,2024-06-04,2598.15,Debit Card,Success
PA004977,BI004977,M002366,2024-10-04,2315.77,Credit Card,Success
PA004978,BI004978,M001699,2024-05-02,2133.81,UPI,Success
PA004979,BI004979,M001473,2024-12-31,4384.07,Wallet,Success
PA004980,BI004980,M000198,2025-04-21,2885.28,Net Banking,Success
PA004981,BI004981,M001003,2024-05-24,2520.97,Net Banking,Success
PA004982,BI004982,M002498,2024-01-18,4873.28,Wallet,Success
PA004983,BI004983,M000869,2025-08-03,2593.23,Credit Card,Success
PA004984,BI004984,M002449,2025-12-31,3048.21,Debit Card,Success
PA004985,BI004985,M001254,2024-11-17,2940.3,Cash,Success
PA004986,BI004986,M002135,2025-02-14,2695.16,UPI,Success
PA004987,BI004987,M000317,2024-01-01,1992.01,Wallet,Success
PA004988,BI004988,M000215,2025-02-07,3863.57,Cash,Refunded
PA004989,BI004989,M000607,2024-04-23,1374.68,Net Banking,Success
PA004990,BI004990,M001287,2024-05-19,2464.24,Net Banking,Success
PA004991,BI004991,M002294,2024-05-01,4327.95,Net Banking,Success
PA004992,BI004992,M000153,2024-10-25,3147.53,Debit Card,Success
PA004993,BI004993,M001669,2025-06-21,3568.84,Wallet,Failed
PA004994,BI004994,M001559,2024-10-06,3108.55,Cash,Success
PA004995,BI004995,M001376,2024-03-01,4290.48,Credit Card,Success
PA004996,BI004996,M001990,2025-09-23,3515.73,UPI,Success
PA004997,BI004997,M001062,2025-04-29,5886.27,Wallet,Success
PA004998,BI004998,M002253,2024-01-08,2198.01,Wallet,Success
PA004999,BI004999,M000243,2025-04-13,3658.39,UPI,Failed
PA005000,BI005000,M000340,2024-03-24,2540.7,Cash,Success
PA005001,BI005001,M001433,2024-10-22,2527.41,Cash,Success
PA005002,BI005002,M001073,2024-06-02,3245.44,Wallet,Success
PA005003,BI005003,M001033,2024-07-19,2221.33,Debit Card,Success
PA005004,BI005004,M001038,2025-08-08,2184.77,Cash,Success
PA005005,BI005005,M001627,2024-04-24,3691.89,Cash,Success
PA005006,BI005006,M000049,2025-05-29,2972.28,UPI,Success
PA005007,BI005007,M000884,2025-06-03,2377.48,Credit Card,Success
PA005008,BI005008,M002256,2024-01-14,4128.93,Wallet,Success
PA005009,BI005009,M000405,2025-04-15,3446.51,UPI,Success
PA005010,BI005010,M000303,2025-03-15,5105.43,Credit Card,Success
PA005011,BI005011,M001285,2024-08-13,1681.46,Credit Card,Success
PA005012,BI005012,M001709,2024-06-14,1818.22,Cash,Success
PA005013,BI005013,M000294,2024-01-16,3514.36,Net Banking,Success
PA005014,BI005014,M000649,2024-01-04,-3495.9,UPI,Success
PA005015,BI005015,M001831,2024-07-30,2353.72,Cash,Success
PA005016,BI005016,M001285,2025-03-18,5203.55,UPI,Success
PA005017,BI005017,M001161,2025-07-31,1781.47,Credit Card,Success
PA005018,BI005018,M000746,2025-09-08,3894.41,,Refunded
PA005019,BI005019,M002096,2024-02-03,1804.81,Cash,Success
PA005020,BI005020,M000403,2024-10-08,-3686.09,Credit Card,Success
PA005021,BI005021,M000285,2024-10-29,4640.92,Cash,Success
PA005022,BI005022,M001913,2024-01-13,2418.42,Debit Card,Success
PA005023,BI005023,M002071,2024-10-12,2667.77,Cash,Success
PA005024,BI005024,M000431,2025-03-10,3368.08,Cash,Success
PA005025,BI005025,M001146,2025-09-20,3772.8,Wallet,Success
PA005026,BI005026,M000499,2025-09-12,3687.24,Net Banking,Success
PA005027,BI005027,M001822,2025-01-31,4397.85,Debit Card,Success
PA005028,BI005028,M000523,2025-01-04,3495.87,UPI,Success
PA005029,BI005029,M000101,2025-10-27,1452.98,Debit Card,Success
PA005030,BI005030,M000562,2024-02-01,4628.62,Wallet,Success
PA005031,BI005031,M002162,2025-06-11,3084.06,,Success
PA005032,BI005032,M002087,2025-05-15,3362.65,Wallet,Success
PA005033,BI005033,M002096,2025-07-07,3616.77,Credit Card,Success
PA005034,BI005034,M001570,2025-02-03,4363.74,Credit Card,Success
PA005035,BI005035,M001707,2025-08-01,3172.79,Credit Card,Success
PA005036,BI005036,M000883,2025-09-16,3971.25,Net Banking,Failed
PA005037,BI005037,M002196,2024-03-22,3959.26,Net Banking,Success
PA005038,BI005038,M002324,2025-05-31,2820.98,Net Banking,Success
PA005039,BI005039,M002054,2024-09-13,2083.61,Wallet,Success
PA005040,BI005040,M000796,2024-02-13,2086.37,Debit Card,Success
PA005041,BI005041,M001845,2024-10-01,3722.01,Cash,Success
PA005042,BI005042,M000813,2025-10-16,2415.95,Credit Card,Failed
PA005043,BI005043,M002230,2024-06-10,3575.36,Net Banking,Success
PA005044,BI005044,M000619,2024-04-19,3568.38,Wallet,Success
PA005045,BI005045,M000657,2025-09-14,2934.1,Wallet,Success
PA005046,BI005046,M001054,2025-01-02,3021.77,Credit Card,Success
PA005047,BI005047,M001067,2025-06-11,4326.23,,Success
PA005048,BI005048,M001813,2025-09-17,1509.28,Net Banking,Success
PA005049,BI005049,M002187,2025-03-24,3616.21,Wallet,Success
PA005050,BI005050,M002059,2024-08-06,5421.63,Net Banking,Failed
PA005051,BI005051,M002033,2024-12-02,2677.05,Wallet,Success
PA005052,BI005052,M002266,2024-10-11,3689.21,Net Banking,Success
PA005053,BI005053,M001906,2024-11-10,3947.32,Net Banking,Failed
PA005054,BI005054,M002161,2024-03-25,2502.04,Debit Card,Success
PA005055,BI005055,M000436,2024-04-09,3156.22,Cash,Success
PA005056,BI005056,M000648,2024-02-01,3205.55,Cash,Success
PA005057,BI005057,M000315,2025-04-20,2944.57,Credit Card,Success
PA005058,BI005058,M000666,2025-12-12,1568.11,Credit Card,Success
PA005059,BI005059,M001747,2024-05-14,3900.5,,Success
PA005060,BI005060,M000699,2025-09-26,3359.66,Credit Card,Success
PA005061,BI005061,M000336,2025-02-19,2659.73,Credit Card,Success
PA005062,BI005062,M000437,2025-12-26,4547.79,Cash,Success
PA005063,BI005063,M001777,2025-12-01,3600.26,Net Banking,Success
PA005064,BI005064,M001381,2024-03-10,2010.38,Credit Card,Success
PA005065,BI005065,M002070,2024-05-30,2216.16,UPI,Success
PA005066,BI005066,M000047,2024-04-28,1540.01,Net Banking,Success
PA005067,BI005067,M002413,2024-05-27,2875.09,Debit Card,Success
PA005068,BI005068,M002070,2024-06-15,3064.9,Debit Card,Failed
PA005069,BI005069,M001745,2025-08-10,4184.03,Wallet,Success
PA005070,BI005070,M000849,2024-01-01,1714.19,UPI,Success
PA005071,BI005071,M002211,2025-06-18,3010.26,Net Banking,Success
PA005072,BI005072,M000985,2025-09-27,4733.86,Cash,Success
PA005073,BI005073,M000688,2024-06-22,1662.15,Wallet,Success
PA005074,BI005074,M000498,2025-06-15,2066.63,Net Banking,Success
PA005075,BI005075,M001350,2024-01-18,3674.92,Credit Card,Success
PA005076,BI005076,M000494,2024-08-17,1834.86,Debit Card,Success
PA005077,BI005077,M000066,2024-12-27,2208.67,Wallet,Success
PA005078,BI005078,M002099,2024-10-18,4443.4,Net Banking,Failed
PA005079,BI005079,M002023,2025-11-03,2942.41,Net Banking,Success
PA005080,BI005080,M000155,2025-02-06,4735.4,Credit Card,Success
PA005081,BI005081,M000616,2025-05-18,3071.43,UPI,Success
PA005082,BI005082,M001855,2025-02-01,2606.96,Debit Card,Success
PA005083,BI005083,M001277,2024-08-10,4405.29,Cash,Success
PA005084,BI005084,M000601,2024-07-29,2841.79,Wallet,Failed
PA005085,BI005085,M001928,2025-10-08,2894.77,Credit Card,Success
PA005086,BI005086,M000875,2024-06-04,4120.49,,Success
PA005087,BI005087,M000373,2025-03-20,3996.9,Cash,Success
PA005088,BI005088,M000443,2024-12-20,1716.19,UPI,Success
PA005089,BI005089,M000378,2025-12-13,1814.37,Net Banking,Success
PA005090,BI005090,M000072,2025-08-07,3094.8,Cash,Success
PA005091,BI005091,M001971,2025-01-04,3946.05,Cash,Success
PA005092,BI005092,M002230,2024-06-10,4571.79,Net Banking,Success
PA005093,BI005093,M000857,2025-09-13,827.94,UPI,Success
PA005094,BI005094,M000695,2024-02-13,3943.74,Wallet,Success
PA005095,BI005095,M000446,2025-12-03,1809.06,Credit Card,Success
PA005096,BI005096,M000185,2025-08-30,3760.69,Credit Card,Success
PA005097,BI005097,M000598,2025-11-08,2028.2,Net Banking,Success
PA005098,BI005098,M002489,2024-01-16,2388.81,,Success
PA005099,BI005099,M001575,2025-03-01,1855.11,Net Banking,Success
PA005100,BI005100,M000665,2025-12-06,2347.75,Wallet,Success
PA005101,BI005101,M001788,2024-02-15,3983.21,UPI,Success
PA005102,BI005102,M001817,2025-05-27,3319.98,Net Banking,Success
PA005103,BI005103,M000654,2025-11-25,3458.19,Wallet,Success
PA005104,BI005104,M000090,2025-11-07,3840.1,Credit Card,Success
PA005105,BI005105,M000873,2025-05-26,1835.42,UPI,Success
PA005106,BI005106,M001393,2024-06-03,2892.53,Wallet,Success
PA005107,BI005107,M000536,2024-04-19,3720.02,UPI,Success
PA005108,BI005108,M000149,2025-07-13,2442.02,Wallet,Success
PA005109,BI005109,M001985,2025-05-18,3843.29,Debit Card,Failed
PA005110,BI005110,M001169,2025-12-27,2344.44,Net Banking,Success
PA005111,BI005111,M002198,2024-07-16,4694.06,Net Banking,Success
PA005112,BI005112,M000054,2024-05-05,3515.61,Credit Card,Failed
PA005113,BI005113,M001014,2024-03-10,2860.8,Debit Card,Success
PA005114,BI005114,M000184,2024-08-02,3494.38,Debit Card,Success
PA005115,BI005115,M000796,2025-07-21,3813.98,UPI,Success
PA005116,BI005116,M000990,2024-08-07,2444.41,Wallet,Success
PA005117,BI005117,M002435,2025-03-11,1227.72,Debit Card,Success
PA005118,BI005118,M000616,2024-05-01,2139.91,Credit Card,Success
PA005119,BI005119,M002223,2025-01-16,1868.71,Credit Card,Success
PA005120,BI005120,M001435,2024-08-18,5719.36,Credit Card,Success
PA005121,BI005121,M001152,2024-02-18,2396.38,Cash,Success
PA005122,BI005122,M002087,2025-05-15,4994.58,Net Banking,Success
PA005123,BI005123,M002404,2024-02-07,3324.28,UPI,Success
PA005124,BI005124,M000413,2025-04-11,1496.62,Wallet,Success
PA005125,BI005125,M000899,2025-08-26,3165.51,Debit Card,Success
PA005126,BI005126,M001212,2024-01-14,1632.36,Credit Card,Success
PA005127,BI005127,M000274,2024-08-16,3320.16,Debit Card,Success
PA005128,BI005128,M001488,2025-03-31,5245.59,Debit Card,Success
PA005129,BI005129,M001711,2025-12-30,3827.07,Credit Card,Success
PA005130,BI005130,M002128,2024-09-22,3646.6,UPI,Success
PA005131,BI005131,M000808,2024-04-17,2923.95,Credit Card,Success
PA005132,BI005132,M000384,2024-11-17,4237.99,Credit Card,Success
PA005133,BI005133,M000569,2024-02-05,1156.04,UPI,Success
PA005134,BI005134,M000574,2025-02-12,2215.99,UPI,Success
PA005135,BI005135,M002019,2025-07-22,3411.16,UPI,Success
PA005136,BI005136,M000223,2025-04-01,3769.18,Debit Card,Success
PA005137,BI005137,M002331,2024-12-05,3398.11,Credit Card,Success
PA005138,BI005138,M000726,2024-02-27,4790.37,Debit Card,Success
PA005139,BI005139,M001972,2025-04-14,3391.93,Credit Card,Success
PA005140,BI005140,M001306,2025-10-16,1774.44,Net Banking,Success
PA005141,BI005141,M000806,2024-10-18,2380.05,UPI,Failed
PA005142,BI005142,M002406,2024-03-18,2919.74,Cash,Success
PA005143,BI005143,M001255,2024-08-25,3381.14,Net Banking,Success
PA005144,BI005144,M002191,2024-10-31,1327.64,Wallet,Success
PA005145,BI005145,M000900,2024-12-11,2909.84,Cash,Success
PA005146,BI005146,M001582,2025-03-12,5085.64,Credit Card,Success
PA005147,BI005147,M001254,2025-02-09,4121.02,Credit Card,Success
PA005148,BI005148,M001813,2024-02-04,3582.43,Debit Card,Success
PA005149,BI005149,M001291,2025-04-14,4480.67,UPI,Success
PA005150,BI005150,M002489,2024-04-23,2894.21,Net Banking,Success
PA005151,BI005151,M000646,2024-07-01,2876.18,UPI,Failed
PA005152,BI005152,M000526,2025-05-16,2821.8,Debit Card,Success
PA005153,BI005153,M000211,2024-11-12,2007.95,Debit Card,Success
PA005154,BI005154,M001969,2024-09-03,3821.93,Net Banking,Success
PA005155,BI005155,M000512,2024-01-28,2113.11,Wallet,Success
PA005156,BI005156,M000920,2025-05-21,4620.09,Credit Card,Success
PA005157,BI005157,M001664,2025-05-07,3003.29,Credit Card,Success
PA005158,BI005158,M001054,2024-09-11,-2059.48,Cash,Success
PA005159,BI005159,M000396,2024-08-30,2665.04,Debit Card,Failed
PA005160,BI005160,M000341,2025-12-02,3452.68,,Success
PA005161,BI005161,M000633,2024-03-03,1906.94,Credit Card,Refunded
PA005162,BI005162,M000857,2024-07-22,4416.08,Credit Card,Success
PA005163,BI005163,M000285,2024-06-26,5064.64,Debit Card,Success
PA005164,BI005164,M000596,2025-04-07,3328.99,Wallet,Success
PA005165,BI005165,M001797,2024-12-13,2269.85,Credit Card,Success
PA005166,BI005166,M000333,2025-01-31,4058.64,Cash,Success
PA005167,BI005167,M000692,2025-11-06,4199.39,Cash,Success
PA005168,BI005168,M001095,2024-05-09,5005.16,Wallet,Success
PA005169,BI005169,M000016,2025-02-09,3216.6,Wallet,Success
PA005170,BI005170,M000989,2025-03-08,3973.02,Net Banking,Success
PA005171,BI005171,M002199,2025-06-08,3996.46,Debit Card,Success
PA005172,BI005172,M002064,2024-10-20,2427.29,UPI,Success
PA005173,BI005173,M000244,2025-12-02,4979.8,UPI,Success
PA005174,BI005174,M001378,2024-09-13,3028.52,Debit Card,Success
PA005175,BI005175,M001349,2024-07-12,5236.66,Credit Card,Success
PA005176,BI005176,M001808,2025-07-23,4310.18,Credit Card,Success
PA005177,BI005177,M000596,2024-08-25,4314.01,Wallet,Success
PA005178,BI005178,M000429,2024-06-13,1938.14,Debit Card,Success
PA005179,BI005179,M001362,2024-08-08,2738.78,Wallet,Success
PA005180,BI005180,M002135,2024-11-01,4098.66,UPI,Success
PA005181,BI005181,M000572,2025-09-21,3518.99,Cash,Success
PA005182,BI005182,M001100,2025-11-23,3769.89,Cash,Success
PA005183,BI005183,M001548,2025-11-08,2143.92,Net Banking,Success
PA005184,BI005184,M001332,2024-08-17,2281.78,Net Banking,Success
PA005185,BI005185,M000163,2025-02-05,2129.74,UPI,Success
PA005186,BI005186,M001897,2025-10-07,4721.28,Cash,Success
PA005187,BI005187,M000079,2024-06-23,3841.76,Debit Card,Success
PA005188,BI005188,M000890,2025-06-01,4066.92,Net Banking,Success
PA005189,BI005189,M002085,2024-03-19,2794.78,Credit Card,Success
PA005190,BI005190,M002268,2024-08-26,2992.76,UPI,Success
PA005191,BI005191,M001401,2024-07-03,3131.76,Net Banking,Success
PA005192,BI005192,M001040,2024-03-10,3381.38,Net Banking,Success
PA005193,BI005193,M000839,2024-04-15,783.31,,Success
PA005194,BI005194,M000191,2024-06-15,3490.28,UPI,Success
PA005195,BI005195,M001111,2024-07-11,2779.46,Cash,Success
PA005196,BI005196,M001784,2025-10-17,3983.13,Cash,Success
PA005197,BI005197,M002480,2025-02-07,3596.36,Credit Card,Success
PA005198,BI005198,M000609,2024-10-31,2133.01,Debit Card,Success
PA005199,BI005199,M001189,2024-09-12,3186.81,Cash,Success
PA005200,BI005200,M002393,2024-04-29,4135.28,Debit Card,Success
PA005201,BI005201,M000658,2024-03-30,4143.69,Cash,Success
PA005202,BI005202,M001826,2025-06-28,1822.23,Debit Card,Success
PA005203,BI005203,M002071,2025-08-14,4161.26,Cash,Failed
PA005204,BI005204,M000638,2025-07-19,1956.7,Wallet,Success
PA005205,BI005205,M001646,2025-09-14,1672.15,Cash,Success
PA005206,BI005206,M000206,2025-10-21,2194.78,Cash,Success
PA005207,BI005207,M002428,2024-02-26,2285.95,,Failed
PA005208,BI005208,M002356,2024-05-04,5146.52,Credit Card,Success
PA005209,BI005209,M000417,2025-01-02,3445.65,Net Banking,Success
PA005210,BI005210,M001339,2025-05-22,3227.84,Credit Card,Success
PA005211,BI005211,M000550,2025-09-28,3973.7,UPI,Failed
PA005212,BI005212,M002165,2024-02-19,2788.39,Credit Card,Failed
PA005213,BI005213,M000038,2024-07-26,4054.33,Debit Card,Success
PA005214,BI005214,M002473,2024-10-16,2500.95,Credit Card,Success
PA005215,BI005215,M000363,2025-06-20,1189.31,Credit Card,Success
PA005216,BI005216,M000948,2024-10-30,3802.8,Net Banking,Refunded
PA005217,BI005217,M001158,2025-04-25,4823.02,Credit Card,Success
PA005218,BI005218,M000665,2024-02-12,631.33,Credit Card,Success
PA005219,BI005219,M000223,2024-07-02,2056.85,Cash,Success
PA005220,BI005220,M000547,2024-01-30,3930.06,,Refunded
PA005221,BI005221,M002347,2025-08-28,1647.05,Wallet,Success
PA005222,BI005222,M000179,2024-07-16,1629.69,UPI,Refunded
PA005223,BI005223,M001821,2024-02-14,2070.73,Cash,Success
PA005224,BI005224,M000470,2024-01-27,3371.18,Credit Card,Refunded
PA005225,BI005225,M000672,2025-08-14,3467.94,Cash,Success
PA005226,BI005226,M001144,2024-03-01,1982.93,,Success
PA005227,BI005227,M000050,2024-08-22,2268.77,Debit Card,Failed
PA005228,BI005228,M000587,2024-09-28,1424.2,UPI,Success
PA005229,BI005229,M000560,2024-01-20,2756.14,Wallet,Success
PA005230,BI005230,M002348,2024-12-18,1979.55,Net Banking,Success
PA005231,BI005231,M000369,2025-07-17,3880.76,Debit Card,Success
PA005232,BI005232,M002362,2024-02-29,3249.12,Net Banking,Success
PA005233,BI005233,M001762,2024-04-03,2125.62,Net Banking,Failed
PA005234,BI005234,M002049,2025-09-22,4325.71,Cash,Success
PA005235,BI005235,M000233,2024-01-18,4834.95,Cash,Success
PA005236,BI005236,M002399,2024-03-04,4605.0,Credit Card,Success
PA005237,BI005237,M002329,2025-04-24,3238.69,UPI,Success
PA005238,BI005238,M001004,2025-01-29,3213.21,Cash,Success
PA005239,BI005239,M002446,2024-11-25,5640.08,Cash,Success
PA005240,BI005240,M001207,2024-09-12,3987.64,Debit Card,Success
PA005241,BI005241,M000156,2025-03-31,-2984.65,Wallet,Success
PA005242,BI005242,M001883,2024-12-22,4590.84,Wallet,Success
PA005243,BI005243,M001488,2025-06-26,1564.97,Credit Card,Failed
PA005244,BI005244,M001394,2024-04-09,2490.18,,Success
PA005245,BI005245,M001922,2025-03-25,4733.85,Wallet,Failed
PA005246,BI005246,M002241,2025-04-20,5193.36,UPI,Success
PA005247,BI005247,M000429,2024-06-13,2905.21,Debit Card,Failed
PA005248,BI005248,M000532,2024-12-12,3799.1,Credit Card,Success
PA005249,BI005249,M001080,2025-02-28,3612.63,Net Banking,Success
PA005250,BI005250,M001162,2024-11-27,4662.99,Credit Card,Success
PA005251,BI005251,M002272,2024-09-12,2297.18,UPI,Success
PA005252,BI005252,M001562,2025-11-14,1821.72,UPI,Success
PA005253,BI005253,M002294,2025-01-16,4634.63,Cash,Success
PA005254,BI005254,M001696,2025-07-25,5043.14,Net Banking,Success
PA005255,BI005255,M000323,2025-06-09,2636.23,Wallet,Success
PA005256,BI005256,M000302,2025-08-02,2040.1,Net Banking,Success
PA005257,BI005257,M002083,2024-06-15,3091.49,Credit Card,Success
PA005258,BI005258,M000956,2024-07-11,2057.16,Net Banking,Refunded
PA005259,BI005259,M001254,2024-08-05,5013.52,UPI,Success
PA005260,BI005260,M000597,2024-05-27,1942.01,Net Banking,Success
PA005261,BI005261,M001034,2025-09-08,2743.42,Net Banking,Success
PA005262,BI005262,M000441,2024-08-12,3033.32,Credit Card,Success
PA005263,BI005263,M001611,2024-04-09,2993.0,Debit Card,Success
PA005264,BI005264,M000550,2025-08-22,3431.12,Cash,Success
PA005265,BI005265,M002382,2024-10-30,2538.98,Debit Card,Success
PA005266,BI005266,M001918,2024-03-16,2922.46,Credit Card,Success
PA005267,BI005267,M002397,2025-12-05,3410.69,Cash,Success
PA005268,BI005268,M001383,2024-04-30,4668.08,Cash,Success
PA005269,BI005269,M000112,2025-04-26,1182.04,Debit Card,Success
PA005270,BI005270,M002238,2024-03-20,3941.96,,Success
PA005271,BI005271,M000880,2025-12-16,3150.02,Cash,Success
PA005272,BI005272,M002130,2025-04-12,4822.79,Net Banking,Success
PA005273,BI005273,M002201,2025-07-13,1314.09,Cash,Success
PA005274,BI005274,M002261,2025-08-28,1880.72,Wallet,Success
PA005275,BI005275,M001983,2024-03-19,1016.99,Net Banking,Success
PA005276,BI005276,M001851,2024-11-27,3619.94,Debit Card,Success
PA005277,BI005277,M001021,2025-09-09,4719.99,Net Banking,Success
PA005278,BI005278,M000918,2024-10-04,4569.34,Wallet,Success
PA005279,BI005279,M000028,2024-07-06,5005.29,Net Banking,Success
PA005280,BI005280,M000235,2025-05-19,4043.44,Net Banking,Success
PA005281,BI005281,M002269,2024-08-09,3706.13,Cash,Success
PA005282,BI005282,M002357,2024-08-18,5046.85,Net Banking,Success
PA005283,BI005283,M000632,2025-04-10,4344.55,Debit Card,Success
PA005284,BI005284,M002048,2025-07-04,1838.46,Cash,Success
PA005285,BI005285,M000728,2024-02-22,3908.13,UPI,Success
PA005286,BI005286,M000677,2024-04-30,3875.44,Cash,Success
PA005287,BI005287,M001149,2024-09-10,4199.65,Wallet,Success
PA005288,BI005288,M000229,2024-08-31,3037.47,Credit Card,Refunded
PA005289,BI005289,M002052,2025-11-20,1877.78,Net Banking,Success
PA005290,BI005290,M002499,2025-11-04,1205.96,Debit Card,Success
PA005291,BI005291,M000838,2024-11-16,3525.21,Cash,Success
PA005292,BI005292,M001135,2024-09-19,1525.48,UPI,Success
PA005293,BI005293,M000455,2024-10-01,3708.7,Debit Card,Success
PA005294,BI005294,M002247,2024-05-13,3990.61,Cash,Success
PA005295,BI005295,M001292,2024-10-11,2766.45,Credit Card,Success
PA005296,BI005296,M000162,2025-05-02,3552.19,Debit Card,Success
PA005297,BI005297,M000068,2025-04-19,3481.18,Wallet,Success
PA005298,BI005298,M002036,2025-05-07,3822.77,Credit Card,Refunded
PA005299,BI005299,M002137,2025-05-11,3814.06,Credit Card,Success
PA005300,BI005300,M000121,2024-06-11,-3644.79,Debit Card,Success
PA005301,BI005301,M001700,2025-07-16,2856.5,Credit Card,Success
PA005302,BI005302,M001329,2025-02-07,2804.63,Cash,Success
PA005303,BI005303,M000887,2025-06-28,2102.57,UPI,Success
PA005304,BI005304,M001882,2025-11-30,5398.82,Net Banking,Success
PA005305,BI005305,M000604,2024-07-20,2481.19,UPI,Success
PA005306,BI005306,M001477,2024-04-16,2415.04,UPI,Success
PA005307,BI005307,M001760,2025-12-01,4564.78,Wallet,Success
PA005308,BI005308,M000718,2025-03-04,1638.02,Net Banking,Failed
PA005309,BI005309,M000983,2025-09-30,4968.2,Credit Card,Success
PA005310,BI005310,M002456,2025-01-23,3221.66,UPI,Success
PA005311,BI005311,M001407,2025-08-23,4518.82,UPI,Success
PA005312,BI005312,M001716,2025-10-27,2379.72,Cash,Failed
PA005313,BI005313,M002445,2024-08-27,2926.66,Debit Card,Success
PA005314,BI005314,M001487,2025-06-06,2547.18,UPI,Success
PA005315,BI005315,M001538,2024-09-22,2321.31,Credit Card,Success
PA005316,BI005316,M001011,2024-08-17,3045.14,Net Banking,Success
PA005317,BI005317,M000719,2024-12-20,3800.15,,Success
PA005318,BI005318,M002295,2024-02-29,1893.36,Credit Card,Success
PA005319,BI005319,M001905,2024-01-19,3206.63,Net Banking,Success
PA005320,BI005320,M000404,2025-04-09,3432.91,Credit Card,Success
PA005321,BI005321,M000381,2024-11-04,4029.76,Credit Card,Success
PA005322,BI005322,M000526,2024-03-10,4868.08,Cash,Failed
PA005323,BI005323,M000799,2024-08-24,3428.74,Net Banking,Success
PA005324,BI005324,M002167,2025-10-23,3603.45,Debit Card,Success
PA005325,BI005325,M001700,2024-01-04,1334.59,Cash,Success
PA005326,BI005326,M000886,2025-05-03,1939.41,Credit Card,Success
PA005327,BI005327,M001566,2024-03-15,4148.23,Wallet,Success
PA005328,BI005328,M001818,2024-06-14,2558.33,UPI,Success
PA005329,BI005329,M001646,2025-02-01,2982.03,Cash,Success
PA005330,BI005330,M001048,2024-10-01,2441.87,Wallet,Success
PA005331,BI005331,M001915,2025-10-22,2814.37,Wallet,Success
PA005332,BI005332,M000109,2025-03-11,4749.78,Cash,Success
PA005333,BI005333,M001441,2024-01-12,2546.84,Credit Card,Success
PA005334,BI005334,M001656,2025-10-12,1952.94,Wallet,Success
PA005335,BI005335,M000336,2025-02-22,4176.15,Debit Card,Success
PA005336,BI005336,M001687,2024-03-08,3316.97,Wallet,Success
PA005337,BI005337,M001654,2024-03-26,3388.11,Cash,Success
PA005338,BI005338,M000223,2025-04-01,2669.26,Wallet,Success
PA005339,BI005339,M001312,2025-03-04,2538.16,Debit Card,Success
PA005340,BI005340,M000407,2024-03-17,4011.05,Debit Card,Success
PA005341,BI005341,M000524,2025-10-07,5121.97,Debit Card,Success
PA005342,BI005342,M000768,2024-02-06,2466.13,UPI,Success
PA005343,BI005343,M000640,2024-08-20,2004.88,UPI,Success
PA005344,BI005344,M001794,2024-01-22,4781.09,Credit Card,Success
PA005345,BI005345,M000580,2025-07-03,5252.15,UPI,Success
PA005346,BI005346,M000216,2025-03-21,3598.62,Wallet,Success
PA005347,BI005347,M000870,2025-11-10,3303.62,Net Banking,Success
PA005348,BI005348,M000140,2025-03-14,5129.64,Wallet,Success
PA005349,BI005349,M001291,2024-02-12,4995.87,Wallet,Success
PA005350,BI005350,M001338,2024-07-15,3223.44,Wallet,Success
PA005351,BI005351,M000585,2025-03-28,2285.58,Cash,Success
PA005352,BI005352,M002267,2024-05-14,1427.54,Wallet,Success
PA005353,BI005353,M001288,2024-10-11,3511.48,Debit Card,Failed
PA005354,BI005354,M002297,2024-11-08,1796.66,Cash,Success
PA005355,BI005355,M000541,2025-12-03,4232.62,Credit Card,Success
PA005356,BI005356,M001986,2024-08-06,4678.66,Credit Card,Success
PA005357,BI005357,M000231,2024-01-29,4998.04,Credit Card,Success
PA005358,BI005358,M002333,2025-03-28,2251.68,UPI,Success
PA005359,BI005359,M000544,2024-10-12,1389.53,UPI,Success
PA005360,BI005360,M001102,2024-09-25,3663.78,Net Banking,Success
PA005361,BI005361,M000475,2025-03-04,4217.9,UPI,Success
PA005362,BI005362,M000361,2025-05-30,2252.57,Wallet,Success
PA005363,BI005363,M001485,2024-03-18,1458.91,Wallet,Success
PA005364,BI005364,M001362,2024-05-24,4324.39,UPI,Success
PA005365,BI005365,M001109,2025-09-10,3358.96,Debit Card,Success
PA005366,BI005366,M000776,2024-10-16,1139.76,Net Banking,Success
PA005367,BI005367,M000896,2025-04-05,5245.83,,Success
PA005368,BI005368,M001587,2024-09-11,4107.98,Net Banking,Success
PA005369,BI005369,M001413,2024-06-04,3012.0,Cash,Success
PA005370,BI005370,M002120,2025-01-04,1243.61,Credit Card,Success
PA005371,BI005371,M000892,2025-01-03,4694.28,Credit Card,Success
PA005372,BI005372,M001568,2024-09-01,3787.6,,Success
PA005373,BI005373,M002075,2024-08-27,2514.56,Cash,Success
PA005374,BI005374,M001829,2024-07-20,2570.57,Cash,Success
PA005375,BI005375,M001066,2024-12-10,4943.48,UPI,Success
PA005376,BI005376,M001024,2025-01-19,3375.71,Credit Card,Success
PA005377,BI005377,M000196,2024-07-04,1921.23,Net Banking,Success
PA005378,BI005378,M000469,2024-02-11,3315.62,Net Banking,Success
PA005379,BI005379,M002074,2024-05-31,4225.93,Cash,Success
PA005380,BI005380,M001673,2025-08-05,3674.56,Wallet,Success
PA005381,BI005381,M001466,2025-09-28,1233.8,Cash,Success
PA005382,BI005382,M002136,2024-11-26,3759.86,Credit Card,Success
PA005383,BI005383,M001212,2024-06-27,4358.46,Net Banking,Success
PA005384,BI005384,M001083,2025-07-27,3786.15,Debit Card,Success
PA005385,BI005385,M000492,2025-03-03,3733.22,Net Banking,Success
PA005386,BI005386,M001497,2025-03-15,1534.62,Debit Card,Success
PA005387,BI005387,M001419,2025-09-25,3844.18,Cash,Success
PA005388,BI005388,M000292,2024-06-16,3151.07,Debit Card,Success
PA005389,BI005389,M000405,2025-12-18,1195.7,Cash,Failed
PA005390,BI005390,M000556,2025-03-09,-4488.28,Net Banking,Success
PA005391,BI005391,M001285,2024-10-06,3212.67,UPI,Success
PA005392,BI005392,M001245,2024-08-05,2758.11,Cash,Success
PA005393,BI005393,M002158,2025-05-15,1868.9,Debit Card,Success
PA005394,BI005394,M001939,2025-02-26,4407.63,Debit Card,Success
PA005395,BI005395,M001939,2024-08-24,4812.26,Wallet,Success
PA005396,BI005396,M001040,2024-09-15,4239.89,UPI,Success
PA005397,BI005397,M001494,2024-06-21,3143.9,Credit Card,Success
PA005398,BI005398,M000668,2024-03-24,2240.0,Cash,Success
PA005399,BI005399,M001064,2024-01-23,-4312.73,Net Banking,Success
PA005400,BI005400,M000430,2025-08-14,4394.13,Net Banking,Success
PA005401,BI005401,M002059,2024-02-08,2466.22,Debit Card,Success
PA005402,BI005402,M002143,2024-10-20,4842.6,Debit Card,Success
PA005403,BI005403,M002222,2025-05-14,5036.59,Net Banking,Success
PA005404,BI005404,M000275,2024-05-26,3442.8,UPI,Success
PA005405,BI005405,M001404,2025-12-23,3434.79,UPI,Success
PA005406,BI005406,M000075,2024-10-10,1191.87,Credit Card,Success
PA005407,BI005407,M001627,2025-02-03,3472.67,Cash,Success
PA005408,BI005408,M000127,2025-11-18,3040.9,Net Banking,Success
PA005409,BI005409,M000925,2025-11-06,1882.68,Net Banking,Success
PA005410,BI005410,M001477,2025-02-14,1547.69,Cash,Success
PA005411,BI005411,M001178,2024-02-21,2385.46,Credit Card,Success
PA005412,BI005412,M000584,2024-08-25,2448.89,Debit Card,Success
PA005413,BI005413,M000299,2025-10-14,2618.9,UPI,Success
PA005414,BI005414,M000585,2024-06-26,3582.25,Debit Card,Success
PA005415,BI005415,M001238,2025-07-30,4776.72,Net Banking,Success
PA005416,BI005416,M002218,2025-01-14,3759.54,Net Banking,Success
PA005417,BI005417,M002480,2025-10-15,4480.65,Wallet,Failed
PA005418,BI005418,M001445,2024-10-15,5263.67,Debit Card,Success
PA005419,BI005419,M002438,2025-07-03,1640.26,Cash,Success
PA005420,BI005420,M000229,2024-03-24,4525.35,Debit Card,Success
PA005421,BI005421,M000423,2024-05-07,4801.67,Cash,Success
PA005422,BI005422,M001910,2024-01-21,1427.48,,Success
PA005423,BI005423,M001933,2024-09-25,2151.12,Cash,Success
PA005424,BI005424,M001519,2025-09-21,2501.17,UPI,Success
PA005425,BI005425,M000428,2024-04-27,4563.19,Credit Card,Success
PA005426,BI005426,M001376,2024-08-06,3999.53,UPI,Success
PA005427,BI005427,M000546,2025-10-12,4492.83,UPI,Success
PA005428,BI005428,M002003,2025-08-09,2282.4,Wallet,Success
PA005429,BI005429,M000884,2025-06-03,4249.57,Credit Card,Success
PA005430,BI005430,M000896,2025-07-14,3701.42,Debit Card,Failed
PA005431,BI005431,M001869,2025-10-01,-3756.62,Wallet,Success
PA005432,BI005432,M000543,2024-11-11,3353.14,Debit Card,Success
PA005433,BI005433,M000126,2025-01-10,2192.89,Debit Card,Success
PA005434,BI005434,M002491,2024-10-10,1841.43,Debit Card,Success
PA005435,BI005435,M001755,2024-01-18,3325.12,Credit Card,Success
PA005436,BI005436,M000325,2024-06-07,3421.92,Debit Card,Success
PA005437,BI005437,M002031,2025-08-19,3851.98,Cash,Success
PA005438,BI005438,M001021,2025-06-11,1250.92,Wallet,Success
PA005439,BI005439,M001674,2024-05-01,1564.3,Debit Card,Success
PA005440,BI005440,M002029,2024-04-27,1343.51,Credit Card,Success
PA005441,BI005441,M001454,2025-12-17,4347.88,Credit Card,Success
PA005442,BI005442,M000496,2024-07-28,2696.19,Cash,Success
PA005443,BI005443,M001519,2025-11-11,874.06,Credit Card,Success
PA005444,BI005444,M001984,2024-04-10,2994.28,Wallet,Success
PA005445,BI005445,M001935,2024-01-22,2583.05,Net Banking,Success
PA005446,BI005446,M001649,2025-10-13,2353.02,Net Banking,Success
PA005447,BI005447,M000414,2025-11-01,3086.32,UPI,Success
PA005448,BI005448,M001001,2025-10-05,5409.77,Cash,Success
PA005449,BI005449,M001078,2025-06-29,3229.9,Net Banking,Success
PA005450,BI005450,M000660,2024-12-31,2449.83,UPI,Success
PA005451,BI005451,M001537,2024-12-03,3892.58,Wallet,Success
PA005452,BI005452,M001963,2025-09-26,1424.31,UPI,Refunded
PA005453,BI005453,M001786,2025-11-29,1804.32,Net Banking,Success
PA005454,BI005454,M001806,2024-11-01,3613.44,,Success
PA005455,BI005455,M001793,2024-06-12,2133.86,Wallet,Success
PA005456,BI005456,M001902,2025-05-04,4256.02,Credit Card,Success
PA005457,BI005457,M001777,2025-05-20,2257.82,Credit Card,Success
PA005458,BI005458,M000454,2024-06-15,2959.19,Credit Card,Success
PA005459,BI005459,M000080,2025-09-06,1522.49,Debit Card,Success
PA005460,BI005460,M000140,2025-10-31,869.13,Cash,Success
PA005461,BI005461,M000596,2025-04-07,1999.12,Cash,Success
PA005462,BI005462,M002468,2025-09-22,1739.14,Wallet,Success
PA005463,BI005463,M001627,2024-04-24,3479.21,UPI,Success
PA005464,BI005464,M001573,2024-04-01,2809.62,Credit Card,Success
PA005465,BI005465,M002438,2025-02-06,1795.1,Wallet,Success
PA005466,BI005466,M002220,2025-07-28,3037.03,Credit Card,Success
PA005467,BI005467,M002380,2025-01-23,3167.67,Cash,Success
PA005468,BI005468,M000797,2024-10-24,2270.13,,Success
PA005469,BI005469,M000332,2025-07-19,3927.34,UPI,Refunded
PA005470,BI005470,M000034,2024-04-13,2432.11,Debit Card,Failed
PA005471,BI005471,M002177,2025-08-26,1981.98,Wallet,Success
PA005472,BI005472,M002135,2025-12-25,3881.83,Credit Card,Failed
PA005473,BI005473,M001024,2025-08-03,3507.4,Cash,Success
PA005474,BI005474,M001651,2025-07-18,3747.8,UPI,Success
PA005475,BI005475,M000204,2025-06-10,2493.83,Debit Card,Success
PA005476,BI005476,M000040,2025-01-31,3212.79,UPI,Success
PA005477,BI005477,M002085,2024-03-19,2597.41,,Success
PA005478,BI005478,M000466,2025-12-26,1361.51,Credit Card,Success
PA005479,BI005479,M001228,2024-09-30,3284.17,Credit Card,Success
PA005480,BI005480,M001672,2024-05-12,2924.17,Wallet,Success
PA005481,BI005481,M001742,2025-05-11,3543.8,Credit Card,Success
PA005482,BI005482,M001159,2025-07-03,3413.25,UPI,Success
PA005483,BI005483,M001806,2025-11-18,2719.34,UPI,Success
PA005484,BI005484,M000838,2024-02-24,3673.04,Cash,Failed
PA005485,BI005485,M000270,2024-01-13,3770.57,Credit Card,Success
PA005486,BI005486,M001709,2025-02-23,2679.21,Wallet,Success
PA005487,BI005487,M001054,2024-09-11,3978.04,Net Banking,Success
PA005488,BI005488,M002075,2025-09-30,2089.37,Debit Card,Success
PA005489,BI005489,M000030,2025-04-13,4541.44,Net Banking,Success
PA005490,BI005490,M000960,2025-04-08,2942.14,Credit Card,Success
PA005491,BI005491,M001656,2025-09-21,4653.01,Cash,Success
PA005492,BI005492,M001808,2025-07-23,5486.47,Cash,Success
PA005493,BI005493,M000052,2024-07-27,2285.21,Cash,Success
PA005494,BI005494,M002128,2024-01-09,1016.56,Debit Card,Success
PA005495,BI005495,M000364,2024-02-20,4800.86,Debit Card,Success
PA005496,BI005496,M000163,2025-05-02,3773.65,Wallet,Success
PA005497,BI005497,M001381,2025-10-17,1975.99,Debit Card,Success
PA005498,BI005498,M000774,2025-10-29,3056.36,UPI,Success
PA005499,BI005499,M000457,2024-11-04,2180.66,Debit Card,Success
PA005500,BI005500,M000140,2025-10-31,3081.76,UPI,Refunded
PA005501,BI005501,M001808,2025-07-27,4531.31,Cash,Success
PA005502,BI005502,M000957,2025-02-04,4362.44,Debit Card,Success
PA005503,BI005503,M000620,2025-11-08,2700.91,Credit Card,Success
PA005504,BI005504,M000558,2024-06-21,4718.01,Debit Card,Success
PA005505,BI005505,M002312,2024-06-04,3786.99,Net Banking,Success
PA005506,BI005506,M001336,2025-09-24,3056.13,,Success
PA005507,BI005507,M000094,2025-10-30,4553.7,Credit Card,Success
PA005508,BI005508,M001669,2025-09-01,3572.73,Net Banking,Success
PA005509,BI005509,M001822,2025-01-31,3898.65,UPI,Success
PA005510,BI005510,M001815,2025-04-11,756.32,Net Banking,Success
PA005511,BI005511,M001835,2025-06-16,1623.81,Credit Card,Success
PA005512,BI005512,M000434,2025-07-15,1529.46,Debit Card,Success
PA005513,BI005513,M001275,2025-12-28,4407.58,Net Banking,Success
PA005514,BI005514,M002415,2024-07-08,3806.2,Debit Card,Success
PA005515,BI005515,M001347,2025-05-19,2084.48,Cash,Success
PA005516,BI005516,M000070,2025-08-20,3392.42,Credit Card,Success
PA005517,BI005517,M001940,2024-12-19,4570.52,UPI,Success
PA005518,BI005518,M000252,2024-12-03,2849.34,Wallet,Success
PA005519,BI005519,M001963,2025-12-11,-2514.76,Cash,Success
PA005520,BI005520,M001264,2024-10-02,2932.78,Net Banking,Success
PA005521,BI005521,M001174,2025-10-25,3867.9,Wallet,Success
PA005522,BI005522,M000471,2024-11-08,3946.87,Wallet,Failed
PA005523,BI005523,M000504,2025-10-06,3231.53,Cash,Success
PA005524,BI005524,M000576,2025-11-17,2614.73,Wallet,Success
PA005525,BI005525,M002473,2024-10-16,1513.67,Debit Card,Success
PA005526,BI005526,M000406,2024-06-15,-1734.4,Credit Card,Success
PA005527,BI005527,M001151,2024-10-29,2505.35,Debit Card,Success
PA005528,BI005528,M001350,2024-01-18,3611.1,Cash,Success
PA005529,BI005529,M000024,2025-06-09,3891.47,UPI,Success
PA005530,BI005530,M002430,2024-01-20,3434.31,Debit Card,Success
PA005531,BI005531,M000722,2024-05-13,3526.27,Cash,Success
PA005532,BI005532,M001362,2025-12-31,3529.11,Wallet,Success
PA005533,BI005533,M000441,2024-07-10,4164.42,Credit Card,Success
PA005534,BI005534,M000139,2024-02-13,3512.4,Cash,Success
PA005535,BI005535,M001505,2025-06-22,991.71,Wallet,Success
PA005536,BI005536,M000590,2025-11-29,4674.86,Wallet,Success
PA005537,BI005537,M001622,2024-01-02,3480.15,Wallet,Success
PA005538,BI005538,M001408,2024-01-20,1203.19,Debit Card,Refunded
PA005539,BI005539,M001390,2024-11-15,3833.81,UPI,Success
PA005540,BI005540,M000736,2024-03-24,2104.16,UPI,Success
PA005541,BI005541,M000208,2025-08-06,2796.53,Cash,Success
PA005542,BI005542,M002323,2025-07-07,1000.9,Credit Card,Success
PA005543,BI005543,M001873,2024-02-10,2709.41,Debit Card,Success
PA005544,BI005544,M000441,2025-04-21,4273.47,Wallet,Success
PA005545,BI005545,M001332,2024-08-17,4398.06,Net Banking,Success
PA005546,BI005546,M002193,2024-03-20,2143.7,Wallet,Success
PA005547,BI005547,M002321,2025-12-07,4424.27,Debit Card,Success
PA005548,BI005548,M000116,2025-02-03,2644.71,UPI,Success
PA005549,BI005549,M000340,2025-08-07,4308.63,Wallet,Success
PA005550,BI005550,M001556,2024-07-09,4250.0,Net Banking,Success
PA005551,BI005551,M000119,2024-07-28,2881.67,Net Banking,Success
PA005552,BI005552,M000010,2025-10-25,2280.53,UPI,Success
PA005553,BI005553,M000576,2025-11-17,4320.97,Cash,Success
PA005554,BI005554,M001466,2024-04-01,2191.38,Credit Card,Failed
PA005555,BI005555,M000626,2024-11-08,2115.37,Debit Card,Success
PA005556,BI005556,M001090,2025-09-21,2774.84,Debit Card,Success
PA005557,BI005557,M000653,2024-02-02,1247.74,Wallet,Success
PA005558,BI005558,M001103,2024-11-19,3688.69,UPI,Success
PA005559,BI005559,M001763,2025-12-31,2894.05,Net Banking,Success
PA005560,BI005560,M002188,2024-10-25,4166.36,Net Banking,Success
PA005561,BI005561,M000944,2025-12-02,2609.83,Wallet,Success
PA005562,BI005562,M000730,2025-02-08,4240.83,Wallet,Failed
PA005563,BI005563,M001587,2024-09-18,1857.7,Cash,Success
PA005564,BI005564,M002060,2024-02-14,4479.03,Debit Card,Success
PA005565,BI005565,M001267,2025-09-23,2720.21,Credit Card,Success
PA005566,BI005566,M001725,2025-09-23,3326.64,Wallet,Success
PA005567,BI005567,M002284,2024-10-20,1952.84,UPI,Failed
PA005568,BI005568,M000163,2025-12-16,2786.95,Credit Card,Success
PA005569,BI005569,M001171,2025-12-20,3761.16,Debit Card,Success
PA005570,BI005570,M000630,2025-03-26,4277.43,UPI,Success
PA005571,BI005571,M001545,2024-04-12,3659.81,,Success
PA005572,BI005572,M001753,2024-11-27,2993.12,Wallet,Success
PA005573,BI005573,M001892,2025-10-20,3481.49,Debit Card,Success
PA005574,BI005574,M001962,2024-07-07,2458.0,Credit Card,Success
PA005575,BI005575,M000099,2025-07-22,-3503.13,Net Banking,Success
PA005576,BI005576,M000984,2025-04-27,3412.31,,Success
PA005577,BI005577,M001042,2024-01-22,1852.26,UPI,Success
PA005578,BI005578,M000144,2025-03-25,-5107.08,Wallet,Success
PA005579,BI005579,M001851,2024-11-27,4228.28,Debit Card,Success
PA005580,BI005580,M001111,2025-09-10,4228.62,Wallet,Success
PA005581,BI005581,M001425,2025-11-01,2626.04,Cash,Success
PA005582,BI005582,M000360,2024-02-23,1596.56,Debit Card,Success
PA005583,BI005583,M001412,2025-05-22,3779.73,Cash,Success
PA005584,BI005584,M001067,2025-06-11,3831.66,Cash,Success
PA005585,BI005585,M002013,2025-10-27,2931.99,Debit Card,Success
PA005586,BI005586,M002110,2025-10-19,2513.29,Cash,Success
PA005587,BI005587,M001566,2024-03-15,2138.35,Credit Card,Success
PA005588,BI005588,M000619,2025-04-04,3145.88,Cash,Success
PA005589,BI005589,M000768,2024-09-08,1942.88,Wallet,Failed
PA005590,BI005590,M000664,2024-02-12,4202.02,Wallet,Success
PA005591,BI005591,M001293,2024-05-26,3895.51,UPI,Success
PA005592,BI005592,M002341,2025-09-18,4599.55,Cash,Success
PA005593,BI005593,M002139,2025-07-04,1106.47,Cash,Success
PA005594,BI005594,M000389,2025-01-28,2559.56,Cash,Success
PA005595,BI005595,M002487,2024-08-29,3355.43,Credit Card,Success
PA005596,BI005596,M000366,2024-02-06,2847.95,Wallet,Success
PA005597,BI005597,M001746,2024-07-20,3986.85,Wallet,Success
PA005598,BI005598,M001546,2025-10-04,3689.44,Debit Card,Success
PA005599,BI005599,M001274,2025-11-29,2857.43,UPI,Success
PA005600,BI005600,M002256,2024-01-14,2099.16,Net Banking,Success
PA005601,BI005601,M000891,2024-07-05,1400.57,Credit Card,Success
PA005602,BI005602,M001796,2024-05-15,3350.2,Cash,Success
PA005603,BI005603,M001647,2025-12-03,3417.25,Credit Card,Failed
PA005604,BI005604,M000218,2024-07-10,2842.53,Wallet,Success
PA005605,BI005605,M001258,2025-05-12,4398.74,Cash,Refunded
PA005606,BI005606,M001250,2025-11-11,3926.65,Credit Card,Success
PA005607,BI005607,M000279,2025-12-18,4623.85,Debit Card,Success
PA005608,BI005608,M002276,2025-11-25,3241.04,Wallet,Success
PA005609,BI005609,M002024,2024-06-15,4716.81,Cash,Success
PA005610,BI005610,M002205,2024-01-29,5593.89,UPI,Success
PA005611,BI005611,M001643,2024-01-08,5061.89,Net Banking,Success
PA005612,BI005612,M002115,2025-03-13,4136.23,Debit Card,Success
PA005613,BI005613,M000732,2024-11-07,4299.16,Cash,Failed
PA005614,BI005614,M000197,2024-12-05,3267.98,UPI,Success
PA005615,BI005615,M000373,2024-06-10,2400.4,Cash,Success
PA005616,BI005616,M001669,2024-09-10,2172.9,Credit Card,Success
PA005617,BI005617,M001902,2025-08-16,4609.33,Cash,Success
PA005618,BI005618,M000445,2024-05-17,5017.55,Net Banking,Success
PA005619,BI005619,M000059,2024-05-19,2844.71,Credit Card,Success
PA005620,BI005620,M000050,2024-03-08,4500.14,Cash,Success
PA005621,BI005621,M000110,2024-12-03,4318.51,Debit Card,Refunded
PA005622,BI005622,M001607,2024-09-03,2374.77,Cash,Success
PA005623,BI005623,M001940,2024-01-16,4840.37,UPI,Success
PA005624,BI005624,M000024,2025-11-18,1808.42,UPI,Success
PA005625,BI005625,M000109,2025-03-11,1848.72,Cash,Success
PA005626,BI005626,M002337,2024-02-06,3129.84,Net Banking,Success
PA005627,BI005627,M001234,2025-12-14,2546.63,Net Banking,Success
PA005628,BI005628,M000426,2025-03-18,4502.68,Cash,Success
PA005629,BI005629,M001615,2025-02-26,4773.58,Cash,Success
PA005630,BI005630,M002373,2025-10-07,2428.28,Wallet,Success
PA005631,BI005631,M001777,2024-12-21,2917.43,Debit Card,Success
PA005632,BI005632,M001004,2024-10-07,4373.6,UPI,Success
PA005633,BI005633,M001086,2024-08-20,3450.66,UPI,Success
PA005634,BI005634,M000694,2025-08-12,2822.98,,Success
PA005635,BI005635,M001872,2025-05-18,5465.45,Credit Card,Success
PA005636,BI005636,M002018,2025-08-01,4353.79,Cash,Success
PA005637,BI005637,M002143,2025-04-30,5148.78,Net Banking,Success
PA005638,BI005638,M002213,2024-06-08,3934.58,Debit Card,Success
PA005639,BI005639,M002235,2024-07-29,2109.16,Credit Card,Success
PA005640,BI005640,M000666,2024-01-12,1532.44,UPI,Success
PA005641,BI005641,M001649,2024-10-28,2759.29,Credit Card,Success
PA005642,BI005642,M000614,2024-06-06,2291.92,Cash,Success
PA005643,BI005643,M001677,2025-03-14,1702.87,UPI,Success
PA005644,BI005644,M001523,2025-02-22,3128.22,Cash,Success
PA005645,BI005645,M002216,2025-09-24,1735.99,Net Banking,Success
PA005646,BI005646,M001541,2025-05-11,3553.16,Credit Card,Success
PA005647,BI005647,M001148,2025-09-10,2925.57,Wallet,Success
PA005648,BI005648,M000639,2025-01-19,3885.98,Debit Card,Success
PA005649,BI005649,M000159,2024-08-05,3288.28,Wallet,Success
PA005650,BI005650,M001015,2025-01-31,1544.69,UPI,Success
PA005651,BI005651,M000310,2024-03-11,2723.69,Credit Card,Success
PA005652,BI005652,M000279,2025-12-18,2702.24,Cash,Success
PA005653,BI005653,M000787,2025-09-01,2796.58,Credit Card,Failed
PA005654,BI005654,M001937,2025-04-04,4537.98,Debit Card,Success
PA005655,BI005655,M001063,2025-04-06,2844.12,Net Banking,Success
PA005656,BI005656,M001806,2025-11-11,3653.53,Debit Card,Success
PA005657,BI005657,M001498,2025-06-20,3648.91,UPI,Success
PA005658,BI005658,M001406,2024-05-16,-2508.17,UPI,Success
PA005659,BI005659,M000298,2024-06-01,2026.87,Credit Card,Success
PA005660,BI005660,M002177,2024-10-23,4654.87,UPI,Success
PA005661,BI005661,M000825,2025-07-07,2289.53,Cash,Success
PA005662,BI005662,M002061,2024-05-20,3746.48,Net Banking,Success
PA005663,BI005663,M000718,2025-03-04,3532.58,,Success
PA005664,BI005664,M001229,2024-10-04,3445.55,UPI,Success
PA005665,BI005665,M001362,2024-04-11,2024.78,Debit Card,Success
PA005666,BI005666,M002347,2025-01-13,4221.02,Net Banking,Failed
PA005667,BI005667,M000580,2024-05-12,2446.08,UPI,Success
PA005668,BI005668,M001369,2024-10-17,4176.65,Wallet,Success
PA005669,BI005669,M002086,2025-06-07,1691.92,Net Banking,Success
PA005670,BI005670,M000802,2024-06-24,1803.7,Credit Card,Success
PA005671,BI005671,M001261,2025-05-20,2476.13,UPI,Success
PA005672,BI005672,M002397,2025-12-05,1416.12,Credit Card,Success
PA005673,BI005673,M001790,2025-01-19,3717.72,Wallet,Success
PA005674,BI005674,M001897,2025-10-07,580.72,Debit Card,Success
PA005675,BI005675,M000553,2025-01-11,2273.05,Credit Card,Success
PA005676,BI005676,M000023,2024-04-21,3760.43,,Success
PA005677,BI005677,M000395,2024-09-21,2166.89,UPI,Success
PA005678,BI005678,M000506,2025-03-01,2574.43,Debit Card,Success
PA005679,BI005679,M002333,2025-07-02,4637.85,UPI,Success
PA005680,BI005680,M001883,2025-02-15,3603.13,Credit Card,Success
PA005681,BI005681,M001452,2025-05-10,3447.29,Debit Card,Success
PA005682,BI005682,M000089,2024-07-01,2999.98,Credit Card,Success
PA005683,BI005683,M002413,2025-08-19,1564.8,,Success
PA005684,BI005684,M000553,2025-01-11,4741.98,UPI,Success
PA005685,BI005685,M000770,2025-06-17,4391.92,Net Banking,Success
PA005686,BI005686,M001250,2024-08-01,3153.61,Debit Card,Success
PA005687,BI005687,M002130,2025-05-12,1978.61,Wallet,Success
PA005688,BI005688,M001638,2025-02-27,2436.0,UPI,Success
PA005689,BI005689,M000152,2024-07-20,1734.83,Cash,Success
PA005690,BI005690,M001938,2025-05-21,2027.24,Cash,Success
PA005691,BI005691,M001908,2024-01-07,4422.11,Debit Card,Success
PA005692,BI005692,M000745,2025-09-22,1964.25,Wallet,Success
PA005693,BI005693,M002168,2024-09-23,3871.81,Cash,Success
PA005694,BI005694,M001289,2024-04-30,2252.12,Credit Card,Success
PA005695,BI005695,M001327,2024-06-05,2206.15,Net Banking,Success
PA005696,BI005696,M002193,2025-05-30,4144.34,Credit Card,Success
PA005697,BI005697,M000035,2024-07-25,1561.43,Wallet,Success
PA005698,BI005698,M002483,2025-10-15,2533.46,Cash,Success
PA005699,BI005699,M000050,2024-08-22,3231.13,Wallet,Success
PA005700,BI005700,M001672,2024-11-19,2691.1,Net Banking,Success
PA005701,BI005701,M001057,2024-08-10,2365.74,Wallet,Success
PA005702,BI005702,M000990,2024-08-07,2345.99,Debit Card,Success
PA005703,BI005703,M000830,2024-02-17,3221.59,Wallet,Success
PA005704,BI005704,M002311,2024-01-06,3429.17,UPI,Success
PA005705,BI005705,M001154,2025-12-17,4392.78,Wallet,Success
PA005706,BI005706,M000846,2025-08-27,2380.83,UPI,Success
PA005707,BI005707,M000672,2024-05-31,2637.24,Debit Card,Success
PA005708,BI005708,M000426,2024-06-24,3622.65,Wallet,Failed
PA005709,BI005709,M002262,2025-12-02,1913.69,Cash,Success
PA005710,BI005710,M000351,2025-12-29,3161.43,UPI,Success
PA005711,BI005711,M000220,2024-07-01,4669.33,Net Banking,Success
PA005712,BI005712,M000112,2025-09-19,1187.24,Net Banking,Success
PA005713,BI005713,M002119,2024-04-28,3187.07,Debit Card,Success
PA005714,BI005714,M000416,2025-12-14,2797.81,Wallet,Success
PA005715,BI005715,M000822,2024-01-18,3032.84,UPI,Success
PA005716,BI005716,M001595,2024-08-02,4740.84,Cash,Success
PA005717,BI005717,M000060,2025-06-20,1690.79,Credit Card,Success
PA005718,BI005718,M001587,2025-11-19,2015.59,Cash,Success
PA005719,BI005719,M002158,2024-12-06,3953.58,Cash,Success
PA005720,BI005720,M001510,2024-01-08,613.7,Credit Card,Refunded
PA005721,BI005721,M000345,2025-07-04,1655.13,Wallet,Success
PA005722,BI005722,M002090,2025-05-11,3692.77,Cash,Success
PA005723,BI005723,M002347,2025-08-28,1597.5,Cash,Success
PA005724,BI005724,M000623,2025-01-31,3458.96,UPI,Success
PA005725,BI005725,M000759,2025-06-07,2934.13,Net Banking,Success
PA005726,BI005726,M000103,2024-02-07,2819.27,UPI,Success
PA005727,BI005727,M000172,2025-06-23,2816.92,Wallet,Success
PA005728,BI005728,M000656,2025-09-06,2967.63,UPI,Success
PA005729,BI005729,M000720,2025-10-03,5498.21,Cash,Success
PA005730,BI005730,M002280,2025-10-11,2977.24,Net Banking,Success
PA005731,BI005731,M002027,2024-05-04,1937.9,Debit Card,Success
PA005732,BI005732,M002018,2025-08-01,5324.27,Wallet,Success
PA005733,BI005733,M001809,2025-04-12,5068.82,Debit Card,Success
PA005734,BI005734,M000792,2024-07-26,1928.17,Wallet,Success
PA005735,BI005735,M002257,2025-09-19,4552.48,Wallet,Success
PA005736,BI005736,M000451,2024-07-02,2977.0,Wallet,Failed
PA005737,BI005737,M001690,2024-10-10,4316.82,Net Banking,Success
PA005738,BI005738,M002025,2025-05-13,1917.92,Wallet,Success
PA005739,BI005739,M002410,2025-06-29,1420.44,UPI,Failed
PA005740,BI005740,M002266,2025-08-21,3405.19,,Success
PA005741,BI005741,M001802,2024-11-18,4120.82,Wallet,Success
PA005742,BI005742,M000287,2025-03-30,3496.26,Cash,Success
PA005743,BI005743,M000158,2025-12-08,3650.99,Credit Card,Success
PA005744,BI005744,M000496,2024-08-25,4503.05,Credit Card,Success
PA005745,BI005745,M002479,2024-08-15,2288.61,Credit Card,Success
PA005746,BI005746,M001477,2025-02-14,5375.43,,Success
PA005747,BI005747,M002207,2025-07-05,3623.75,Cash,Success
PA005748,BI005748,M000917,2024-02-09,2489.65,Debit Card,Success
PA005749,BI005749,M000139,2024-02-13,3974.57,UPI,Success
PA005750,BI005750,M001239,2025-11-12,3867.91,Credit Card,Success
PA005751,BI005751,M002376,2025-07-13,2928.45,Wallet,Success
PA005752,BI005752,M000954,2024-02-29,1363.39,Wallet,Success
PA005753,BI005753,M002069,2024-06-20,3959.36,Wallet,Success
PA005754,BI005754,M001645,2024-07-15,3959.23,Cash,Success
PA005755,BI005755,M000720,2025-12-17,2400.54,Debit Card,Success
PA005756,BI005756,M000270,2025-03-07,3499.05,Cash,Success
PA005757,BI005757,M000719,2024-07-15,3330.29,Credit Card,Success
PA005758,BI005758,M000395,2024-09-21,3486.53,Wallet,Success
PA005759,BI005759,M001107,2024-03-13,4101.41,UPI,Success
PA005760,BI005760,M001172,2024-01-13,3266.69,Net Banking,Success
PA005761,BI005761,M000667,2024-06-12,4260.95,Wallet,Success
PA005762,BI005762,M002312,2024-08-31,2285.2,Credit Card,Success
PA005763,BI005763,M001708,2025-09-01,3052.49,Wallet,Success
PA005764,BI005764,M002390,2024-10-04,4325.8,Credit Card,Success
PA005765,BI005765,M002290,2025-10-29,3329.06,UPI,Success
PA005766,BI005766,M000578,2025-03-27,-3353.58,Wallet,Success
PA005767,BI005767,M000229,2024-07-10,3045.25,UPI,Success
PA005768,BI005768,M000464,2025-10-22,4594.63,Cash,Success
PA005769,BI005769,M002444,2025-07-12,2744.42,Debit Card,Success
PA005770,BI005770,M000829,2024-09-14,1800.11,Cash,Success
PA005771,BI005771,M000227,2024-10-25,4087.99,UPI,Success
PA005772,BI005772,M000770,2025-06-17,3986.57,Credit Card,Success
PA005773,BI005773,M001407,2024-08-10,3335.25,UPI,Success
PA005774,BI005774,M000190,2024-02-14,2646.26,Net Banking,Success
PA005775,BI005775,M000298,2024-08-27,3535.99,Debit Card,Success
PA005776,BI005776,M002040,2024-11-21,2465.18,Debit Card,Success
PA005777,BI005777,M000940,2024-11-12,2580.36,,Success
PA005778,BI005778,M000414,2025-07-29,2280.14,UPI,Failed
PA005779,BI005779,M002034,2025-01-09,3288.45,Wallet,Success
PA005780,BI005780,M001131,2024-08-11,2225.76,Cash,Success
PA005781,BI005781,M001164,2025-07-12,3520.13,Wallet,Success
PA005782,BI005782,M000521,2024-02-04,2787.58,Wallet,Success
PA005783,BI005783,M000806,2024-09-07,1931.24,Net Banking,Success
PA005784,BI005784,M000357,2024-01-31,3476.49,,Success
PA005785,BI005785,M001847,2025-11-23,4176.55,UPI,Success
PA005786,BI005786,M001169,2025-12-03,5331.03,UPI,Success
PA005787,BI005787,M001143,2024-06-24,2904.23,Wallet,Success
PA005788,BI005788,M002061,2024-08-31,2014.7,Net Banking,Success
PA005789,BI005789,M000716,2024-07-12,3569.95,Cash,Success
PA005790,BI005790,M002160,2025-05-26,1265.9,Net Banking,Success
PA005791,BI005791,M002427,2024-06-14,2460.34,UPI,Success
PA005792,BI005792,M000768,2024-09-08,2756.15,Credit Card,Success
PA005793,BI005793,M000945,2024-02-14,4004.39,Credit Card,Success
PA005794,BI005794,M001217,2025-10-03,3942.89,Wallet,Refunded
PA005795,BI005795,M002300,2024-06-16,2539.34,Credit Card,Success
PA005796,BI005796,M001327,2024-06-05,2672.01,,Success
PA005797,BI005797,M000140,2024-10-02,2725.77,Wallet,Success
PA005798,BI005798,M001837,2024-09-12,2637.74,Wallet,Success
PA005799,BI005799,M001931,2025-11-13,2331.27,Net Banking,Success
PA005800,BI005800,M001585,2025-07-08,-4248.07,Credit Card,Success
PA005801,BI005801,M001662,2024-04-21,3989.09,,Success
PA005802,BI005802,M001107,2024-10-15,4479.22,Credit Card,Success
PA005803,BI005803,M001431,2024-09-29,4519.64,Wallet,Success
PA005804,BI005804,M002373,2025-10-07,2939.11,Wallet,Success
PA005805,BI005805,M001146,2024-10-29,4240.65,Credit Card,Success
PA005806,BI005806,M001885,2025-02-13,4085.62,Cash,Success
PA005807,BI005807,M002221,2025-09-21,3994.89,Debit Card,Success
PA005808,BI005808,M002471,2025-04-30,2467.77,Debit Card,Success
PA005809,BI005809,M002202,2025-08-31,4214.14,Debit Card,Success
PA005810,BI005810,M001189,2025-10-15,2629.01,Credit Card,Success
PA005811,BI005811,M001849,2024-03-10,4060.53,UPI,Success
PA005812,BI005812,M001303,2024-05-21,4830.23,UPI,Success
PA005813,BI005813,M002069,2024-06-20,3909.92,UPI,Success
PA005814,BI005814,M000702,2025-12-30,1376.21,Credit Card,Failed
PA005815,BI005815,M000826,2025-08-04,4760.9,UPI,Success
PA005816,BI005816,M000668,2024-02-06,3634.52,Net Banking,Success
PA005817,BI005817,M001074,2025-07-08,2498.82,Debit Card,Success
PA005818,BI005818,M002236,2024-09-19,5425.73,Cash,Success
PA005819,BI005819,M002118,2024-08-18,3516.93,Credit Card,Success
PA005820,BI005820,M002498,2024-01-18,4307.87,Debit Card,Success
PA005821,BI005821,M002114,2025-10-22,2465.73,Credit Card,Success
PA005822,BI005822,M002066,2024-07-16,2441.52,,Success
PA005823,BI005823,M000290,2025-10-25,4298.65,Credit Card,Success
PA005824,BI005824,M002249,2025-10-20,3658.55,UPI,Success
PA005825,BI005825,M002058,2024-11-03,4284.5,UPI,Success
PA005826,BI005826,M002102,2025-03-20,5218.55,UPI,Success
PA005827,BI005827,M000632,2025-09-16,2320.13,Credit Card,Success
PA005828,BI005828,M000516,2025-03-29,2104.98,Debit Card,Success
PA005829,BI005829,M002187,2024-09-16,3402.3,Debit Card,Success
PA005830,BI005830,M001397,2024-10-16,-3983.88,Net Banking,Success
PA005831,BI005831,M001993,2024-09-15,2668.75,Debit Card,Refunded
PA005832,BI005832,M000805,2024-07-29,5987.23,UPI,Success
PA005833,BI005833,M001732,2025-03-17,3458.07,Credit Card,Success
PA005834,BI005834,M001865,2025-07-01,4401.38,Cash,Success
PA005835,BI005835,M001204,2024-01-09,4471.04,UPI,Success
PA005836,BI005836,M001817,2024-06-05,2584.94,Net Banking,Success
PA005837,BI005837,M002384,2025-11-15,1969.11,Wallet,Success
PA005838,BI005838,M002434,2024-05-12,3207.04,UPI,Failed
PA005839,BI005839,M002231,2024-05-15,4749.48,Wallet,Success
PA005840,BI005840,M000006,2024-05-21,4404.01,Cash,Success
PA005841,BI005841,M000027,2025-11-29,2365.98,Cash,Failed
PA005842,BI005842,M001621,2024-10-02,4792.32,Debit Card,Success
PA005843,BI005843,M002250,2024-02-14,4335.43,Debit Card,Success
PA005844,BI005844,M000969,2025-07-08,4343.07,UPI,Success
PA005845,BI005845,M000564,2025-07-11,807.56,Cash,Success
PA005846,BI005846,M001100,2025-11-23,3581.12,Wallet,Success
PA005847,BI005847,M002126,2025-05-10,1616.47,Cash,Success
PA005848,BI005848,M001604,2025-12-03,2800.73,,Success
PA005849,BI005849,M002229,2025-01-01,2568.0,Credit Card,Failed
PA005850,BI005850,M000283,2024-11-08,3290.41,Net Banking,Success
PA005851,BI005851,M000171,2024-02-11,5665.94,Debit Card,Success
PA005852,BI005852,M001767,2025-05-09,4502.46,Cash,Success
PA005853,BI005853,M001020,2025-10-24,3736.71,Debit Card,Success
PA005854,BI005854,M001032,2024-07-08,4163.22,UPI,Success
PA005855,BI005855,M001082,2024-01-06,2551.59,Net Banking,Success
PA005856,BI005856,M002170,2025-12-02,1992.87,Debit Card,Failed
PA005857,BI005857,M000377,2025-05-01,2707.34,Cash,Success
PA005858,BI005858,M002129,2024-02-19,2620.47,Wallet,Success
PA005859,BI005859,M000367,2024-08-17,2982.74,Cash,Success
PA005860,BI005860,M002438,2024-05-20,975.25,,Success
PA005861,BI005861,M000768,2024-12-20,3777.27,Wallet,Success
PA005862,BI005862,M000573,2025-04-01,3050.87,Credit Card,Success
PA005863,BI005863,M000614,2024-03-23,3400.21,Cash,Success
PA005864,BI005864,M001329,2025-02-07,3846.87,Debit Card,Success
PA005865,BI005865,M001957,2025-10-25,4594.98,Wallet,Success
PA005866,BI005866,M001273,2025-07-12,2929.4,Wallet,Success
PA005867,BI005867,M001250,2024-08-01,1405.93,Cash,Success
PA005868,BI005868,M000880,2024-04-16,4191.83,Cash,Success
PA005869,BI005869,M001489,2025-09-02,3036.59,Net Banking,Success
PA005870,BI005870,M001303,2024-10-02,4010.25,Cash,Failed
PA005871,BI005871,M001577,2024-04-05,1528.46,Credit Card,Success
PA005872,BI005872,M000676,2025-12-18,1343.61,Debit Card,Success
PA005873,BI005873,M001335,2025-08-14,4161.58,Net Banking,Success
PA005874,BI005874,M000304,2024-11-17,2964.61,UPI,Success
PA005875,BI005875,M000934,2025-01-19,5020.39,Cash,Success
PA005876,BI005876,M001667,2025-03-19,4902.44,Cash,Success
PA005877,BI005877,M002238,2024-06-16,3356.26,Credit Card,Success
PA005878,BI005878,M001039,2024-07-13,4148.24,UPI,Failed
PA005879,BI005879,M001908,2024-01-07,1485.14,Net Banking,Success
PA005880,BI005880,M002016,2024-05-05,3937.0,Debit Card,Success
PA005881,BI005881,M001434,2025-07-26,4273.19,UPI,Success
PA005882,BI005882,M002246,2024-10-09,1670.08,Cash,Success
PA005883,BI005883,M002242,2024-02-26,3482.82,Debit Card,Refunded
PA005884,BI005884,M001656,2025-09-21,2361.61,,Failed
PA005885,BI005885,M001192,2025-06-30,2345.23,Net Banking,Success
PA005886,BI005886,M000485,2025-01-07,5193.4,,Success
PA005887,BI005887,M000317,2024-03-29,2719.03,Credit Card,Success
PA005888,BI005888,M001692,2024-09-25,2163.41,UPI,Success
PA005889,BI005889,M000829,2024-09-14,2764.13,Net Banking,Success
PA005890,BI005890,M000391,2024-11-10,3092.8,Cash,Success
PA005891,BI005891,M000889,2025-02-14,1972.74,Debit Card,Success
PA005892,BI005892,M001808,2025-07-27,1853.92,,Success
PA005893,BI005893,M000744,2024-02-17,3631.03,Cash,Success
PA005894,BI005894,M001665,2024-12-03,4140.97,Net Banking,Success
PA005895,BI005895,M000296,2024-07-27,3509.3,Debit Card,Success
PA005896,BI005896,M000669,2024-03-24,3648.3,Debit Card,Success
PA005897,BI005897,M000416,2025-01-07,3809.27,Credit Card,Failed
PA005898,BI005898,M001353,2024-09-25,3523.74,Net Banking,Success
PA005899,BI005899,M002099,2024-11-02,3966.44,Cash,Success
PA005900,BI005900,M002065,2025-01-21,4082.64,Debit Card,Success
PA005901,BI005901,M002444,2024-11-08,3640.24,UPI,Success
PA005902,BI005902,M001638,2025-02-27,2771.73,UPI,Success
PA005903,BI005903,M000976,2024-11-05,3893.99,Cash,Success
PA005904,BI005904,M000395,2024-09-21,4709.46,Net Banking,Success
PA005905,BI005905,M002471,2025-11-19,5045.23,Credit Card,Success
PA005906,BI005906,M000341,2025-11-15,4605.99,Net Banking,Success
PA005907,BI005907,M001748,2025-06-28,2409.14,UPI,Success
PA005908,BI005908,M000191,2025-03-22,3751.7,Cash,Success
PA005909,BI005909,M000968,2024-10-21,4066.78,Debit Card,Success
PA005910,BI005910,M001984,2025-11-23,2949.95,Debit Card,Success
PA005911,BI005911,M002295,2024-05-17,2568.96,Debit Card,Success
PA005912,BI005912,M001011,2025-04-06,3591.76,Debit Card,Success
PA005913,BI005913,M001327,2025-12-07,4098.9,Net Banking,Success
PA005914,BI005914,M001694,2024-07-16,3923.01,Debit Card,Success
PA005915,BI005915,M001118,2025-01-12,-2596.03,Debit Card,Success
PA005916,BI005916,M001889,2025-08-07,5292.93,Credit Card,Success
PA005917,BI005917,M001354,2024-07-13,2814.21,,Success
PA005918,BI005918,M001962,2025-10-18,-2940.08,Credit Card,Success
PA005919,BI005919,M001982,2025-06-14,4107.37,UPI,Success
PA005920,BI005920,M000203,2024-06-15,2167.96,Credit Card,Success
PA005921,BI005921,M001785,2025-12-09,3628.07,Wallet,Success
PA005922,BI005922,M001655,2025-12-02,3323.62,Debit Card,Failed
PA005923,BI005923,M000311,2024-10-18,2112.49,Net Banking,Success
PA005924,BI005924,M002485,2025-04-02,3683.04,Credit Card,Success
PA005925,BI005925,M002085,2024-03-19,3290.93,Wallet,Success
PA005926,BI005926,M001267,2024-03-03,5538.2,Wallet,Success
PA005927,BI005927,M002024,2024-11-04,3367.82,Debit Card,Success
PA005928,BI005928,M000433,2024-06-10,4926.62,UPI,Success
PA005929,BI005929,M000332,2025-10-14,3392.94,Debit Card,Success
PA005930,BI005930,M000085,2025-03-04,4379.63,Cash,Success
PA005931,BI005931,M000498,2024-02-03,3319.65,Net Banking,Success
PA005932,BI005932,M002312,2024-09-27,2409.59,,Success
PA005933,BI005933,M001147,2025-02-16,4070.25,Debit Card,Success
PA005934,BI005934,M000152,2025-07-02,2492.04,Net Banking,Success
PA005935,BI005935,M002183,2024-06-26,2792.35,Cash,Refunded
PA005936,BI005936,M002269,2024-05-02,2150.04,Wallet,Success
PA005937,BI005937,M000088,2024-12-16,4629.74,Cash,Failed
PA005938,BI005938,M000915,2024-02-13,5373.13,Cash,Success
PA005939,BI005939,M001625,2024-04-24,2435.67,Debit Card,Success
PA005940,BI005940,M000673,2025-06-29,3532.14,Wallet,Success
PA005941,BI005941,M000882,2024-02-01,4118.09,UPI,Success
PA005942,BI005942,M001752,2024-02-03,3106.51,Net Banking,Success
PA005943,BI005943,M001769,2024-10-17,4118.39,Credit Card,Success
PA005944,BI005944,M001059,2025-04-14,4605.6,Cash,Success
PA005945,BI005945,M001547,2025-04-09,2249.53,Debit Card,Success
PA005946,BI005946,M001248,2025-03-06,3769.5,UPI,Success
PA005947,BI005947,M001404,2024-07-31,2562.33,Credit Card,Success
PA005948,BI005948,M001197,2024-07-26,-4111.93,UPI,Success
PA005949,BI005949,M000349,2024-10-07,2703.51,Cash,Success
PA005950,BI005950,M001472,2025-11-09,3637.75,Net Banking,Success
PA005951,BI005951,M000841,2024-10-22,2141.99,Wallet,Success
PA005952,BI005952,M001267,2025-11-06,4840.16,UPI,Success
PA005953,BI005953,M000672,2025-08-14,3481.41,UPI,Success
PA005954,BI005954,M001393,2024-10-26,3487.76,Cash,Success
PA005955,BI005955,M000190,2025-05-07,3326.94,,Success
PA005956,BI005956,M002230,2024-06-10,4170.07,Debit Card,Success
PA005957,BI005957,M000178,2024-03-23,2026.46,Wallet,Success
PA005958,BI005958,M002352,2024-05-26,4767.04,Net Banking,Success
PA005959,BI005959,M000772,2024-02-12,3293.74,Cash,Success
PA005960,BI005960,M000744,2024-02-17,4575.66,Net Banking,Success
PA005961,BI005961,M000600,2025-04-05,2944.71,Wallet,Failed
PA005962,BI005962,M000746,2024-05-05,3270.15,Cash,Success
PA005963,BI005963,M001406,2024-10-15,3219.69,Debit Card,Failed
PA005964,BI005964,M000776,2024-10-16,2588.91,UPI,Success
PA005965,BI005965,M000509,2024-02-11,1678.0,Credit Card,Success
PA005966,BI005966,M001831,2025-03-09,3017.16,Debit Card,Success
PA005967,BI005967,M000134,2024-03-24,4779.85,Wallet,Success
PA005968,BI005968,M000490,2024-12-28,2072.24,Credit Card,Success
PA005969,BI005969,M002201,2024-03-28,2713.26,Net Banking,Success
PA005970,BI005970,M002146,2025-12-13,2963.57,Wallet,Success
PA005971,BI005971,M001193,2025-10-04,1266.38,Debit Card,Success
PA005972,BI005972,M001688,2025-08-23,3636.95,UPI,Success
PA005973,BI005973,M002319,2024-10-26,4328.68,Credit Card,Success
PA005974,BI005974,M000515,2025-04-18,1895.88,Wallet,Success
PA005975,BI005975,M001332,2025-03-13,3296.93,Cash,Success
PA005976,BI005976,M001101,2025-08-21,2449.4,Cash,Success
PA005977,BI005977,M001580,2025-07-23,4339.68,Net Banking,Success
PA005978,BI005978,M000587,2025-05-08,4449.76,UPI,Success
PA005979,BI005979,M001452,2025-03-07,2959.78,Cash,Success
PA005980,BI005980,M002017,2025-07-13,3038.67,Cash,Success
PA005981,BI005981,M000096,2024-09-29,3844.08,Credit Card,Success
PA005982,BI005982,M001855,2025-02-04,2747.67,Wallet,Failed
PA005983,BI005983,M000356,2025-05-07,1923.35,Credit Card,Success
PA005984,BI005984,M001666,2025-09-12,2737.44,,Success
PA005985,BI005985,M000992,2024-03-03,4994.77,UPI,Success
PA005986,BI005986,M000239,2025-05-25,2804.71,Cash,Success
PA005987,BI005987,M001839,2024-08-28,4224.61,UPI,Success
PA005988,BI005988,M002296,2025-02-22,2588.62,UPI,Success
PA005989,BI005989,M001752,2024-08-12,4464.4,UPI,Success
PA005990,BI005990,M000213,2024-05-31,2851.72,Credit Card,Success
PA005991,BI005991,M001393,2025-04-28,2553.72,Cash,Success
PA005992,BI005992,M002221,2025-10-19,4151.83,Cash,Failed
PA005993,BI005993,M001403,2024-02-02,1516.89,Wallet,Success
PA005994,BI005994,M001284,2024-02-28,2896.77,Credit Card,Success
PA005995,BI005995,M001935,2024-01-22,4846.51,Debit Card,Success
PA005996,BI005996,M000784,2024-08-08,4549.89,UPI,Success
PA005997,BI005997,M000797,2024-09-30,4000.64,Wallet,Success
PA005998,BI005998,M000240,2025-02-18,5036.82,,Success
PA005999,BI005999,M001637,2025-01-30,3302.21,Wallet,Success
PA006000,BI006000,M000496,2024-07-28,1568.8,Wallet,Success
