employee_id,first_name,last_name,gender,hospital_id,department_id,designation,employment_type,salary,joining_date,phone_number,email
EMP00001,Elango,Kamath,Male,H029,D039,Housekeeping Staff,Contract,106063.71,2019-11-13,9472844608,elango.kamath23@rediffmail.com
EMP00002,Kiran,Nair,Male,H014,D018,Accountant,Full-Time,58659.86,2012-03-29,9158238732,kiran.nair32@outlook.com
EMP00003,Mohan,Gopalakrishnan,Male,H010,D013,Administrator,Full-Time,101310.71,2024-10-05,9394480470,mohan.gopalakrishnan22@yahoo.com
EMP00004,Kala,Naidu,Female,H021,D028,Receptionist,Full-Time,105450.02,2018-03-09,9838562558,kala.naidu7@rediffmail.com
EMP00005,Divya,Bhat,Female,H017,D022,Staff Nurse,Full-Time,27297.98,2008-01-05,9408248616,divya.bhat60@rediffmail.com
EMP00006,Kavya,Venkatesh,Female,H023,D031,Lab Technician,Full-Time,20614.65,2022-10-01,9662374677,kavya.venkatesh25@outlook.com
EMP00007,Mahesh,Shetty,Male,H016,D021,Receptionist,Part-Time,114738.36,2020-01-07,9212792797,mahesh.shetty75@outlook.com
EMP00008,Jayanthi,Iyer,Female,H010,D013,Accountant,Full-Time,51842.04,2005-11-11,9352914784,jayanthi.iyer75@yahoo.com
EMP00009,Sathish,Nair,Male,H026,D035,Radiology Technician,Full-Time,84093.75,2019-12-21,9531619350,sathish.nair76@yahoo.com
EMP00010,Sandhya,Shetty,F,H021,D028,Ward Boy,Full-Time,24574.85,2008-09-01,9930634562,sandhya.shetty83@outlook.com
EMP00011,Ganesh,Krishnan,Male,H008,D010,Accountant,Full-Time,88496.92,2020-09-27,9580454378,ganesh.krishnan39@rediffmail.com
EMP00012,Latha,Chandrasekaran,Female,H022,D029,Administrator,Full-Time,26777.92,2005-02-26,9896488089,latha.chandrasekaran81@yahoo.com
EMP00013,Prakash,Bhat,Male,H005,D006,Administrator,Full-Time,54306.83,2016-06-15,9818128644,prakash.bhat60@yahoo.com
EMP00014,Girish,Sarma,m,H018,D023,Lab Technician,Part-Time,66202.77,2024-05-31,9680494977,girish.sarma75@rediffmail.com
EMP00015,Elango,Varma,Male,H030,D040,Accountant,Full-Time,74646.2,2021-11-17,9507919875,elango.varma92@yahoo.com
EMP00016,Lokesh,Iyengar,M,H021,D028,IT Support,Full-Time,32137.86,2024-06-09,9686010181,lokesh.iyengar83@outlook.com
EMP00017,Karthik,Bhat,Male,H001,D001,Receptionist,Full-Time,20143.42,2020-08-29,9988557018,karthik.bhat9@yahoo.com
EMP00018,Haritha,Subramaniam,Female,H026,D035,Ward Boy,Full-Time,119802.76,2013-07-18,9075072990,haritha.subramaniam3@gmail.com
EMP00019,Jayanthi,Venkatesh,Female,H009,D012,Lab Technician,Full-Time,62041.11,2009-10-14,9965330372,jayanthi.venkatesh8@gmail.com
EMP00020,Senthil,Varma,Male,H002,D002,Administrator,Contract,93038.71,2018-11-10,9709677914,senthil.varma88@outlook.com
EMP00021,Bhavya,Nair,Female,H005,D006,IT Support,Full-Time,44148.22,2018-05-19,9920977881,bhavya.nair97@outlook.com
EMP00022,Vinod,Raman,Male,H021,D028,Pharmacist,Part-Time,74343.98,2025-09-29,9835608131,vinod.raman25@yahoo.com
EMP00023,Vani,Sundaram,Female,H017,D022,HR Executive,Full-Time,30632.85,2016-05-11,9382453995,vani.sundaram71@yahoo.com
EMP00024,Senthil,Subramaniam,Male,H025,D033,Lab Technician,Full-Time,54349.28,2022-03-01,9195549687,senthil.subramaniam10@rediffmail.com
EMP00025,Yogesh,Bhat,Male,H024,D032,Accountant,Full-Time,72746.51,2015-02-05,9036564422,yogesh.bhat66@rediffmail.com
EMP00026,Deepak,Panicker,Male,H029,D039,Pharmacist,Full-Time,57021.76,2009-05-07,9046337247,deepak.panicker50@yahoo.com
EMP00027,Suresh,Pillai,Male,H019,D024,HR Executive,Full-Time,81624.91,2022-08-12,9361741892,suresh.pillai18@outlook.com
EMP00028,Priya,Mudaliar,Female,H026,D035,Receptionist,Part-Time,108756.13,2014-07-06,9880831550,priya.mudaliar83@outlook.com
EMP00029,Bhavya,Reddappa,Female,H016,D021,Housekeeping Staff,Full-Time,53970.01,2025-12-07,9269194575,bhavya.reddappa14@gmail.com
EMP00030,Latha,Murthy,Female,H004,D005,Receptionist,Full-Time,67041.22,2010-09-29,9054850663,latha.murthy51@gmail.com
EMP00031,Indira,Murthy,f,H028,D038,Housekeeping Staff,Full-Time,20572.5,2025-10-20,9249319618,indira.murthy28@gmail.com
EMP00032,Ramya,Menon,Female,H009,D012,Pharmacist,Full-Time,84481.62,2012-07-21,9829560445,ramya.menon38@gmail.com
EMP00033,Sangeetha,Rao,Female,H019,D025,Radiology Technician,Full-Time,106339.26,2006-08-31,9934765531,sangeetha.rao15@rediffmail.com
EMP00034,Naveen,Bhat,Male,H030,D040,Administrator,Full-Time,87872.05,2017-10-29,9526184743,naveen.bhat20@outlook.com
EMP00035,Rajesh,Nair,Male,H005,D006,Administrator,Full-Time,68013.47,2008-07-19,9581747428,rajesh.nair30@rediffmail.com
EMP00036,Vinod,Reddappa,Male,H016,D021,Staff Nurse,Part-Time,109044.58,2020-02-11,9507333562,vinod.reddappa63@gmail.com
EMP00037,Charitha,Gowda,Female,H030,D040,IT Support,Full-Time,114602.85,2017-09-16,9784744318,charitha.gowda44@rediffmail.com
EMP00038,Lokesh,Chetty,Male,H005,,Lab Technician,Part-Time,111867.08,2012-03-25,9196495170,lokesh.chetty77@yahoo.com
EMP00039,Ramya,Reddappa,Female,H003,D004,HR Executive,Full-Time,119103.54,2017-04-03,9620880128,ramya.reddappa46@outlook.com
EMP00040,Chandran,Balasubramaniam,Male,H025,D033,Staff Nurse,Full-Time,78966.67,2022-05-26,9021139871,chandran.balasubramaniam99@gmail.com
EMP00041,Deepika,Naidu,Female,H004,D005,IT Support,Full-Time,61818.17,2013-01-14,9232893614,deepika.naidu79@outlook.com
EMP00042,Elango,Reddy,Male,H012,D015,Ward Boy,Full-Time,69236.77,2016-11-08,9400377217,elango.reddy69@rediffmail.com
EMP00043,Jyothi,Nair,Female,H024,D032,Lab Technician,Part-Time,116331.17,2025-07-10,9506990426,jyothi.nair15@outlook.com
EMP00044,Raghav,Iyer,Male,H008,D011,Radiology Technician,Full-Time,88091.48,2018-11-07,9510347212,raghav.iyer18@outlook.com
EMP00045,Abhinav,Hegde,Male,H011,D014,IT Support,Full-Time,71738.42,2011-03-20,9568972066,abhinav.hegde66@rediffmail.com
EMP00046,Mohan,Iyengar,Male,H005,,Housekeeping Staff,Part-Time,53575.28,2016-03-25,9847508961,mohan.iyengar49@gmail.com
EMP00047,Chandran,Hegde,Male,H005,D006,Ward Boy,Full-Time,81439.54,2013-09-15,9210405426,chandran.hegde2@yahoo.com
EMP00048,Balaji,Ramanathan,Male,H004,D005,HR Executive,Full-Time,59134.11,2012-12-31,9335412700,balaji.ramanathan20@outlook.com
EMP00049,Shobha,Naidu,Female,H020,D027,Security Staff,Full-Time,103517.21,2006-02-23,9802496633,shobha.naidu43@outlook.com
EMP00050,Uday,Rao,F,H005,D006,Pharmacist,Part-Time,103315.98,2025-11-09,9146943592,uday.rao84@yahoo.com
EMP00051,Senthil,Menon,Male,H003,D003,Security Staff,Full-Time,34884.01,2014-08-08,9968742560,senthil.menon38@rediffmail.com
EMP00052,Tara,Reddy,Female,H006,D007,Lab Technician,Part-Time,39653.77,2016-10-29,9559392098,tara.reddy50@outlook.com
EMP00053,Ganesh,Gowda,Male,H010,D013,Housekeeping Staff,Full-Time,53416.6,2012-03-20,9949216207,ganesh.gowda75@outlook.com
EMP00054,Anand,Venkatesh,Male,H014,D018,Administrator,Full-Time,90088.17,2017-04-02,9903397155,anand.venkatesh64@yahoo.com
EMP00055,Mohan,Iyer,Male,H011,D014,Receptionist,Part-Time,52995.79,2009-06-08,9618564798,mohan.iyer30@yahoo.com
EMP00056,Chandran,Chetty,m,H001,D001,HR Executive,Full-Time,108182.34,2008-11-21,9201500570,chandran.chetty83@gmail.com
EMP00057,Yamuna,Kamath,Female,H016,D021,Receptionist,Part-Time,79787.44,2016-12-14,9590633819,yamuna.kamath35@gmail.com
EMP00058,Vani,Natarajan,Female,H008,D011,IT Support,Full-Time,33008.33,2018-12-20,9761654203,vani.natarajan23@outlook.com
EMP00059,Suresh,Menon,Male,H025,D033,IT Support,Contract,73121.03,2018-01-05,9028590635,suresh.menon11@outlook.com
EMP00060,Charitha,Venkatesh,Female,H021,D028,Accountant,Full-Time,67720.95,2025-02-16,9384043234,charitha.venkatesh70@yahoo.com
EMP00061,Aishwarya,Iyer,Female,H017,D022,Housekeeping Staff,Full-Time,101325.58,2014-10-05,9092091448,aishwarya.iyer35@gmail.com
EMP00062,Tarun,Mudaliar,Male,H014,D018,Staff Nurse,Part-Time,51466.53,2006-04-07,9430897484,tarun.mudaliar46@yahoo.com
EMP00063,Shobha,Hegde,Female,H017,D022,Receptionist,Full-Time,52072.5,2007-02-26,9778028560,shobha.hegde45@gmail.com
EMP00064,Vani,Subramaniam,Female,H018,,IT Support,Part-Time,66944.35,2011-10-12,9434674071,vani.subramaniam28@rediffmail.com
EMP00065,Sandhya,Iyengar,Female,H005,D006,Radiology Technician,Full-Time,62561.63,2020-06-01,9387820349,sandhya.iyengar85@outlook.com
EMP00066,Divya,Venkatesh,Female,H021,D028,Receptionist,Part-Time,108290.96,2024-01-25,9834005113,divya.venkatesh87@gmail.com
EMP00067,Yamuna,Subramaniam,Female,H026,D034,Ward Boy,Full-Time,18727.87,2007-11-27,9100095097,yamuna.subramaniam85@gmail.com
EMP00068,Manasa,Hegde,Female,H012,D015,Staff Nurse,Full-Time,28250.09,2024-06-09,9185431967,manasa.hegde18@outlook.com
EMP00069,Rajesh,Varma,Male,H014,D018,Pharmacist,Full-Time,99096.58,2021-03-27,9633848794,rajesh.varma51@outlook.com
EMP00070,Gayathri,Shetty,M,H005,D006,Lab Technician,Part-Time,112285.86,2008-11-28,9746508564,gayathri.shetty68@yahoo.com
EMP00071,Vijay,Reddappa,Male,H004,D005,Security Staff,Full-Time,45047.83,2008-02-11,9641010593,vijay.reddappa25@yahoo.com
EMP00072,Arun,Iyengar,Male,H021,,Accountant,Full-Time,84503.72,2009-07-18,9778171743,arun.iyengar47@outlook.com
EMP00073,Srinivas,Achari,Male,H012,D015,Housekeeping Staff,Part-Time,47290.24,2013-05-24,9275950485,srinivas.achari13@gmail.com
EMP00074,Kavya,Iyer,Female,H022,D029,Administrator,Full-Time,88151.1,2009-06-15,9607727517,kavya.iyer8@gmail.com
EMP00075,Srinivas,Pillai,Male,H028,D038,Security Staff,Full-Time,35291.17,2006-09-10,9804411904,srinivas.pillai86@outlook.com
EMP00076,Mohan,Reddy,Male,H005,D006,Receptionist,Full-Time,35675.29,2012-11-30,9860916585,mohan.reddy81@yahoo.com
EMP00077,Kala,Panicker,Female,H002,D002,Accountant,Full-Time,90598.81,2005-12-11,9048048330,kala.panicker24@yahoo.com
EMP00078,Ramya,Bhat,Female,H014,D018,Lab Technician,Part-Time,74301.08,2014-10-25,9351122503,ramya.bhat18@yahoo.com
EMP00079,Aishwarya,Rao,Female,H010,D013,Administrator,Full-Time,20724.87,2020-05-21,9565523687,aishwarya.rao20@outlook.com
EMP00080,Anitha,Natarajan,Female,H019,D024,Housekeeping Staff,Full-Time,35590.52,2008-11-08,9020570819,anitha.natarajan97@outlook.com
EMP00081,Anitha,Iyengar,Female,H001,D001,Administrator,Part-Time,88540.31,2021-06-30,9129957412,anitha.iyengar3@outlook.com
EMP00082,Prakash,Reddy,Male,H017,,Security Staff,Part-Time,56597.7,2012-11-14,9705924686,prakash.reddy42@rediffmail.com
EMP00083,Krishnan,Venkatesh,Male,H015,,Housekeeping Staff,Full-Time,33583.47,2007-06-05,9148244178,krishnan.venkatesh90@gmail.com
EMP00084,Yogesh,Balasubramaniam,Male,H026,D035,Receptionist,Full-Time,101358.24,2022-11-10,9119884419,yogesh.balasubramaniam23@rediffmail.com
EMP00085,Vijay,Gopalakrishnan,Male,H028,D037,Housekeeping Staff,Full-Time,28743.98,2012-07-07,9596205429,vijay.gopalakrishnan28@yahoo.com
EMP00086,Venkatesh,Panicker,Male,H025,D033,Radiology Technician,Full-Time,30277.39,2013-11-09,9563467466,venkatesh.panicker19@rediffmail.com
EMP00087,Sandhya,Rao,Female,H015,D019,Housekeeping Staff,Full-Time,88988.35,2014-02-24,9207424548,sandhya.rao36@yahoo.com
EMP00088,Mohan,Bhat,Male,H016,D021,Pharmacist,Full-Time,94119.58,2012-08-28,9141305257,mohan.bhat40@rediffmail.com
EMP00089,Senthil,Shetty,Male,H007,D009,Administrator,Full-Time,89389.26,2011-12-17,9541586621,senthil.shetty95@gmail.com
EMP00090,Jyothi,Sarma,Female,H022,D030,Radiology Technician,Full-Time,31652.16,2021-06-08,9995397340,jyothi.sarma82@rediffmail.com
EMP00091,Mahesh,Iyer,Male,H029,,Administrator,Full-Time,105182.09,2017-06-05,9294692417,mahesh.iyer85@rediffmail.com
EMP00092,Radha,Gopalakrishnan,Female,H011,D014,Pharmacist,Full-Time,54682.5,2020-03-31,9720285606,radha.gopalakrishnan95@rediffmail.com
EMP00093,Krishnan,Naicker,Male,H017,D022,Radiology Technician,Full-Time,58026.19,2013-08-16,9907212092,krishnan.naicker88@rediffmail.com
EMP00094,Kavya,Balasubramaniam,Female,H014,D018,IT Support,Full-Time,36875.77,2011-06-16,9914368907,kavya.balasubramaniam89@outlook.com
EMP00095,Naveen,Balasubramaniam,Male,H007,D008,Staff Nurse,Full-Time,72416.89,2005-11-25,9757587338,naveen.balasubramaniam82@outlook.com
EMP00096,Pradeep,Iyer,Male,H018,D023,Ward Boy,Full-Time,62429.85,2024-04-09,9071960036,pradeep.iyer95@yahoo.com
EMP00097,Geetha,Krishnan,Female,H005,D006,Lab Technician,Full-Time,20811.21,2014-05-29,9946537003,geetha.krishnan11@yahoo.com
EMP00098,Abhinav,Mudaliar,Male,H001,,IT Support,Part-Time,49206.9,2009-09-17,9232885793,abhinav.mudaliar42@gmail.com
EMP00099,Raghav,Naidu,m,H024,D032,Security Staff,Full-Time,114099.14,2022-08-17,9674983902,raghav.naidu70@yahoo.com
EMP00100,Prakash,Gopalakrishnan,Male,H026,D035,Lab Technician,Part-Time,118496.13,2018-05-24,9492204737,prakash.gopalakrishnan17@rediffmail.com
EMP00101,Karthik,Sarma,Male,H027,D036,IT Support,Full-Time,97516.05,2012-12-23,9719093941,karthik.sarma15@outlook.com
EMP00102,Vinod,Nair,Male,H008,D011,Housekeeping Staff,Part-Time,68954.67,2024-12-14,9704359449,vinod.nair9@gmail.com
EMP00103,Krishnan,Achari,Male,H021,D028,Radiology Technician,Full-Time,33904.04,2011-09-11,9295049597,krishnan.achari84@outlook.com
EMP00104,Mahesh,Reddy,Male,H011,D014,Staff Nurse,Full-Time,92291.47,2010-06-25,9451607314,mahesh.reddy67@outlook.com
EMP00105,Mohan,Shetty,Male,H005,D006,Housekeeping Staff,Full-Time,69597.46,2007-04-23,9391030358,mohan.shetty25@yahoo.com
EMP00106,Nithin,Ramanathan,Male,H015,D020,Housekeeping Staff,Full-Time,45915.84,2020-06-27,9986212977,nithin.ramanathan55@gmail.com
EMP00107,Lakshmi,Varma,Female,H028,D037,Staff Nurse,Contract,80774.73,2010-04-20,9000344337,lakshmi.varma44@rediffmail.com
EMP00108,Yogesh,Pillai,Male,H012,D015,IT Support,Full-Time,88334.22,2017-11-05,9345351780,yogesh.pillai56@rediffmail.com
EMP00109,Balaji,Iyengar,Male,H008,D010,Ward Boy,Full-Time,41431.38,2016-10-17,9335958996,balaji.iyengar29@rediffmail.com
EMP00110,Tarun,Ramanathan,Male,H025,D033,HR Executive,Full-Time,55372.6,2020-04-16,9822764471,tarun.ramanathan4@outlook.com
EMP00111,Harish,Sundaram,Male,H027,D036,Receptionist,Full-Time,29531.85,2019-10-19,9073162631,harish.sundaram59@yahoo.com
EMP00112,Harish,Achari,Male,H028,D037,Housekeeping Staff,Full-Time,119198.66,2013-05-19,9529372310,harish.achari2@yahoo.com
EMP00113,Pradeep,Venkatesh,Male,H019,D025,Administrator,Part-Time,85146.64,2020-07-24,9481885366,pradeep.venkatesh59@rediffmail.com
EMP00114,Anand,Iyengar,Male,H008,D011,Receptionist,Full-Time,30467.42,2013-02-13,9218823361,anand.iyengar54@rediffmail.com
EMP00115,Deepak,Balasubramaniam,f,H021,D028,Pharmacist,Contract,35813.14,2005-02-09,9275679951,deepak.balasubramaniam17@rediffmail.com
EMP00116,Ravi,Shetty,Male,H028,D037,Accountant,Part-Time,96401.48,2018-09-21,9868906779,ravi.shetty82@outlook.com
EMP00117,Chandran,Gopalakrishnan,Male,H012,D015,Housekeeping Staff,Part-Time,22228.07,2019-02-25,9482109830,chandran.gopalakrishnan79@rediffmail.com
EMP00118,Vidya,Murthy,Female,H004,D005,Administrator,Full-Time,29078.59,2015-11-04,9362691879,vidya.murthy33@rediffmail.com
EMP00119,Bhavya,Hegde,F,H002,,Radiology Technician,Part-Time,73903.26,2023-11-01,9194056303,bhavya.hegde19@yahoo.com
EMP00120,Haritha,Mudaliar,Female,H001,D001,Pharmacist,Full-Time,115958.49,2005-08-14,9957025692,haritha.mudaliar58@rediffmail.com
EMP00121,Sandhya,Chandrasekaran,Female,H025,D033,Housekeeping Staff,Full-Time,35655.06,2015-09-07,9827172494,sandhya.chandrasekaran70@gmail.com
EMP00122,Aishwarya,Iyengar,Female,H005,D006,IT Support,Full-Time,119296.88,2005-06-12,9732802423,aishwarya.iyengar88@gmail.com
EMP00123,Varun,Chetty,Male,H013,D017,Radiology Technician,Full-Time,52778.59,2012-11-13,9259567717,varun.chetty96@outlook.com
EMP00124,Yamuna,Hegde,Female,H024,,Housekeeping Staff,Full-Time,91593.47,2018-06-06,9116104934,yamuna.hegde82@gmail.com
EMP00125,Sathish,Menon,Male,H015,,Accountant,Full-Time,59219.74,2017-03-30,9651990304,sathish.menon47@rediffmail.com
EMP00126,Arun,Reddappa,Male,H013,D016,Staff Nurse,Full-Time,119740.5,2011-11-15,9282346195,arun.reddappa83@gmail.com
EMP00127,Keerthana,Panicker,Female,H004,D005,Administrator,Full-Time,52697.8,2007-02-19,9842753953,keerthana.panicker25@yahoo.com
EMP00128,Sangeetha,Natarajan,Female,H029,D039,Housekeeping Staff,Full-Time,64964.95,2005-07-19,9924772913,sangeetha.natarajan67@gmail.com
EMP00129,Sandeep,Pillai,Male,H002,D002,Radiology Technician,Full-Time,38243.64,2022-12-19,9218100971,sandeep.pillai16@yahoo.com
EMP00130,Manoj,Reddy,Male,H028,D038,IT Support,Full-Time,56244.54,2018-12-20,9970433005,manoj.reddy61@gmail.com
EMP00131,Meena,Panicker,Female,H021,D028,Accountant,Full-Time,54052.14,2010-10-04,9487011055,meena.panicker56@yahoo.com
EMP00132,Charitha,Balasubramaniam,Female,H005,D006,HR Executive,Full-Time,85782.43,2025-07-08,9931166386,charitha.balasubramaniam68@rediffmail.com
EMP00133,Harish,Sarma,Male,H016,D021,Lab Technician,Full-Time,90529.53,2024-10-13,9081090488,harish.sarma27@yahoo.com
EMP00134,Elango,Sundaram,Male,H022,D029,Pharmacist,Full-Time,78478.38,2016-09-28,9017409738,elango.sundaram86@gmail.com
EMP00135,Manasa,Menon,Female,H013,D017,HR Executive,Full-Time,58992.84,2014-09-03,9366929184,manasa.menon5@yahoo.com
EMP00136,Vijay,Varma,Male,H005,D006,Lab Technician,Contract,21741.02,2015-05-09,9558283476,vijay.varma54@gmail.com
EMP00137,Jyothi,Sundaram,Female,H011,D014,Security Staff,Part-Time,98189.73,2015-12-17,9852366415,jyothi.sundaram86@yahoo.com
EMP00138,Ramesh,Chetty,Male,H017,,Radiology Technician,Full-Time,27346.62,2012-11-11,9387673209,ramesh.chetty59@yahoo.com
EMP00139,Charitha,Hegde,Female,H005,D006,Lab Technician,Part-Time,97110.03,2009-09-20,9143307969,charitha.hegde20@outlook.com
EMP00140,Deepak,Mudaliar,Male,H012,D015,Radiology Technician,Full-Time,113937.81,2023-08-19,9530127525,deepak.mudaliar42@rediffmail.com
EMP00141,Yogesh,Naicker,Male,H029,D039,HR Executive,Full-Time,84182.46,2008-07-12,9716908703,yogesh.naicker36@gmail.com
EMP00142,Vinod,Raman,Male,H028,D037,Ward Boy,Part-Time,39145.73,2021-11-09,9775529259,vinod.raman25@outlook.com
EMP00143,Dinesh,Balasubramaniam,Male,H021,D028,Security Staff,Part-Time,80882.91,2022-05-21,9539177868,dinesh.balasubramaniam49@outlook.com
EMP00144,Latha,Gowda,Female,H026,D035,Receptionist,Contract,36983.51,2017-08-18,9972674178,latha.gowda67@rediffmail.com
EMP00145,Manoj,Naicker,Male,H021,D028,Lab Technician,Full-Time,43957.38,2016-05-13,9438399508,manoj.naicker56@outlook.com
EMP00146,Raghav,Ramanathan,Male,H008,D011,Receptionist,Full-Time,48407.38,2006-05-24,9067854552,raghav.ramanathan42@gmail.com
EMP00147,Sandhya,Subramaniam,Female,H027,,Pharmacist,Full-Time,99668.27,2014-09-19,9326884524,sandhya.subramaniam36@gmail.com
EMP00148,Manasa,Venkatesh,Female,H024,D032,HR Executive,Full-Time,40630.8,2019-09-24,9909062373,manasa.venkatesh10@gmail.com
EMP00149,Vidya,Venkatesh,Female,H010,D013,Accountant,Full-Time,111093.9,2012-02-11,9212762598,vidya.venkatesh13@outlook.com
EMP00150,Prakash,Sundaram,Male,H002,,Staff Nurse,Full-Time,22420.3,2005-05-05,9860189533,prakash.sundaram59@gmail.com
EMP00151,Sandeep,Mudaliar,Male,H025,,Receptionist,Full-Time,84938.34,2006-04-26,9716921226,sandeep.mudaliar8@yahoo.com
EMP00152,Harish,Hegde,Male,H003,D003,IT Support,Full-Time,45853.86,2007-12-25,9388184631,harish.hegde84@yahoo.com
EMP00153,Anand,Bhat,Male,H012,D015,Pharmacist,Full-Time,109999.91,2015-08-23,9036208661,anand.bhat66@gmail.com
EMP00154,Shobha,Ramanathan,Female,H004,D005,Housekeeping Staff,Full-Time,46474.14,2006-10-30,9865022729,shobha.ramanathan7@gmail.com
EMP00155,Yamuna,Naicker,Female,H006,D007,Pharmacist,Full-Time,50696.21,2009-01-28,9740505019,yamuna.naicker71@rediffmail.com
EMP00156,Shobha,Naidu,Female,H005,D006,Lab Technician,Full-Time,69689.21,2009-10-03,9418125468,shobha.naidu63@yahoo.com
EMP00157,Indira,Panicker,Female,H030,D040,HR Executive,Contract,86562.72,2024-11-17,9673648407,indira.panicker8@gmail.com
EMP00158,Usha,Gopalakrishnan,Female,H030,,IT Support,Full-Time,57098.67,2014-05-18,9252707980,usha.gopalakrishnan38@outlook.com
EMP00159,Ishwarya,Reddy,Female,H030,D040,Receptionist,Full-Time,88778.23,2005-07-01,9437009852,ishwarya.reddy7@outlook.com
EMP00160,Krishnan,Gopalakrishnan,Male,H030,,Accountant,Full-Time,61149.59,2007-12-05,9005475611,krishnan.gopalakrishnan48@outlook.com
EMP00161,Manoj,Naidu,Male,H014,D018,Receptionist,Full-Time,62776.53,2018-12-17,9560338168,manoj.naidu89@rediffmail.com
EMP00162,Naveen,Gowda,Male,H008,D011,Lab Technician,Full-Time,66808.05,2013-05-18,9320003799,naveen.gowda23@outlook.com
EMP00163,Bhavani,Gopalakrishnan,Female,H016,D021,Security Staff,Full-Time,26304.94,2021-03-23,9764099872,bhavani.gopalakrishnan49@rediffmail.com
EMP00164,Haritha,Sarma,Female,H004,D005,Administrator,Full-Time,39155.92,2021-10-22,9519350023,haritha.sarma58@gmail.com
EMP00165,Anand,Varma,Male,H028,D037,Pharmacist,Full-Time,114227.0,2021-02-01,9807198324,anand.varma85@rediffmail.com
EMP00166,Nandini,Rao,Female,H026,D034,Administrator,Full-Time,47878.62,2020-04-17,9828451851,nandini.rao3@rediffmail.com
EMP00167,Lakshmi,Kamath,Female,H013,D017,Radiology Technician,Full-Time,112600.75,2010-09-02,9551862929,lakshmi.kamath70@yahoo.com
EMP00168,Nandini,Balasubramaniam,Female,H008,D010,Accountant,Full-Time,40816.41,2018-01-14,9225274904,nandini.balasubramaniam87@yahoo.com
EMP00169,Prakash,Iyengar,Male,H003,D004,Ward Boy,Full-Time,117202.57,2019-12-01,9022004276,prakash.iyengar79@outlook.com
EMP00170,Ashok,Chetty,Male,H009,D012,Accountant,Contract,114262.23,2017-02-16,9969592973,ashok.chetty17@yahoo.com
EMP00171,Bhavani,Panicker,Female,H030,D040,Accountant,Full-Time,94129.99,2018-02-09,9783970573,bhavani.panicker66@rediffmail.com
EMP00172,Pradeep,Venkatesh,Male,H005,D006,Housekeeping Staff,Full-Time,100686.88,2022-02-21,9279357258,pradeep.venkatesh49@rediffmail.com
EMP00173,Vijay,Subramaniam,m,H002,D002,Security Staff,Full-Time,74729.76,2014-09-03,9496768045,vijay.subramaniam78@rediffmail.com
EMP00174,Gopal,Shetty,Male,H021,D028,Housekeeping Staff,Full-Time,98948.41,2015-11-06,9523540013,gopal.shetty59@outlook.com
EMP00175,Mahesh,Gowda,Male,H023,D031,Lab Technician,Full-Time,25320.85,2016-01-27,9443194944,mahesh.gowda13@rediffmail.com
EMP00176,Sandhya,Balasubramaniam,Female,H016,D021,Ward Boy,Full-Time,69646.21,2006-09-23,9140090517,sandhya.balasubramaniam23@rediffmail.com
EMP00177,Naveen,Raman,Male,H027,D036,Security Staff,Full-Time,81413.23,2021-12-03,9651494188,naveen.raman4@yahoo.com
EMP00178,Kala,Shetty,Female,H028,D038,IT Support,Full-Time,55287.64,2023-02-03,9506047915,kala.shetty87@rediffmail.com
EMP00179,Ganesh,Gowda,Male,H005,D006,Administrator,Part-Time,24291.63,2008-02-25,9071138413,ganesh.gowda26@rediffmail.com
EMP00180,Indira,Gopalakrishnan,Female,H024,D032,HR Executive,Full-Time,30909.28,2016-10-15,9322641482,indira.gopalakrishnan76@yahoo.com
EMP00181,Bhavya,Chetty,Female,H007,D008,Housekeeping Staff,Full-Time,25007.39,2023-06-25,9748206366,bhavya.chetty65@yahoo.com
EMP00182,Mohan,Varma,Male,H008,D010,HR Executive,Full-Time,102382.29,2020-07-25,9910609392,mohan.varma27@outlook.com
EMP00183,Dinesh,Menon,Male,H014,D018,Lab Technician,Full-Time,68334.71,2020-01-02,9784091480,dinesh.menon96@yahoo.com
EMP00184,Elango,Ramanathan,Male,H011,D014,Receptionist,Full-Time,32930.5,2006-06-21,9962262454,elango.ramanathan83@yahoo.com
EMP00185,Pradeep,Gopalakrishnan,Male,H012,D015,Receptionist,Full-Time,33667.73,2008-05-28,9682932679,pradeep.gopalakrishnan24@yahoo.com
EMP00186,Varun,Krishnan,Male,H011,D014,Ward Boy,Full-Time,44211.31,2014-05-07,9316040037,varun.krishnan91@rediffmail.com
EMP00187,Pradeep,Shetty,Male,H003,D003,Receptionist,Full-Time,49419.3,2018-06-08,9063336091,pradeep.shetty71@yahoo.com
EMP00188,Pradeep,Shetty,Male,H017,D022,HR Executive,Full-Time,33626.87,2022-03-15,9822179451,pradeep.shetty80@gmail.com
EMP00189,Arun,Ramanathan,Male,H019,D024,Receptionist,Full-Time,114118.45,2013-09-19,9651415485,arun.ramanathan97@outlook.com
EMP00190,Radha,Naidu,m,H015,D019,Security Staff,Full-Time,93230.06,2012-03-16,9651778213,radha.naidu78@outlook.com
EMP00191,Elango,Nair,Male,H024,D032,Radiology Technician,Full-Time,54389.73,2014-09-19,9012271812,elango.nair42@rediffmail.com
EMP00192,Lokesh,Reddappa,M,H026,D034,IT Support,Full-Time,105828.35,2009-10-04,9728253620,lokesh.reddappa92@yahoo.com
EMP00193,Anand,Kamath,Male,H010,D013,Security Staff,Part-Time,88295.45,2018-07-15,9070000256,anand.kamath16@rediffmail.com
EMP00194,Suresh,Varma,Male,H007,D008,Administrator,Full-Time,92023.3,2007-03-22,9210054012,suresh.varma2@yahoo.com
EMP00195,Ravi,Panicker,Male,H016,,Pharmacist,Full-Time,89649.53,2006-12-08,9618563374,ravi.panicker38@rediffmail.com
EMP00196,Gopal,Shetty,Male,H024,D032,Accountant,Full-Time,46782.15,2010-06-20,9163102376,gopal.shetty23@gmail.com
EMP00197,Mahesh,Hegde,Male,H021,D028,Ward Boy,Contract,75925.49,2019-05-04,9294316804,mahesh.hegde97@yahoo.com
EMP00198,Vidya,Rao,Female,H012,D015,Ward Boy,Full-Time,71202.91,2016-10-30,9591608273,vidya.rao89@outlook.com
EMP00199,Varun,Pillai,Male,H004,D005,IT Support,Full-Time,57273.88,2012-05-16,9774925443,varun.pillai6@gmail.com
EMP00200,Lokesh,Mudaliar,Male,H009,D012,Staff Nurse,Contract,109511.02,2008-10-19,9982103780,lokesh.mudaliar78@gmail.com
EMP00201,Keerthana,Shetty,Female,H017,,Radiology Technician,Full-Time,47020.56,2015-07-10,9014958457,keerthana.shetty69@gmail.com
EMP00202,Elango,Sundaram,Male,H005,D006,Ward Boy,Full-Time,116869.9,2011-10-03,9234389135,elango.sundaram38@rediffmail.com
EMP00203,Vani,Menon,f,H012,D015,Accountant,Full-Time,75060.62,2009-06-09,9574999014,vani.menon26@yahoo.com
EMP00204,Deepa,Panicker,Female,H008,D011,Ward Boy,Full-Time,72237.93,2009-11-06,9598642498,deepa.panicker14@yahoo.com
EMP00205,Deepak,Krishnan,Male,H002,D002,Administrator,Full-Time,68740.89,2017-01-23,9496163426,deepak.krishnan71@gmail.com
EMP00206,Vidya,Venkatesh,Female,H018,D023,Lab Technician,Full-Time,98499.67,2012-06-26,9901000440,vidya.venkatesh17@rediffmail.com
EMP00207,Ashok,Gopalakrishnan,Male,H008,D011,Radiology Technician,Full-Time,49962.09,2010-06-07,9036086662,ashok.gopalakrishnan55@rediffmail.com
EMP00208,Jayanthi,Hegde,Female,H005,D006,Staff Nurse,Part-Time,21602.08,2025-10-01,9034533052,jayanthi.hegde79@rediffmail.com
EMP00209,Krishnan,Varma,Male,H019,D024,IT Support,Full-Time,107369.78,2006-08-01,9806193273,krishnan.varma87@outlook.com
EMP00210,Sandeep,Raman,Male,H009,D012,Pharmacist,Full-Time,102957.44,2008-09-04,9552953937,sandeep.raman79@outlook.com
EMP00211,Abhinav,Achari,Male,H026,D034,Pharmacist,Full-Time,100054.91,2007-02-25,9162609070,abhinav.achari66@rediffmail.com
EMP00212,Latha,Chandrasekaran,Female,H026,D034,Security Staff,Contract,30517.09,2005-06-22,9834013806,latha.chandrasekaran11@outlook.com
EMP00213,Bhavya,Menon,Female,H005,,Radiology Technician,Full-Time,106064.17,2013-03-05,9675443496,bhavya.menon46@yahoo.com
EMP00214,Kavya,Reddy,Female,H005,D006,Receptionist,Full-Time,62546.5,2020-02-09,9093492945,kavya.reddy15@outlook.com
EMP00215,Sandhya,Varma,Female,H004,D005,Staff Nurse,Part-Time,94272.16,2011-02-20,9562052242,sandhya.varma6@rediffmail.com
EMP00216,Tarun,Naicker,F,H002,D002,Security Staff,Full-Time,64955.08,2024-08-18,9677365372,tarun.naicker6@rediffmail.com
EMP00217,Varun,Varma,Male,H004,D005,Lab Technician,Full-Time,18208.23,2023-04-18,9623430212,varun.varma64@gmail.com
EMP00218,Usha,Panicker,Female,H004,D005,Administrator,Contract,54216.45,2014-12-04,9018924026,usha.panicker33@yahoo.com
EMP00219,Harish,Sarma,Male,H027,D036,Radiology Technician,Full-Time,75085.75,2014-12-17,9886604083,harish.sarma32@yahoo.com
EMP00220,Deepak,Nair,Male,H005,D006,Ward Boy,Full-Time,90563.92,2025-09-15,9415051524,deepak.nair29@gmail.com
EMP00221,Varun,Sundaram,Male,H030,D040,Housekeeping Staff,Full-Time,51137.92,2009-09-17,9192796050,varun.sundaram2@rediffmail.com
EMP00222,Manoj,Iyengar,Male,H006,D007,Security Staff,Full-Time,54660.04,2014-01-06,9356164146,manoj.iyengar91@yahoo.com
EMP00223,Varun,Venkatesh,Male,H010,D013,Lab Technician,Contract,45375.99,2014-11-13,9618099012,varun.venkatesh51@yahoo.com
EMP00224,Sandhya,Gopalakrishnan,Female,H013,D016,Housekeeping Staff,Part-Time,104541.4,2013-09-30,9716773246,sandhya.gopalakrishnan55@gmail.com
EMP00225,Hema,Iyengar,Female,H028,D038,Accountant,Contract,75088.52,2022-08-05,9566223507,hema.iyengar95@rediffmail.com
EMP00226,Ramesh,Subramaniam,Male,H011,D014,Accountant,Full-Time,81662.86,2014-05-01,9330011972,ramesh.subramaniam84@rediffmail.com
EMP00227,Nandini,Panicker,Female,H005,D006,IT Support,Full-Time,45033.56,2008-11-01,9171171744,nandini.panicker72@rediffmail.com
EMP00228,Ashok,Hegde,Male,H005,D006,HR Executive,Part-Time,57522.03,2017-05-08,9712970852,ashok.hegde45@rediffmail.com
EMP00229,Ravi,Gowda,F,H005,D006,Receptionist,Contract,56594.2,2024-04-03,9348709722,ravi.gowda20@yahoo.com
EMP00230,Usha,Murthy,Female,H004,D005,Staff Nurse,Contract,52603.77,2013-04-24,9688207476,usha.murthy63@rediffmail.com
EMP00231,Mohan,Bhat,Male,H001,D001,Accountant,Full-Time,111147.6,2010-08-18,9270212779,mohan.bhat31@gmail.com
EMP00232,Divya,Raman,Female,H003,D003,Radiology Technician,Full-Time,91477.35,2015-02-10,9281725961,divya.raman45@rediffmail.com
EMP00233,Lakshmi,Varma,Female,H024,D032,HR Executive,Full-Time,63435.75,2005-04-06,9613841476,lakshmi.varma40@gmail.com
EMP00234,Deepika,Krishnan,Female,H025,D033,Lab Technician,Full-Time,47422.44,2007-09-30,9179359931,deepika.krishnan48@rediffmail.com
EMP00235,Vinod,Sundaram,Male,H015,D019,Administrator,Full-Time,87152.13,2006-01-13,9683375009,vinod.sundaram33@yahoo.com
EMP00236,Karthik,Natarajan,Male,H005,D006,Staff Nurse,Full-Time,49033.91,2024-01-09,9529042254,karthik.natarajan50@outlook.com
EMP00237,Prakash,Mudaliar,Male,H028,,Ward Boy,Contract,47103.1,2023-05-06,9159153796,prakash.mudaliar35@yahoo.com
EMP00238,Ashok,Raman,Male,H018,D023,HR Executive,Full-Time,74333.36,2019-09-29,9669366316,ashok.raman79@outlook.com
EMP00239,Divya,Gowda,Female,H006,D007,Staff Nurse,Full-Time,83614.93,2006-10-18,9807276191,divya.gowda15@outlook.com
EMP00240,Kavya,Reddappa,Female,H005,D006,Accountant,Full-Time,22638.09,2005-01-02,9014040417,kavya.reddappa38@outlook.com
EMP00241,Latha,Murthy,M,H022,,Staff Nurse,Full-Time,91802.47,2025-07-19,9603432718,latha.murthy85@gmail.com
EMP00242,Vijay,Mudaliar,Male,H006,D007,Radiology Technician,Full-Time,21829.87,2015-02-17,9002068373,vijay.mudaliar99@yahoo.com
EMP00243,Indira,Reddy,Female,H028,D038,Receptionist,Full-Time,107470.15,2025-04-08,9522168174,indira.reddy78@yahoo.com
EMP00244,Devi,Sarma,Female,H024,D032,Receptionist,Full-Time,97319.47,2010-10-25,9702000473,devi.sarma67@yahoo.com
EMP00245,Ravi,Hegde,Male,H009,D012,Radiology Technician,Contract,92384.81,2017-07-18,9881993695,ravi.hegde72@outlook.com
EMP00246,Jyothi,Kamath,Female,H024,D032,Ward Boy,Full-Time,62452.82,2007-09-05,9621937397,jyothi.kamath17@gmail.com
EMP00247,Tarun,Murthy,Male,H001,D001,Radiology Technician,Part-Time,119990.38,2014-07-22,9295418406,tarun.murthy32@gmail.com
EMP00248,Varun,Reddappa,Male,H017,D022,IT Support,Full-Time,109102.99,2025-01-27,9171641104,varun.reddappa39@yahoo.com
EMP00249,Mohan,Kamath,Male,H002,D002,Accountant,Full-Time,43212.87,2012-03-19,9029940067,mohan.kamath81@yahoo.com
EMP00250,Malini,Bhat,Female,H003,D004,Security Staff,Part-Time,60054.57,2023-12-27,9353793094,malini.bhat63@rediffmail.com
EMP00251,Deepa,Subramaniam,Female,H015,D019,IT Support,Full-Time,70894.52,2025-11-13,9722798795,deepa.subramaniam61@outlook.com
EMP00252,Vani,Sarma,Female,H027,D036,Housekeeping Staff,Full-Time,80514.53,2023-09-16,9719993702,vani.sarma78@gmail.com
EMP00253,Kiran,Kamath,Male,H026,,Accountant,Full-Time,89666.51,2024-04-24,9528721295,kiran.kamath43@gmail.com
EMP00254,Kavya,Kamath,Female,H022,D030,Radiology Technician,Full-Time,90409.68,2025-05-30,9211033034,kavya.kamath32@gmail.com
EMP00255,Jayanthi,Iyengar,Female,H001,D001,Security Staff,Contract,119795.85,2011-04-29,9730304859,jayanthi.iyengar30@outlook.com
EMP00256,Yamuna,Reddappa,Female,H013,D017,HR Executive,Full-Time,49107.76,2012-04-21,9149177893,yamuna.reddappa12@yahoo.com
EMP00257,Yamuna,Chandrasekaran,Female,H013,D016,IT Support,Full-Time,23744.61,2017-03-01,9857068886,yamuna.chandrasekaran38@outlook.com
EMP00258,Bhavya,Chetty,m,H021,D028,Receptionist,Contract,38423.91,2009-03-19,9207380089,bhavya.chetty47@outlook.com
EMP00259,Gopal,Krishnan,Male,H013,D016,Pharmacist,Contract,58809.96,2021-06-21,9115255919,gopal.krishnan96@yahoo.com
EMP00260,Karthik,Varma,Male,H023,D031,Staff Nurse,Full-Time,66867.56,2011-05-29,9367574366,karthik.varma69@rediffmail.com
EMP00261,Deepak,Bhat,Male,H001,,Security Staff,Full-Time,63633.89,2009-01-23,9610041364,deepak.bhat43@rediffmail.com
EMP00262,Uday,Sundaram,Male,H025,D033,Radiology Technician,Full-Time,93481.83,2012-11-25,9685597493,uday.sundaram45@gmail.com
EMP00263,Sathish,Subramaniam,f,H024,D032,Housekeeping Staff,Full-Time,65442.58,2024-10-01,9601849988,sathish.subramaniam14@rediffmail.com
EMP00264,Usha,Gowda,Female,H001,D001,Accountant,Full-Time,75352.22,2005-12-12,9863635603,usha.gowda45@outlook.com
EMP00265,Radha,Sundaram,Female,H023,,Receptionist,Full-Time,76387.66,2015-02-15,9492698795,radha.sundaram51@yahoo.com
EMP00266,Ravi,Menon,Male,H002,D002,Security Staff,Full-Time,24482.19,2013-12-18,9884913040,ravi.menon78@outlook.com
EMP00267,Anitha,Hegde,Female,H009,D012,Accountant,Full-Time,63690.46,2008-10-12,9962239225,anitha.hegde45@rediffmail.com
EMP00268,Sangeetha,Achari,f,H007,D009,Receptionist,Contract,81917.9,2018-11-03,9001539743,sangeetha.achari40@rediffmail.com
EMP00269,Vijay,Shetty,Male,H027,D036,Administrator,Full-Time,109063.55,2018-10-14,9992829352,vijay.shetty84@rediffmail.com
EMP00270,Malini,Sundaram,Female,H006,D007,Radiology Technician,Full-Time,118090.09,2012-07-28,9591981543,malini.sundaram30@yahoo.com
EMP00271,Ishwarya,Sarma,F,H018,D023,HR Executive,Full-Time,24208.03,2023-12-09,9463954397,ishwarya.sarma74@rediffmail.com
EMP00272,Nithin,Chandrasekaran,Male,H001,D001,Housekeeping Staff,Full-Time,26597.88,2007-08-10,9531962216,nithin.chandrasekaran19@yahoo.com
EMP00273,Keerthana,Subramaniam,Female,H008,D010,Accountant,Full-Time,84704.16,2016-06-01,9135874325,keerthana.subramaniam23@outlook.com
EMP00274,Tara,Subramaniam,Female,H012,D015,Accountant,Full-Time,105469.78,2016-09-08,9306904868,tara.subramaniam79@yahoo.com
EMP00275,Gayathri,Krishnan,Female,H012,D015,IT Support,Full-Time,46021.95,2007-12-21,9636474900,gayathri.krishnan63@yahoo.com
EMP00276,Kavya,Chandrasekaran,F,H015,,Receptionist,Contract,118070.13,2019-04-23,9459648064,kavya.chandrasekaran78@yahoo.com
EMP00277,Pradeep,Pillai,Male,H024,D032,Administrator,Full-Time,104439.87,2009-04-14,9069829931,pradeep.pillai49@outlook.com
EMP00278,Sangeetha,Shetty,Female,H011,D014,Accountant,Full-Time,119943.87,2008-02-07,9783366058,sangeetha.shetty4@rediffmail.com
EMP00279,Jyothi,Gopalakrishnan,Female,H005,D006,Housekeeping Staff,Full-Time,92330.92,2010-04-09,9664839922,jyothi.gopalakrishnan8@outlook.com
EMP00280,Radha,Iyer,Female,H005,D006,Housekeeping Staff,Full-Time,67959.33,2016-09-18,9625312580,radha.iyer92@rediffmail.com
EMP00281,Sangeetha,Gowda,Female,H007,D008,Receptionist,Full-Time,55435.0,2013-05-16,9932609196,sangeetha.gowda4@yahoo.com
EMP00282,Arun,Naidu,Male,H029,D039,Ward Boy,Full-Time,82929.33,2014-06-14,9234323972,arun.naidu13@outlook.com
EMP00283,Ramya,Gopalakrishnan,F,H025,D033,Staff Nurse,Full-Time,64871.21,2015-11-03,9123087044,ramya.gopalakrishnan95@gmail.com
EMP00284,Naveen,Kamath,Male,H007,D008,Administrator,Full-Time,84203.06,2007-08-21,9840322318,naveen.kamath68@rediffmail.com
EMP00285,Chitra,Bhat,Female,H021,D028,Lab Technician,Full-Time,55611.5,2025-12-20,9274009344,chitra.bhat11@gmail.com
EMP00286,Ramya,Chandrasekaran,Female,H016,D021,Staff Nurse,Full-Time,45034.86,2022-06-25,9603358915,ramya.chandrasekaran99@outlook.com
EMP00287,Aishwarya,Menon,Female,H023,,IT Support,Full-Time,64312.74,2007-07-18,9113974277,aishwarya.menon59@yahoo.com
EMP00288,Kavya,Nair,Female,H002,D002,HR Executive,Full-Time,44335.65,2009-03-12,9279848479,kavya.nair59@outlook.com
EMP00289,Mohan,Iyer,Male,H026,D035,Radiology Technician,Part-Time,51277.04,2021-12-06,9803503233,mohan.iyer55@outlook.com
EMP00290,Aishwarya,Iyer,F,H021,D028,Security Staff,Full-Time,58693.39,2022-03-24,9181035514,aishwarya.iyer76@rediffmail.com
EMP00291,Senthil,Murthy,Male,H019,D025,Housekeeping Staff,Full-Time,93152.96,2019-08-05,9915240040,senthil.murthy17@outlook.com
EMP00292,Prakash,Murthy,Male,H019,D025,Administrator,Full-Time,30124.09,2006-09-06,9723579888,prakash.murthy31@yahoo.com
EMP00293,Nithin,Rao,Male,H012,D015,Radiology Technician,Full-Time,34722.74,2013-07-10,9026725702,nithin.rao18@rediffmail.com
EMP00294,Jyothi,Chandrasekaran,Female,H022,,Housekeeping Staff,Full-Time,23067.75,2011-05-04,9788185546,jyothi.chandrasekaran3@rediffmail.com
EMP00295,Kiran,Achari,f,H017,,Administrator,Full-Time,63182.99,2010-10-24,9483761426,kiran.achari1@rediffmail.com
EMP00296,Indira,Kamath,Female,H002,D002,Accountant,Part-Time,99666.13,2012-01-02,9488353605,indira.kamath74@outlook.com
EMP00297,Lokesh,Iyer,Male,H021,D028,Lab Technician,Full-Time,81676.19,2005-02-19,9209844414,lokesh.iyer7@gmail.com
EMP00298,Geetha,Reddappa,Female,H005,D006,Administrator,Contract,96298.28,2017-05-19,9969447511,geetha.reddappa59@rediffmail.com
EMP00299,Jayanthi,Naicker,Female,H016,D021,Administrator,Full-Time,65167.8,2023-07-20,9675017785,jayanthi.naicker8@yahoo.com
EMP00300,Muthu,Kamath,Male,H002,D002,Receptionist,Full-Time,91935.27,2010-12-24,9382449742,muthu.kamath38@outlook.com
EMP00301,Elango,Naicker,Male,H013,D016,HR Executive,Full-Time,21774.96,2011-10-21,9404857543,elango.naicker60@yahoo.com
EMP00302,Harish,Kamath,Male,H012,D015,Ward Boy,Full-Time,117838.84,2024-11-28,9951348272,harish.kamath72@outlook.com
EMP00303,Raghav,Achari,Male,H013,D016,Security Staff,Full-Time,102805.14,2024-03-19,9560868721,raghav.achari43@gmail.com
EMP00304,Varun,Gopalakrishnan,Male,H021,,IT Support,Full-Time,116474.38,2022-05-19,9501457364,varun.gopalakrishnan48@outlook.com
EMP00305,Vani,Rao,M,H003,D004,Security Staff,Full-Time,92355.97,2011-04-25,9910401375,vani.rao11@rediffmail.com
EMP00306,Vinod,Mudaliar,Male,H001,D001,Ward Boy,Full-Time,80033.0,2015-11-24,9085413499,vinod.mudaliar7@outlook.com
EMP00307,Vani,Reddy,Female,H007,D008,HR Executive,Full-Time,68142.43,2011-07-29,9666838906,vani.reddy94@outlook.com
EMP00308,Tarun,Naicker,Male,H029,D039,Accountant,Full-Time,27440.74,2023-11-02,9875076339,tarun.naicker65@rediffmail.com
EMP00309,Ravi,Panicker,Male,H023,D031,Receptionist,Full-Time,25150.76,2009-12-06,9683344363,ravi.panicker46@outlook.com
EMP00310,Chitra,Naidu,Female,H029,D039,Security Staff,Full-Time,23007.42,2019-06-09,9613169929,chitra.naidu87@gmail.com
EMP00311,Sandhya,Gopalakrishnan,Female,H012,D015,Radiology Technician,Part-Time,82989.82,2016-05-23,9699933626,sandhya.gopalakrishnan19@rediffmail.com
EMP00312,Charitha,Murthy,Female,H023,D031,Pharmacist,Full-Time,88495.84,2014-11-09,9853261955,charitha.murthy53@gmail.com
EMP00313,Shobha,Gopalakrishnan,Female,H025,D033,Administrator,Full-Time,43649.61,2022-03-16,9845682566,shobha.gopalakrishnan48@outlook.com
EMP00314,Prakash,Nair,Male,H012,D015,Ward Boy,Full-Time,106783.67,2016-09-07,9370990702,prakash.nair27@gmail.com
EMP00315,Dinesh,Venkatesh,f,H002,D002,Ward Boy,Full-Time,28159.78,2018-08-11,9376890604,dinesh.venkatesh55@outlook.com
EMP00316,Mohan,Chetty,Male,H024,D032,Housekeeping Staff,Full-Time,24342.41,2018-05-24,9870561607,mohan.chetty98@outlook.com
EMP00317,Latha,Mudaliar,Female,H012,D015,Radiology Technician,Full-Time,118605.34,2020-02-22,9115036032,latha.mudaliar90@rediffmail.com
EMP00318,Karthik,Naidu,Male,H019,D025,Lab Technician,Full-Time,33488.59,2006-01-19,9898278541,karthik.naidu43@gmail.com
EMP00319,Sandeep,Sundaram,Male,H023,D031,Staff Nurse,Full-Time,117897.03,2016-03-05,9287594246,sandeep.sundaram60@outlook.com
EMP00320,Ramesh,Reddy,Male,H021,D028,HR Executive,Contract,18751.28,2008-02-18,9043993119,ramesh.reddy1@yahoo.com
EMP00321,Ramya,Sundaram,Female,H023,D031,HR Executive,Full-Time,19257.01,2009-04-03,9112564040,ramya.sundaram71@rediffmail.com
EMP00322,Abhinav,Iyengar,Male,H013,D017,Receptionist,Contract,35743.51,2015-06-01,9228194960,abhinav.iyengar27@yahoo.com
EMP00323,Ramya,Rao,Female,H018,D023,Radiology Technician,Full-Time,37652.41,2008-07-04,9971127003,ramya.rao36@rediffmail.com
EMP00324,Rajesh,Chandrasekaran,Male,H017,D022,Receptionist,Full-Time,67211.49,2007-04-14,9150655881,rajesh.chandrasekaran9@yahoo.com
EMP00325,Manasa,Pillai,Female,H013,D017,IT Support,Full-Time,28528.73,2005-04-23,9608451683,manasa.pillai16@yahoo.com
EMP00326,Mahesh,Reddappa,Male,H027,,Radiology Technician,Full-Time,119133.64,2023-02-10,9858358009,mahesh.reddappa82@rediffmail.com
EMP00327,Ganesh,Achari,f,H004,D005,Receptionist,Full-Time,63134.46,2012-06-13,9209302641,ganesh.achari51@outlook.com
EMP00328,Krishnan,Achari,Male,H027,D036,Security Staff,Full-Time,19085.08,2016-07-09,9792909529,krishnan.achari6@gmail.com
EMP00329,Ashok,Naicker,Male,H011,D014,Pharmacist,Full-Time,67424.43,2017-06-07,9933276940,ashok.naicker30@yahoo.com
EMP00330,Deepika,Natarajan,Female,H002,D002,Security Staff,Full-Time,62986.61,2009-09-21,9502983308,deepika.natarajan44@yahoo.com
EMP00331,Srinivas,Raman,Male,H021,D028,Receptionist,Part-Time,56394.17,2022-12-18,9423889527,srinivas.raman86@gmail.com
EMP00332,Krishnan,Iyer,Male,H002,D002,IT Support,Contract,66273.42,2021-10-19,9897981048,krishnan.iyer47@yahoo.com
EMP00333,Ganesh,Iyengar,Male,H005,D006,Administrator,Full-Time,100177.07,2023-06-06,9689182724,ganesh.iyengar91@rediffmail.com
EMP00334,Mahesh,Sundaram,Male,H009,D012,Radiology Technician,Full-Time,75364.22,2025-08-20,9355782100,mahesh.sundaram53@outlook.com
EMP00335,Rajesh,Iyengar,Male,H028,D038,IT Support,Full-Time,54423.08,2014-03-12,9178128487,rajesh.iyengar33@gmail.com
EMP00336,Jayanthi,Shetty,Female,H005,D006,Accountant,Full-Time,64864.23,2019-06-30,9529623125,jayanthi.shetty55@rediffmail.com
EMP00337,Yamuna,Venkatesh,Female,H006,D007,Housekeeping Staff,Full-Time,104470.21,2011-02-03,9129284671,yamuna.venkatesh23@yahoo.com
EMP00338,Pooja,Pillai,Female,H017,,HR Executive,Full-Time,33925.53,2008-12-29,9119360730,pooja.pillai95@outlook.com
EMP00339,Hema,Murthy,Female,H002,D002,Ward Boy,Full-Time,50358.07,2020-05-13,9584277375,hema.murthy42@rediffmail.com
EMP00340,Sathish,Murthy,Male,H027,,IT Support,Contract,103168.65,2012-05-07,9357401549,sathish.murthy2@outlook.com
EMP00341,Hema,Varma,Female,H003,,Radiology Technician,Full-Time,43714.55,2005-12-29,9084613853,hema.varma50@yahoo.com
EMP00342,Ganesh,Panicker,Male,H005,D006,Accountant,Full-Time,49387.33,2022-07-26,9020534521,ganesh.panicker13@gmail.com
EMP00343,Sathish,Subramaniam,Male,H011,D014,Housekeeping Staff,Full-Time,21099.23,2018-12-21,9048839404,sathish.subramaniam47@outlook.com
EMP00344,Abhinav,Subramaniam,Male,H001,D001,Receptionist,Full-Time,79393.51,2020-10-13,9922551333,abhinav.subramaniam78@yahoo.com
EMP00345,Sangeetha,Mudaliar,f,H030,,Housekeeping Staff,Full-Time,20481.63,2015-06-10,9121747248,sangeetha.mudaliar32@outlook.com
EMP00346,Venkatesh,Raman,M,H022,D030,Accountant,Full-Time,26944.25,2005-10-04,9511903652,venkatesh.raman83@rediffmail.com
EMP00347,Bhavani,Subramaniam,Female,H021,D028,Security Staff,Full-Time,97398.31,2005-12-30,9382554003,bhavani.subramaniam19@yahoo.com
EMP00348,Uma,Raman,Female,H012,D015,Lab Technician,Full-Time,81467.16,2021-08-10,9899365930,uma.raman71@rediffmail.com
EMP00349,Ravi,Rao,Male,H005,D006,Ward Boy,Part-Time,72027.67,2020-03-31,9055750848,ravi.rao71@gmail.com
EMP00350,Lakshmi,Panicker,Female,H002,D002,Lab Technician,Full-Time,52807.6,2014-06-04,9719250287,lakshmi.panicker80@gmail.com
EMP00351,Lokesh,Varma,Male,H006,D007,Ward Boy,Full-Time,118885.37,2005-03-02,9608795283,lokesh.varma49@rediffmail.com
EMP00352,Radha,Hegde,Female,H014,D018,IT Support,Full-Time,86043.61,2023-06-07,9663351676,radha.hegde79@gmail.com
EMP00353,Elango,Hegde,F,H001,D001,Administrator,Full-Time,55356.52,2010-02-14,9576846126,elango.hegde8@yahoo.com
EMP00354,Vinod,Kamath,Male,H025,D033,Staff Nurse,Part-Time,25820.09,2014-06-22,9034330043,vinod.kamath37@outlook.com
EMP00355,Balaji,Sarma,Male,H016,D021,Administrator,Full-Time,114512.86,2024-07-12,9424452472,balaji.sarma20@yahoo.com
EMP00356,Meena,Shetty,Female,H023,D031,HR Executive,Full-Time,71488.25,2022-11-08,9193112573,meena.shetty93@outlook.com
EMP00357,Priya,Chandrasekaran,Female,H026,D035,HR Executive,Full-Time,99542.35,2017-07-02,9108796159,priya.chandrasekaran78@outlook.com
EMP00358,Latha,Gowda,Female,H001,,Pharmacist,Part-Time,60345.05,2022-03-14,9494931401,latha.gowda68@outlook.com
EMP00359,Malini,Raman,Female,H005,D006,Lab Technician,Full-Time,29512.08,2014-03-16,9382307621,malini.raman19@gmail.com
EMP00360,Sandhya,Subramaniam,m,H018,,IT Support,Full-Time,73674.3,2011-09-17,9263209972,sandhya.subramaniam23@outlook.com
EMP00361,Keerthana,Naicker,Female,H005,D006,Administrator,Full-Time,90460.16,2017-10-03,9988656629,keerthana.naicker8@gmail.com
EMP00362,Geetha,Reddy,Female,H005,D006,Ward Boy,Full-Time,62495.05,2013-12-17,9532436500,geetha.reddy22@outlook.com
EMP00363,Balaji,Gowda,Male,H018,D023,Housekeeping Staff,Full-Time,46350.04,2022-08-02,9321741989,balaji.gowda59@outlook.com
EMP00364,Manasa,Sarma,Female,H001,D001,Accountant,Contract,103225.36,2022-04-22,9440229764,manasa.sarma37@rediffmail.com
EMP00365,Gayathri,Varma,M,H028,D037,Pharmacist,Full-Time,75424.75,2016-02-08,9830694815,gayathri.varma71@gmail.com
EMP00366,Jyothi,Subramaniam,Female,H027,D036,Radiology Technician,Full-Time,27462.95,2013-07-14,9251919598,jyothi.subramaniam13@rediffmail.com
EMP00367,Bhavya,Venkatesh,Female,H005,D006,IT Support,Full-Time,39799.73,2017-09-15,9715239194,bhavya.venkatesh1@rediffmail.com
EMP00368,Hema,Raman,Female,H017,D022,Security Staff,Full-Time,90304.35,2022-03-16,9101580537,hema.raman76@yahoo.com
EMP00369,Uma,Kamath,Female,H016,D021,Ward Boy,Full-Time,88188.29,2015-09-22,9169838710,uma.kamath16@outlook.com
EMP00370,Muthu,Naidu,Male,H013,D016,Staff Nurse,Full-Time,21231.82,2017-04-25,9164948089,muthu.naidu21@outlook.com
EMP00371,Dinesh,Gowda,Male,H007,D008,Lab Technician,Full-Time,80970.99,2014-11-19,9614406540,dinesh.gowda72@yahoo.com
EMP00372,Vijay,Iyengar,Male,H030,D040,IT Support,Full-Time,24517.82,2012-05-31,9200391707,vijay.iyengar32@yahoo.com
EMP00373,Priya,Murthy,Female,H014,D018,Housekeeping Staff,Full-Time,95741.7,2010-12-09,9505396760,priya.murthy57@outlook.com
EMP00374,Pooja,Bhat,Female,H030,D040,Pharmacist,Full-Time,76247.62,2008-07-05,9945992935,pooja.bhat18@yahoo.com
EMP00375,Sathish,Menon,Male,H004,D005,Receptionist,Full-Time,88333.39,2005-12-06,9662396322,sathish.menon94@yahoo.com
EMP00376,Yamuna,Sarma,Female,H018,D023,IT Support,Part-Time,71587.63,2024-03-02,9990681562,yamuna.sarma77@gmail.com
EMP00377,Manoj,Balasubramaniam,Male,H010,D013,HR Executive,Part-Time,58192.06,2022-11-17,9252193768,manoj.balasubramaniam23@outlook.com
EMP00378,Harish,Rao,Male,H005,D006,Accountant,Contract,41366.88,2025-08-17,9184859420,harish.rao77@outlook.com
EMP00379,Harish,Shetty,Male,H010,D013,Ward Boy,Part-Time,114318.66,2020-12-15,9875749191,harish.shetty4@gmail.com
EMP00380,Latha,Bhat,Female,H009,D012,Housekeeping Staff,Contract,112041.18,2006-10-14,9282650682,latha.bhat77@rediffmail.com
EMP00381,Sathish,Kamath,Male,H013,D017,Security Staff,Full-Time,72875.48,2024-03-15,9299275217,sathish.kamath16@gmail.com
EMP00382,Sangeetha,Raman,Female,H010,D013,Receptionist,Full-Time,63455.31,2015-03-29,9622555430,sangeetha.raman73@rediffmail.com
EMP00383,Uday,Natarajan,Male,H011,,IT Support,Full-Time,77127.79,2023-07-26,9428471986,uday.natarajan76@rediffmail.com
EMP00384,Muthu,Raman,Male,H017,D022,Receptionist,Full-Time,54821.91,2025-01-14,9152880491,muthu.raman16@yahoo.com
EMP00385,Vidya,Naidu,Female,H028,D037,Receptionist,Full-Time,107613.17,2008-01-03,9195158428,vidya.naidu28@rediffmail.com
EMP00386,Nandini,Sundaram,M,H009,D012,HR Executive,Full-Time,103004.21,2007-06-07,9712076813,nandini.sundaram40@rediffmail.com
EMP00387,Suresh,Natarajan,Male,H002,D002,Ward Boy,Full-Time,85397.47,2013-06-10,9533370033,suresh.natarajan19@rediffmail.com
EMP00388,Bhavya,Balasubramaniam,Female,H011,D014,IT Support,Full-Time,116263.98,2017-05-08,9696249753,bhavya.balasubramaniam19@outlook.com
EMP00389,Venkatesh,Subramaniam,Male,H005,D006,Radiology Technician,Full-Time,98259.68,2008-10-31,9702965410,venkatesh.subramaniam61@rediffmail.com
EMP00390,Suresh,Rao,Male,H027,D036,Radiology Technician,Full-Time,101624.23,2008-07-18,9405835284,suresh.rao92@yahoo.com
EMP00391,Sandeep,Sarma,Male,H003,D003,Housekeeping Staff,Contract,81034.9,2017-06-22,9406091449,sandeep.sarma85@outlook.com
EMP00392,Keerthana,Venkatesh,Female,H009,D012,Radiology Technician,Full-Time,48268.75,2012-06-13,9953234964,keerthana.venkatesh65@rediffmail.com
EMP00393,Lokesh,Bhat,Male,H014,D018,Housekeeping Staff,Full-Time,52217.96,2007-05-16,9798457192,lokesh.bhat60@yahoo.com
EMP00394,Manasa,Krishnan,Female,H014,D018,Staff Nurse,Full-Time,109714.82,2008-10-26,9007706045,manasa.krishnan45@outlook.com
EMP00395,Mohan,Chetty,M,H017,D022,Ward Boy,Full-Time,105407.49,2006-03-14,9557753824,mohan.chetty36@gmail.com
EMP00396,Malini,Mudaliar,Female,H016,D021,Security Staff,Full-Time,24226.77,2024-08-09,9224896608,malini.mudaliar20@yahoo.com
EMP00397,Sandeep,Hegde,Male,H026,D034,Ward Boy,Contract,62404.68,2009-03-26,9792594976,sandeep.hegde91@rediffmail.com
EMP00398,Venkatesh,Reddy,Male,H005,D006,Ward Boy,Full-Time,64044.25,2006-02-12,9727808062,venkatesh.reddy79@gmail.com
EMP00399,Sangeetha,Natarajan,Female,H010,D013,IT Support,Full-Time,37921.34,2011-12-23,9997274195,sangeetha.natarajan27@yahoo.com
EMP00400,Abhinav,Gowda,Male,H018,D023,Pharmacist,Full-Time,77446.7,2008-12-29,9212871411,abhinav.gowda30@gmail.com
EMP00401,Gayathri,Chetty,Female,H004,D005,Housekeeping Staff,Full-Time,61943.98,2011-11-15,9907522861,gayathri.chetty81@outlook.com
EMP00402,Gayathri,Pillai,f,H022,D030,Ward Boy,Full-Time,117650.55,2013-09-03,9874171083,gayathri.pillai60@outlook.com
EMP00403,Ganesh,Chandrasekaran,Male,H006,D007,Ward Boy,Full-Time,22519.34,2006-11-30,9121535958,ganesh.chandrasekaran33@rediffmail.com
EMP00404,Varun,Naicker,Male,H022,D030,Pharmacist,Full-Time,104718.28,2006-01-22,9926710448,varun.naicker74@outlook.com
EMP00405,Uma,Mudaliar,Female,H020,D027,Pharmacist,Full-Time,113383.94,2021-07-02,9906810844,uma.mudaliar98@yahoo.com
EMP00406,Mahesh,Naicker,Male,H018,D023,Receptionist,Full-Time,30399.72,2025-12-30,9548951964,mahesh.naicker14@gmail.com
EMP00407,Muthu,Balasubramaniam,Male,H020,D027,Security Staff,Full-Time,97553.81,2025-03-21,9742853985,muthu.balasubramaniam57@rediffmail.com
EMP00408,Deepa,Naicker,Female,H010,D013,Administrator,Full-Time,42528.8,2011-10-26,9109447738,deepa.naicker26@yahoo.com
EMP00409,Priya,Nair,Female,H017,D022,Administrator,Full-Time,109213.55,2024-05-25,9956339609,priya.nair96@gmail.com
EMP00410,Naveen,Bhat,Male,H019,D024,HR Executive,Contract,25780.62,2017-08-22,9166962081,naveen.bhat91@gmail.com
EMP00411,Deepa,Iyengar,M,H006,D007,Pharmacist,Full-Time,72330.99,2017-04-30,9916723103,deepa.iyengar35@outlook.com
EMP00412,Divya,Hegde,Female,H005,D006,Security Staff,Contract,80340.68,2014-10-01,9071523408,divya.hegde28@rediffmail.com
EMP00413,Balaji,Balasubramaniam,Male,H028,D037,Receptionist,Full-Time,52258.04,2007-04-10,9810402746,balaji.balasubramaniam68@rediffmail.com
EMP00414,Prakash,Naicker,Male,H006,D007,Housekeeping Staff,Full-Time,34624.48,2005-05-20,9033909082,prakash.naicker31@rediffmail.com
EMP00415,Gayathri,Gowda,Female,H008,D010,Security Staff,Part-Time,80932.9,2021-12-16,9165888969,gayathri.gowda12@gmail.com
EMP00416,Ravi,Nair,Male,H005,D006,HR Executive,Full-Time,81987.39,2023-09-10,9209631475,ravi.nair74@rediffmail.com
EMP00417,Yogesh,Gowda,F,H026,D035,HR Executive,Part-Time,19297.21,2014-12-10,9171362159,yogesh.gowda40@yahoo.com
EMP00418,Tara,Sarma,Female,H020,D027,Security Staff,Full-Time,18083.0,2023-03-18,9469657170,tara.sarma40@gmail.com
EMP00419,Aishwarya,Bhat,Female,H028,D038,Administrator,Part-Time,86916.2,2025-08-21,9848986157,aishwarya.bhat78@yahoo.com
EMP00420,Gopal,Krishnan,Male,H007,D009,Ward Boy,Full-Time,81175.37,2008-04-07,9937946358,gopal.krishnan79@rediffmail.com
EMP00421,Manasa,Ramanathan,Female,H017,D022,Lab Technician,Full-Time,47781.44,2007-04-18,9761672731,manasa.ramanathan8@gmail.com
EMP00422,Senthil,Murthy,Male,H006,D007,Lab Technician,Full-Time,30081.47,2012-02-03,9311018437,senthil.murthy1@rediffmail.com
EMP00423,Mohan,Iyengar,Male,H012,D015,Housekeeping Staff,Full-Time,110007.14,2012-04-06,9660864588,mohan.iyengar44@yahoo.com
EMP00424,Abhinav,Sarma,M,H015,D020,Receptionist,Part-Time,75242.15,2023-09-15,9024992692,abhinav.sarma17@outlook.com
EMP00425,Nithin,Pillai,Male,H001,,Pharmacist,Full-Time,109929.36,2009-02-17,9394671328,nithin.pillai26@gmail.com
EMP00426,Mohan,Hegde,Male,H021,D028,Pharmacist,Contract,36335.31,2015-10-21,9015763259,mohan.hegde34@rediffmail.com
EMP00427,Deepak,Mudaliar,Male,H023,D031,Radiology Technician,Contract,52305.35,2024-05-18,9382893938,deepak.mudaliar26@rediffmail.com
EMP00428,Lokesh,Naidu,Male,H002,D002,Ward Boy,Full-Time,90158.49,2008-04-11,9339854099,lokesh.naidu49@gmail.com
EMP00429,Hema,Shetty,Female,H013,,Lab Technician,Full-Time,90810.64,2012-03-27,9496361594,hema.shetty71@gmail.com
EMP00430,Ganesh,Ramanathan,Male,H014,D018,Administrator,Full-Time,81172.36,2023-01-28,9181925953,ganesh.ramanathan43@yahoo.com
EMP00431,Nandini,Kamath,Female,H009,D012,HR Executive,Full-Time,97344.52,2015-07-09,9090585465,nandini.kamath39@outlook.com
EMP00432,Chitra,Naicker,Female,H029,D039,Lab Technician,Full-Time,73610.46,2021-02-08,9848848898,chitra.naicker63@outlook.com
EMP00433,Krishnan,Iyengar,F,H013,,Ward Boy,Full-Time,100545.04,2013-04-11,9601315639,krishnan.iyengar25@yahoo.com
EMP00434,Deepa,Krishnan,Female,H016,,HR Executive,Full-Time,46881.02,2009-09-29,9363784870,deepa.krishnan29@rediffmail.com
EMP00435,Jayanthi,Ramanathan,Female,H027,D036,Administrator,Full-Time,26813.03,2013-11-10,9346123446,jayanthi.ramanathan29@yahoo.com
EMP00436,Uday,Iyer,Male,H028,D038,Accountant,Full-Time,109883.6,2025-12-31,9902069875,uday.iyer22@rediffmail.com
EMP00437,Hema,Chetty,M,H003,D004,Radiology Technician,Full-Time,93622.88,2019-09-28,9762610922,hema.chetty46@rediffmail.com
EMP00438,Uday,Nair,Male,H002,D002,Ward Boy,Full-Time,95854.31,2024-01-13,9149842732,uday.nair86@outlook.com
EMP00439,Vidya,Menon,Female,H024,D032,HR Executive,Full-Time,84732.71,2005-10-13,9887188133,vidya.menon76@outlook.com
EMP00440,Hema,Reddappa,Female,H019,D024,Lab Technician,Full-Time,72758.1,2023-03-18,9530053642,hema.reddappa91@outlook.com
EMP00441,Geetha,Pillai,Female,H001,D001,Radiology Technician,Full-Time,115131.69,2023-07-07,9934829266,geetha.pillai97@yahoo.com
EMP00442,Ashok,Chetty,Male,H028,D037,Receptionist,Contract,54467.74,2021-09-12,9681972491,ashok.chetty23@gmail.com
EMP00443,Varun,Panicker,Male,H021,D028,Pharmacist,Contract,91750.08,2005-09-11,9661450585,varun.panicker65@outlook.com
EMP00444,Vidya,Chandrasekaran,Female,H003,D004,Ward Boy,Full-Time,32621.02,2012-02-15,9285092147,vidya.chandrasekaran4@yahoo.com
EMP00445,Geetha,Chandrasekaran,Female,H002,D002,Administrator,Part-Time,85249.5,2023-07-06,9938742062,geetha.chandrasekaran89@yahoo.com
EMP00446,Meena,Raman,m,H004,D005,Accountant,Full-Time,86266.76,2015-09-13,9180612822,meena.raman62@rediffmail.com
EMP00447,Lokesh,Iyer,Male,H026,D034,Administrator,Full-Time,89198.73,2016-05-01,9244649742,lokesh.iyer82@rediffmail.com
EMP00448,Arun,Reddy,Male,H006,D007,Lab Technician,Contract,104698.47,2019-01-12,9294090042,arun.reddy32@gmail.com
EMP00449,Ramya,Nair,Female,H011,D014,Housekeeping Staff,Part-Time,106562.22,2012-01-17,9882413573,ramya.nair92@gmail.com
EMP00450,Yamuna,Reddappa,Female,H012,D015,Housekeeping Staff,Full-Time,25554.58,2014-10-10,9127511990,yamuna.reddappa89@gmail.com
EMP00451,Chitra,Gopalakrishnan,M,H011,D014,Staff Nurse,Full-Time,84724.07,2014-08-03,9339665135,chitra.gopalakrishnan80@gmail.com
EMP00452,Jayanthi,Varma,Female,H005,D006,Ward Boy,Full-Time,108714.05,2023-10-19,9132015804,jayanthi.varma56@gmail.com
EMP00453,Abhinav,Iyengar,Male,H026,D034,Receptionist,Full-Time,78990.5,2013-12-27,9860521395,abhinav.iyengar94@yahoo.com
EMP00454,Chandran,Panicker,Male,H015,D019,IT Support,Part-Time,42551.3,2022-08-17,9565583951,chandran.panicker48@rediffmail.com
EMP00455,Indira,Iyer,Female,H014,D018,IT Support,Full-Time,118428.15,2007-12-17,9531903783,indira.iyer12@yahoo.com
EMP00456,Elango,Reddy,Male,H025,D033,Lab Technician,Contract,21227.51,2008-04-13,9303293089,elango.reddy38@outlook.com
EMP00457,Indira,Iyengar,Female,H027,D036,Receptionist,Full-Time,104740.35,2011-05-03,9816893024,indira.iyengar33@gmail.com
EMP00458,Uday,Iyengar,Male,H003,D004,Radiology Technician,Full-Time,51555.51,2022-11-23,9863758587,uday.iyengar61@yahoo.com
EMP00459,Ravi,Sarma,Male,H029,D039,Staff Nurse,Full-Time,73138.94,2023-06-03,9964082161,ravi.sarma20@outlook.com
EMP00460,Sathish,Gowda,Male,H016,D021,Accountant,Full-Time,113600.97,2007-02-06,9686805919,sathish.gowda92@yahoo.com
EMP00461,Ravi,Sundaram,Male,H008,,Accountant,Full-Time,58348.46,2024-03-14,9022368448,ravi.sundaram19@outlook.com
EMP00462,Balaji,Raman,Male,H028,D037,HR Executive,Full-Time,50595.32,2016-11-28,9877841902,balaji.raman42@yahoo.com
EMP00463,Pradeep,Pillai,Male,H016,D021,Security Staff,Full-Time,20223.2,2007-09-03,9174118121,pradeep.pillai43@outlook.com
EMP00464,Nithin,Iyengar,Male,H008,D010,IT Support,Full-Time,23792.12,2016-03-06,9432119634,nithin.iyengar2@rediffmail.com
EMP00465,Srinivas,Chandrasekaran,Male,H030,D040,Receptionist,Full-Time,64976.33,2009-04-13,9819538241,srinivas.chandrasekaran99@outlook.com
EMP00466,Senthil,Balasubramaniam,m,H015,D020,Receptionist,Full-Time,86848.06,2018-02-07,9295641651,senthil.balasubramaniam23@gmail.com
EMP00467,Abhinav,Gopalakrishnan,Male,H019,D025,HR Executive,Full-Time,77213.92,2013-06-20,9539742918,abhinav.gopalakrishnan65@outlook.com
EMP00468,Meena,Krishnan,Female,H009,D012,Lab Technician,Contract,44387.93,2013-07-26,9909732851,meena.krishnan60@rediffmail.com
EMP00469,Manoj,Raman,Male,H008,D010,Housekeeping Staff,Part-Time,22717.77,2010-07-05,9755861196,manoj.raman88@outlook.com
EMP00470,Charitha,Naicker,Female,H023,D031,Security Staff,Full-Time,114863.07,2008-08-29,9504677106,charitha.naicker4@outlook.com
EMP00471,Haritha,Gopalakrishnan,Female,H005,,Staff Nurse,Full-Time,89828.69,2007-09-18,9500587811,haritha.gopalakrishnan93@yahoo.com
EMP00472,Sangeetha,Mudaliar,Female,H013,D017,Accountant,Part-Time,80495.99,2018-10-15,9851984937,sangeetha.mudaliar67@gmail.com
EMP00473,Sangeetha,Kamath,Female,H018,D023,Ward Boy,Contract,105838.14,2014-01-14,9190765788,sangeetha.kamath23@outlook.com
EMP00474,Vijay,Sarma,Male,H020,D026,Accountant,Full-Time,59867.12,2006-03-01,9913920007,vijay.sarma31@rediffmail.com
EMP00475,Kala,Murthy,Female,H028,D038,HR Executive,Full-Time,85570.43,2010-01-17,9084983302,kala.murthy37@yahoo.com
EMP00476,Ishwarya,Naidu,Female,H003,D003,Housekeeping Staff,Contract,83614.89,2009-01-04,9167524661,ishwarya.naidu47@rediffmail.com
EMP00477,Dinesh,Sundaram,Male,H010,D013,Lab Technician,Contract,94714.94,2018-05-30,9066748405,dinesh.sundaram97@outlook.com
EMP00478,Jyothi,Shetty,Female,H030,,Lab Technician,Full-Time,96739.13,2023-10-18,9286911199,jyothi.shetty69@rediffmail.com
EMP00479,Hema,Iyer,Female,H009,,Ward Boy,Full-Time,63784.38,2018-11-10,9994977341,hema.iyer91@yahoo.com
EMP00480,Nithin,Menon,Male,H011,,Staff Nurse,Full-Time,49414.24,2025-05-18,9962313923,nithin.menon90@gmail.com
EMP00481,Nandini,Naicker,Female,H015,D019,Receptionist,Contract,80155.21,2024-12-31,9050042408,nandini.naicker86@outlook.com
EMP00482,Deepak,Chandrasekaran,Male,H030,D040,Lab Technician,Contract,82935.32,2019-11-30,9292195905,deepak.chandrasekaran38@yahoo.com
EMP00483,Hema,Nair,Female,H001,D001,IT Support,Full-Time,115268.31,2010-08-04,9865975606,hema.nair6@gmail.com
EMP00484,Vidya,Sundaram,F,H014,D018,Radiology Technician,Part-Time,100625.35,2018-07-14,9704341705,vidya.sundaram18@yahoo.com
EMP00485,Vidya,Ramanathan,Female,H017,D022,Accountant,Full-Time,73313.21,2025-08-26,9783674659,vidya.ramanathan7@rediffmail.com
EMP00486,Ramesh,Sarma,Male,H008,D010,IT Support,Full-Time,27682.93,2019-03-25,9607077285,ramesh.sarma16@rediffmail.com
EMP00487,Chandran,Mudaliar,Male,H010,D013,Accountant,Full-Time,50905.81,2013-01-19,9882855126,chandran.mudaliar7@rediffmail.com
EMP00488,Deepa,Natarajan,Female,H021,D028,IT Support,Contract,31467.86,2007-06-08,9555313172,deepa.natarajan85@gmail.com
EMP00489,Vani,Krishnan,Female,H023,D031,Lab Technician,Full-Time,87522.86,2021-11-26,9650090015,vani.krishnan83@rediffmail.com
EMP00490,Senthil,Kamath,Male,H022,D030,IT Support,Part-Time,65620.24,2017-02-02,9301691664,senthil.kamath17@outlook.com
EMP00491,Arun,Natarajan,Male,H016,D021,Staff Nurse,Full-Time,19124.02,2012-09-20,9383332410,arun.natarajan42@rediffmail.com
EMP00492,Ganesh,Gowda,Male,H016,D021,IT Support,Full-Time,37961.1,2009-07-25,9649376948,ganesh.gowda65@rediffmail.com
EMP00493,Malini,Panicker,Female,H028,D038,Accountant,Full-Time,65661.96,2008-11-07,9856092727,malini.panicker28@rediffmail.com
EMP00494,Deepa,Balasubramaniam,Female,H022,D030,HR Executive,Full-Time,85174.94,2019-01-24,9032524835,deepa.balasubramaniam93@yahoo.com
EMP00495,Venkatesh,Sarma,Male,H004,D005,Staff Nurse,Full-Time,68603.95,2007-01-13,9342297247,venkatesh.sarma32@outlook.com
EMP00496,Naveen,Naicker,Male,H029,,Receptionist,Full-Time,36194.64,2023-09-22,9491491994,naveen.naicker79@yahoo.com
EMP00497,Harish,Ramanathan,Male,H005,D006,Receptionist,Full-Time,88172.46,2014-07-23,9206907569,harish.ramanathan42@outlook.com
EMP00498,Tara,Naicker,m,H026,D034,Pharmacist,Full-Time,53354.54,2024-07-22,9389330478,tara.naicker43@yahoo.com
EMP00499,Devi,Rao,Female,H010,D013,HR Executive,Full-Time,43830.22,2014-01-13,9810993589,devi.rao83@outlook.com
EMP00500,Kala,Venkatesh,Female,H007,D009,Lab Technician,Part-Time,44382.09,2010-05-13,9460207753,kala.venkatesh28@rediffmail.com
EMP00501,Rajesh,Pillai,Male,H009,D012,Administrator,Full-Time,74902.32,2016-02-14,9775445413,rajesh.pillai11@gmail.com
EMP00502,Sathish,Naidu,Male,H018,,IT Support,Full-Time,76582.61,2015-07-09,9099712515,sathish.naidu19@gmail.com
EMP00503,Pradeep,Krishnan,Male,H005,D006,Security Staff,Full-Time,26415.06,2006-05-19,9641526509,pradeep.krishnan23@yahoo.com
EMP00504,Harish,Murthy,m,H005,D006,Pharmacist,Part-Time,60087.83,2011-08-03,9065978806,harish.murthy27@gmail.com
EMP00505,Jyothi,Bhat,Female,H006,D007,Accountant,Full-Time,102632.52,2016-10-06,9042019279,jyothi.bhat54@gmail.com
EMP00506,Sandeep,Murthy,Male,H014,D018,Pharmacist,Full-Time,101321.05,2012-02-22,9080835985,sandeep.murthy96@gmail.com
EMP00507,Abhinav,Gowda,Male,H017,D022,Receptionist,Full-Time,91077.04,2025-04-11,9733302098,abhinav.gowda56@outlook.com
EMP00508,Radha,Gowda,Female,H028,,Administrator,Full-Time,109855.29,2015-11-16,9985954103,radha.gowda58@gmail.com
EMP00509,Manasa,Bhat,Female,H018,D023,Lab Technician,Full-Time,60640.22,2024-11-13,9110546790,manasa.bhat50@yahoo.com
EMP00510,Suresh,Varma,Male,H005,D006,Administrator,Full-Time,83910.55,2025-02-25,9985058301,suresh.varma10@outlook.com
EMP00511,Deepa,Panicker,Female,H001,,HR Executive,Full-Time,55357.45,2012-05-06,9664294026,deepa.panicker62@outlook.com
EMP00512,Sandhya,Menon,Female,H012,D015,IT Support,Full-Time,82236.84,2013-01-20,9094753358,sandhya.menon96@gmail.com
EMP00513,Tarun,Iyer,Male,H004,D005,Housekeeping Staff,Full-Time,18561.64,2006-10-19,9565888393,tarun.iyer19@outlook.com
EMP00514,Sandeep,Reddappa,Male,H022,,Lab Technician,Full-Time,84575.06,2020-09-29,9093745599,sandeep.reddappa65@yahoo.com
EMP00515,Senthil,Natarajan,Male,H023,D031,Receptionist,Full-Time,54766.25,2007-04-10,9398738280,senthil.natarajan70@gmail.com
EMP00516,Bhavani,Krishnan,Female,H024,D032,Staff Nurse,Full-Time,19312.42,2005-01-13,9110738125,bhavani.krishnan48@outlook.com
EMP00517,Hema,Naicker,Female,H004,D005,Administrator,Full-Time,37791.66,2009-05-04,9134626886,hema.naicker34@gmail.com
EMP00518,Sandeep,Reddappa,Male,H019,D024,Administrator,Part-Time,35573.7,2016-03-04,9319406541,sandeep.reddappa10@yahoo.com
EMP00519,Vijay,Gowda,f,H027,,Ward Boy,Full-Time,95626.52,2014-01-16,9610575709,vijay.gowda27@yahoo.com
EMP00520,Mahesh,Panicker,Male,H002,D002,Lab Technician,Full-Time,20132.27,2021-09-17,9158724887,mahesh.panicker38@outlook.com
EMP00521,Arun,Chandrasekaran,Male,H010,D013,Staff Nurse,Full-Time,61402.15,2007-05-13,9950447821,arun.chandrasekaran52@rediffmail.com
EMP00522,Deepa,Subramaniam,Female,H005,,Staff Nurse,Full-Time,24727.22,2005-05-29,9619717214,deepa.subramaniam33@outlook.com
EMP00523,Arun,Naidu,Male,H026,D035,IT Support,Part-Time,119913.44,2019-07-22,9756126431,arun.naidu28@gmail.com
EMP00524,Gopal,Sundaram,Male,H019,D025,Ward Boy,Contract,101026.25,2009-07-20,9865916222,gopal.sundaram15@outlook.com
EMP00525,Senthil,Kamath,Male,H005,D006,Pharmacist,Full-Time,98560.12,2008-04-18,9386107892,senthil.kamath99@gmail.com
EMP00526,Ramesh,Nair,Male,H026,,Administrator,Full-Time,61640.34,2020-12-17,9732282296,ramesh.nair13@gmail.com
EMP00527,Ishwarya,Chandrasekaran,M,H010,D013,Pharmacist,Full-Time,18935.84,2010-09-17,9179732931,ishwarya.chandrasekaran33@outlook.com
EMP00528,Dinesh,Raman,Male,H028,D037,Staff Nurse,Contract,110231.53,2005-06-07,9749977472,dinesh.raman15@outlook.com
EMP00529,Malini,Naidu,f,H006,D007,Lab Technician,Full-Time,21973.13,2008-10-30,9859668005,malini.naidu69@gmail.com
EMP00530,Priya,Raman,Female,H014,D018,Accountant,Full-Time,113091.49,2020-11-05,9719514095,priya.raman45@rediffmail.com
EMP00531,Anand,Menon,Male,H012,D015,Housekeeping Staff,Full-Time,90799.16,2024-04-20,9481082931,anand.menon6@rediffmail.com
EMP00532,Nandini,Subramaniam,Female,H016,D021,HR Executive,Full-Time,59468.37,2022-09-15,9678891123,nandini.subramaniam93@gmail.com
EMP00533,Sangeetha,Iyengar,Female,H017,D022,Radiology Technician,Full-Time,107243.17,2014-06-12,9284917614,sangeetha.iyengar33@rediffmail.com
EMP00534,Deepika,Pillai,Female,H005,D006,Lab Technician,Full-Time,23593.82,2010-07-09,9202372523,deepika.pillai88@gmail.com
EMP00535,Girish,Gopalakrishnan,m,H001,D001,Pharmacist,Full-Time,68174.59,2024-02-07,9220191015,girish.gopalakrishnan48@rediffmail.com
EMP00536,Ramya,Reddy,Female,H005,,Receptionist,Full-Time,57701.16,2020-12-05,9770115745,ramya.reddy41@rediffmail.com
EMP00537,Prakash,Krishnan,Male,H005,D006,Staff Nurse,Full-Time,99032.87,2011-05-12,9758812828,prakash.krishnan77@outlook.com
EMP00538,Pradeep,Raman,Male,H010,,Housekeeping Staff,Full-Time,60679.87,2011-03-31,9579937031,pradeep.raman18@gmail.com
EMP00539,Ishwarya,Gopalakrishnan,Female,H005,D006,Accountant,Full-Time,23577.01,2013-09-04,9661416532,ishwarya.gopalakrishnan99@gmail.com
EMP00540,Manoj,Ramanathan,f,H012,D015,Radiology Technician,Full-Time,73040.93,2022-05-08,9622399197,manoj.ramanathan86@gmail.com
EMP00541,Uday,Kamath,Male,H005,D006,Pharmacist,Full-Time,94450.68,2009-05-19,9330032540,uday.kamath51@outlook.com
EMP00542,Tarun,Chandrasekaran,Male,H005,D006,Radiology Technician,Contract,86660.55,2013-02-01,9505655021,tarun.chandrasekaran38@rediffmail.com
EMP00543,Balaji,Sundaram,Male,H005,D006,Administrator,Full-Time,57129.28,2020-09-17,9880268846,balaji.sundaram32@yahoo.com
EMP00544,Ganesh,Panicker,Male,H005,D006,IT Support,Full-Time,26363.93,2023-08-09,9709847846,ganesh.panicker43@gmail.com
EMP00545,Jayanthi,Chetty,Female,H017,D022,Receptionist,Full-Time,70363.46,2019-03-28,9777755486,jayanthi.chetty9@yahoo.com
EMP00546,Charitha,Murthy,Female,H015,D019,HR Executive,Full-Time,72935.58,2016-03-30,9398127750,charitha.murthy47@rediffmail.com
EMP00547,Charitha,Natarajan,Female,H030,,Radiology Technician,Full-Time,46504.17,2020-12-13,9789016469,charitha.natarajan83@rediffmail.com
EMP00548,Haritha,Reddy,Female,H016,D021,Administrator,Full-Time,109871.11,2024-12-23,9368020869,haritha.reddy40@gmail.com
EMP00549,Sandeep,Murthy,Male,H009,D012,Radiology Technician,Full-Time,37912.71,2013-12-03,9319044676,sandeep.murthy16@rediffmail.com
EMP00550,Bhavya,Pillai,Female,H016,D021,Radiology Technician,Full-Time,24516.04,2011-05-04,9421318901,bhavya.pillai3@yahoo.com
EMP00551,Suresh,Shetty,Male,H026,D034,Receptionist,Full-Time,38048.83,2005-08-08,9618115451,suresh.shetty28@gmail.com
EMP00552,Anitha,Reddappa,Female,H018,D023,Radiology Technician,Part-Time,48089.7,2015-10-14,9986035689,anitha.reddappa7@rediffmail.com
EMP00553,Krishnan,Nair,f,H010,D013,HR Executive,Full-Time,48564.78,2023-09-11,9764087514,krishnan.nair65@gmail.com
EMP00554,Deepak,Reddy,m,H007,D008,Administrator,Full-Time,36898.58,2007-10-23,9229648027,deepak.reddy99@outlook.com
EMP00555,Manasa,Hegde,Female,H023,D031,Security Staff,Full-Time,61134.44,2010-03-25,9891974204,manasa.hegde73@outlook.com
EMP00556,Karthik,Natarajan,Male,H011,D014,Security Staff,Full-Time,82614.54,2012-11-30,9098929881,karthik.natarajan2@gmail.com
EMP00557,Venkatesh,Mudaliar,Male,H001,,Security Staff,Part-Time,89520.94,2017-11-03,9312001533,venkatesh.mudaliar23@outlook.com
EMP00558,Hema,Naicker,Female,H022,D030,HR Executive,Full-Time,112617.29,2015-10-11,9755873422,hema.naicker94@outlook.com
EMP00559,Sandeep,Achari,Male,H010,,Housekeeping Staff,Full-Time,77061.68,2005-05-08,9154957211,sandeep.achari35@gmail.com
EMP00560,Arun,Subramaniam,Male,H030,D040,Security Staff,Full-Time,58435.97,2015-02-26,9467598636,arun.subramaniam12@yahoo.com
EMP00561,Vidya,Mudaliar,Female,H026,,Housekeeping Staff,Full-Time,41571.12,2023-10-03,9198658830,vidya.mudaliar61@rediffmail.com
EMP00562,Nithin,Achari,Male,H007,D008,Accountant,Full-Time,32675.87,2008-12-04,9523153201,nithin.achari50@outlook.com
EMP00563,Manasa,Ramanathan,Female,H027,D036,Receptionist,Contract,75301.96,2009-11-14,9035142716,manasa.ramanathan77@outlook.com
EMP00564,Arun,Achari,Male,H015,D019,Radiology Technician,Full-Time,104206.2,2015-07-11,9956692071,arun.achari64@yahoo.com
EMP00565,Geetha,Pillai,Female,H006,D007,Radiology Technician,Full-Time,106938.04,2014-11-28,9485204379,geetha.pillai95@gmail.com
EMP00566,Kavya,Nair,Female,H030,D040,Security Staff,Full-Time,79551.68,2014-10-08,9024220340,kavya.nair1@yahoo.com
EMP00567,Mohan,Achari,Male,H005,D006,Lab Technician,Part-Time,112106.06,2006-08-07,9056129952,mohan.achari4@gmail.com
EMP00568,Balaji,Panicker,Male,H028,D037,Staff Nurse,Part-Time,51117.91,2025-04-25,9705945666,balaji.panicker81@outlook.com
EMP00569,Uday,Bhat,Male,H028,D038,Security Staff,Full-Time,72204.31,2005-05-19,9893857324,uday.bhat30@rediffmail.com
EMP00570,Mahesh,Panicker,Male,H010,D013,Lab Technician,Full-Time,76534.35,2009-07-02,9855900792,mahesh.panicker91@gmail.com
EMP00571,Gayathri,Raman,Female,H016,,IT Support,Full-Time,58911.16,2016-04-22,9636081811,gayathri.raman65@gmail.com
EMP00572,Meena,Naicker,Female,H011,D014,Housekeeping Staff,Full-Time,69214.27,2024-02-28,9309220161,meena.naicker76@outlook.com
EMP00573,Bhavani,Varma,Female,H005,D006,IT Support,Part-Time,111895.69,2008-04-03,9932786398,bhavani.varma25@yahoo.com
EMP00574,Sangeetha,Nair,Female,H016,D021,Ward Boy,Full-Time,115525.5,2011-02-12,9330954725,sangeetha.nair13@outlook.com
EMP00575,Kavya,Mudaliar,Female,H027,,Housekeeping Staff,Part-Time,42949.15,2011-05-14,9040754925,kavya.mudaliar82@rediffmail.com
EMP00576,Yogesh,Iyengar,Male,H022,D030,Accountant,Contract,89629.5,2022-04-11,9927967526,yogesh.iyengar47@gmail.com
EMP00577,Chitra,Venkatesh,Female,H025,D033,Lab Technician,Full-Time,29268.1,2010-03-12,9026026308,chitra.venkatesh55@rediffmail.com
EMP00578,Dinesh,Murthy,Male,H025,,Radiology Technician,Full-Time,26794.99,2009-07-15,9886946142,dinesh.murthy58@rediffmail.com
EMP00579,Aishwarya,Kamath,Female,H011,D014,Administrator,Full-Time,107835.08,2011-11-28,9220370190,aishwarya.kamath41@yahoo.com
EMP00580,Shobha,Nair,Female,H005,D006,Security Staff,Full-Time,82254.42,2009-08-26,9529591641,shobha.nair78@yahoo.com
EMP00581,Harish,Chetty,Male,H006,D007,Staff Nurse,Full-Time,34772.67,2016-10-06,9260330818,harish.chetty47@outlook.com
EMP00582,Deepak,Achari,Male,H017,D022,Radiology Technician,Part-Time,113898.52,2006-11-28,9598164783,deepak.achari92@rediffmail.com
EMP00583,Jayanthi,Reddappa,Female,H005,D006,HR Executive,Full-Time,38545.39,2011-08-14,9772068164,jayanthi.reddappa14@rediffmail.com
EMP00584,Sandhya,Nair,Female,H011,D014,Receptionist,Full-Time,58673.7,2011-10-31,9575795535,sandhya.nair30@gmail.com
EMP00585,Dinesh,Achari,Male,H018,D023,Ward Boy,Full-Time,73624.86,2005-01-18,9339577674,dinesh.achari93@rediffmail.com
EMP00586,Gayathri,Krishnan,Female,H023,D031,IT Support,Full-Time,41259.52,2008-03-17,9979772219,gayathri.krishnan55@yahoo.com
EMP00587,Deepika,Panicker,Female,H019,D024,HR Executive,Full-Time,45732.79,2016-04-04,9994763615,deepika.panicker96@yahoo.com
EMP00588,Elango,Subramaniam,Male,H023,D031,Lab Technician,Full-Time,78256.12,2008-07-08,9250782707,elango.subramaniam38@outlook.com
EMP00589,Sandeep,Gowda,Male,H021,D028,Lab Technician,Full-Time,111115.61,2024-12-29,9426927692,sandeep.gowda69@outlook.com
EMP00590,Yogesh,Chetty,Male,H013,D017,Ward Boy,Full-Time,20270.29,2012-07-18,9302740212,yogesh.chetty30@yahoo.com
EMP00591,Nandini,Pillai,Female,H028,D038,Security Staff,Full-Time,105354.18,2018-01-22,9556166518,nandini.pillai36@yahoo.com
EMP00592,Tara,Reddappa,Female,H019,D025,HR Executive,Full-Time,30651.51,2024-05-30,9950604636,tara.reddappa79@yahoo.com
EMP00593,Kavya,Iyengar,Female,H007,D008,Security Staff,Full-Time,24869.62,2005-11-24,9553755214,kavya.iyengar22@rediffmail.com
EMP00594,Haritha,Sarma,Female,H005,D006,Accountant,Full-Time,45842.73,2021-04-26,9469409292,haritha.sarma21@gmail.com
EMP00595,Girish,Natarajan,Male,H003,D004,Housekeeping Staff,Contract,45360.49,2009-04-23,9736704870,girish.natarajan81@rediffmail.com
EMP00596,Senthil,Achari,M,H019,D024,HR Executive,Full-Time,104680.48,2014-06-24,9658981407,senthil.achari24@yahoo.com
EMP00597,Suresh,Gowda,Male,H027,D036,Housekeeping Staff,Full-Time,89461.94,2008-12-10,9714283925,suresh.gowda62@outlook.com
EMP00598,Sandeep,Raman,Male,H016,D021,Security Staff,Contract,115447.33,2011-04-10,9200515340,sandeep.raman81@gmail.com
EMP00599,Ramya,Kamath,Female,H023,,Staff Nurse,Part-Time,44032.05,2019-04-21,9825152686,ramya.kamath77@yahoo.com
EMP00600,Shobha,Iyer,Female,H008,D011,Administrator,Full-Time,81074.51,2013-12-26,9663642670,shobha.iyer77@outlook.com
EMP00601,Manoj,Menon,F,H013,D016,Ward Boy,Full-Time,83141.49,2013-07-30,9391232835,manoj.menon48@rediffmail.com
EMP00602,Mohan,Naidu,Male,H019,D025,Administrator,Full-Time,19685.67,2012-09-05,9631076964,mohan.naidu82@yahoo.com
EMP00603,Pooja,Ramanathan,M,H008,D011,Accountant,Full-Time,54489.9,2025-01-21,9120537511,pooja.ramanathan8@rediffmail.com
EMP00604,Pradeep,Gowda,f,H019,D025,Administrator,Full-Time,113809.59,2012-03-06,9879224264,pradeep.gowda80@outlook.com
EMP00605,Keerthana,Chandrasekaran,Female,H028,D038,Security Staff,Part-Time,48284.16,2008-11-11,9650279203,keerthana.chandrasekaran33@rediffmail.com
EMP00606,Haritha,Gopalakrishnan,Female,H014,,Security Staff,Full-Time,55410.25,2016-01-01,9516261166,haritha.gopalakrishnan66@outlook.com
EMP00607,Bhavani,Rao,f,H024,D032,Lab Technician,Full-Time,92465.61,2005-10-06,9462269086,bhavani.rao60@yahoo.com
EMP00608,Ashok,Nair,Male,H003,,Pharmacist,Full-Time,102104.75,2007-11-27,9541534009,ashok.nair79@rediffmail.com
EMP00609,Girish,Balasubramaniam,Male,H027,D036,Administrator,Full-Time,39817.4,2011-06-03,9873785188,girish.balasubramaniam44@rediffmail.com
EMP00610,Yamuna,Shetty,Female,H009,D012,Radiology Technician,Full-Time,19145.34,2005-08-20,9927926543,yamuna.shetty13@outlook.com
EMP00611,Usha,Gowda,Female,H028,D037,Security Staff,Full-Time,57531.36,2012-06-29,9708644976,usha.gowda37@rediffmail.com
EMP00612,Aishwarya,Sundaram,Female,H030,,Housekeeping Staff,Full-Time,113343.86,2015-04-06,9956478997,aishwarya.sundaram86@yahoo.com
EMP00613,Shobha,Venkatesh,Female,H003,D003,Accountant,Full-Time,25003.65,2017-04-12,9712968797,shobha.venkatesh91@outlook.com
EMP00614,Vinod,Kamath,Male,H014,D018,Staff Nurse,Part-Time,69769.43,2010-11-19,9631396360,vinod.kamath58@outlook.com
EMP00615,Srinivas,Balasubramaniam,Male,H007,D008,Staff Nurse,Full-Time,44441.91,2018-02-02,9305173802,srinivas.balasubramaniam74@gmail.com
EMP00616,Keerthana,Ramanathan,Female,H003,D004,Radiology Technician,Full-Time,25563.49,2018-07-17,9201400375,keerthana.ramanathan80@rediffmail.com
EMP00617,Latha,Sundaram,Female,H001,D001,Housekeeping Staff,Full-Time,99023.18,2022-02-21,9099403841,latha.sundaram41@yahoo.com
EMP00618,Devi,Pillai,Female,H023,D031,Administrator,Contract,108785.07,2013-11-14,9424947477,devi.pillai87@yahoo.com
EMP00619,Keerthana,Shetty,Female,H027,D036,Pharmacist,Full-Time,95832.01,2022-11-02,9649987545,keerthana.shetty74@gmail.com
EMP00620,Arun,Nair,Male,H025,D033,Radiology Technician,Part-Time,54404.9,2019-05-31,9570310225,arun.nair10@yahoo.com
EMP00621,Suresh,Naicker,f,H013,D017,Housekeeping Staff,Full-Time,96421.41,2019-02-17,9750267799,suresh.naicker74@outlook.com
EMP00622,Mohan,Varma,Male,H028,D038,Ward Boy,Full-Time,112384.57,2024-07-08,9523544889,mohan.varma95@outlook.com
EMP00623,Muthu,Subramaniam,Male,H029,D039,Accountant,Full-Time,78495.93,2005-03-15,9191068718,muthu.subramaniam37@yahoo.com
EMP00624,Dinesh,Sundaram,Male,H017,D022,Ward Boy,Full-Time,116190.59,2005-02-19,9196990792,dinesh.sundaram36@gmail.com
EMP00625,Sandeep,Varma,Male,H005,D006,Staff Nurse,Full-Time,96883.72,2021-03-12,9820739410,sandeep.varma82@yahoo.com
EMP00626,Pradeep,Krishnan,Male,H023,D031,Lab Technician,Full-Time,50667.61,2011-08-05,9650139651,pradeep.krishnan14@rediffmail.com
EMP00627,Varun,Subramaniam,Male,H005,D006,HR Executive,Full-Time,35333.01,2012-09-10,9224080380,varun.subramaniam86@rediffmail.com
EMP00628,Ishwarya,Mudaliar,Female,H024,D032,Receptionist,Contract,114379.65,2025-08-30,9976518626,ishwarya.mudaliar31@yahoo.com
EMP00629,Geetha,Ramanathan,Female,H018,D023,Accountant,Full-Time,28148.77,2017-10-19,9902501901,geetha.ramanathan41@gmail.com
EMP00630,Manoj,Achari,Male,H025,D033,Ward Boy,Full-Time,21148.29,2018-05-10,9136873364,manoj.achari85@gmail.com
EMP00631,Ashok,Naidu,Male,H013,D017,Accountant,Full-Time,113809.48,2007-02-05,9605604028,ashok.naidu76@gmail.com
EMP00632,Shobha,Venkatesh,Female,H017,D022,Lab Technician,Full-Time,61083.17,2005-10-13,9378648422,shobha.venkatesh39@yahoo.com
EMP00633,Sandeep,Sundaram,Male,H012,D015,Pharmacist,Full-Time,60700.31,2023-05-21,9400080539,sandeep.sundaram64@yahoo.com
EMP00634,Ishwarya,Rao,Female,H018,D023,Security Staff,Full-Time,18246.43,2008-12-05,9296264040,ishwarya.rao26@outlook.com
EMP00635,Ramya,Mudaliar,Female,H015,D020,Accountant,Full-Time,35210.81,2022-08-02,9767915147,ramya.mudaliar20@yahoo.com
EMP00636,Nandini,Sundaram,Female,H018,,HR Executive,Full-Time,98473.11,2024-04-15,9729574631,nandini.sundaram15@gmail.com
EMP00637,Dinesh,Natarajan,Male,H004,D005,Pharmacist,Full-Time,36567.6,2023-10-09,9710891071,dinesh.natarajan60@outlook.com
EMP00638,Latha,Mudaliar,Female,H007,D009,Housekeeping Staff,Full-Time,45020.99,2022-05-05,9374615490,latha.mudaliar98@yahoo.com
EMP00639,Naveen,Nair,Male,H019,D024,Accountant,Contract,55578.29,2021-04-13,9193723768,naveen.nair93@rediffmail.com
EMP00640,Krishnan,Iyengar,Male,H018,D023,Radiology Technician,Full-Time,70492.48,2016-12-24,9849235664,krishnan.iyengar28@outlook.com
EMP00641,Latha,Panicker,f,H026,D035,Administrator,Full-Time,66623.17,2020-05-25,9877927743,latha.panicker22@yahoo.com
EMP00642,Divya,Panicker,Female,H015,D020,Staff Nurse,Full-Time,53910.56,2024-04-20,9290226124,divya.panicker81@gmail.com
EMP00643,Geetha,Natarajan,Female,H025,D033,HR Executive,Full-Time,50068.04,2006-04-10,9885592774,geetha.natarajan82@gmail.com
EMP00644,Indira,Achari,Female,H027,D036,Receptionist,Contract,98253.87,2010-09-20,9572432572,indira.achari43@rediffmail.com
EMP00645,Hema,Murthy,Female,H030,D040,Receptionist,Full-Time,63855.28,2015-03-17,9262861087,hema.murthy57@rediffmail.com
EMP00646,Vidya,Naicker,Female,H005,D006,Administrator,Full-Time,53353.17,2006-05-04,9558377875,vidya.naicker95@rediffmail.com
EMP00647,Gayathri,Panicker,Female,H008,D011,Accountant,Full-Time,112620.07,2009-12-18,9134460864,gayathri.panicker79@gmail.com
EMP00648,Haritha,Mudaliar,Female,H023,D031,Radiology Technician,Full-Time,23879.6,2017-01-30,9233672958,haritha.mudaliar42@gmail.com
EMP00649,Yogesh,Pillai,Male,H005,D006,Accountant,Full-Time,59757.23,2007-11-09,9928140554,yogesh.pillai31@rediffmail.com
EMP00650,Uday,Sundaram,Male,H030,D040,IT Support,Full-Time,87668.01,2016-02-18,9187190992,uday.sundaram46@gmail.com
EMP00651,Vidya,Venkatesh,F,H025,D033,Accountant,Part-Time,47694.29,2018-10-30,9589297604,vidya.venkatesh96@outlook.com
EMP00652,Divya,Gopalakrishnan,Female,H028,D037,HR Executive,Full-Time,36388.21,2024-06-10,9547251832,divya.gopalakrishnan35@yahoo.com
EMP00653,Manasa,Kamath,Female,H011,D014,HR Executive,Full-Time,90325.9,2009-07-03,9971156084,manasa.kamath75@gmail.com
EMP00654,Jayanthi,Kamath,Female,H017,D022,Lab Technician,Full-Time,78951.45,2005-05-04,9433508562,jayanthi.kamath11@outlook.com
EMP00655,Anitha,Venkatesh,Female,H005,D006,HR Executive,Full-Time,41375.92,2022-01-23,9657696420,anitha.venkatesh28@rediffmail.com
EMP00656,Aishwarya,Sundaram,Female,H025,D033,Staff Nurse,Full-Time,31180.23,2025-01-11,9752871196,aishwarya.sundaram92@outlook.com
EMP00657,Mahesh,Menon,Male,H005,D006,Accountant,Full-Time,108076.48,2016-01-01,9699251718,mahesh.menon48@rediffmail.com
EMP00658,Vani,Chandrasekaran,Female,H027,D036,Receptionist,Full-Time,79808.64,2010-09-27,9701781406,vani.chandrasekaran71@gmail.com
EMP00659,Balaji,Venkatesh,Male,H015,D020,Housekeeping Staff,Contract,37305.57,2011-12-18,9646709465,balaji.venkatesh77@rediffmail.com
EMP00660,Geetha,Venkatesh,Female,H019,D025,Lab Technician,Full-Time,68341.74,2015-11-07,9251406065,geetha.venkatesh98@rediffmail.com
EMP00661,Indira,Pillai,Female,H030,D040,Pharmacist,Full-Time,112864.34,2022-04-27,9335259890,indira.pillai87@outlook.com
EMP00662,Ramya,Pillai,Female,H019,D025,IT Support,Full-Time,92935.02,2025-07-30,9785986561,ramya.pillai50@outlook.com
EMP00663,Vinod,Achari,Male,H030,,Housekeeping Staff,Full-Time,95969.53,2024-04-27,9791383074,vinod.achari45@outlook.com
EMP00664,Keerthana,Reddappa,Female,H003,,Housekeeping Staff,Part-Time,65516.57,2010-09-16,9130975418,keerthana.reddappa77@outlook.com
EMP00665,Ganesh,Kamath,Male,H013,D017,Accountant,Full-Time,28629.3,2006-06-27,9127458895,ganesh.kamath58@outlook.com
EMP00666,Aishwarya,Bhat,Female,H017,,Lab Technician,Full-Time,98178.55,2022-02-18,9692623919,aishwarya.bhat18@rediffmail.com
EMP00667,Deepak,Menon,Male,H013,D017,Lab Technician,Full-Time,88141.26,2007-06-05,9018216711,deepak.menon87@outlook.com
EMP00668,Keerthana,Subramaniam,Female,H021,D028,Administrator,Part-Time,119745.57,2009-05-28,9269589405,keerthana.subramaniam95@yahoo.com
EMP00669,Vidya,Shetty,Female,H013,D016,Radiology Technician,Full-Time,85682.5,2024-03-03,9467914383,vidya.shetty55@gmail.com
EMP00670,Bhavya,Nair,Female,H004,D005,Radiology Technician,Full-Time,59832.82,2019-02-22,9860833005,bhavya.nair25@yahoo.com
EMP00671,Krishnan,Panicker,Male,H022,D030,Accountant,Full-Time,91013.17,2015-09-30,9893491234,krishnan.panicker85@outlook.com
EMP00672,Karthik,Sarma,Male,H023,D031,Radiology Technician,Full-Time,54410.66,2018-04-20,9521041069,karthik.sarma68@yahoo.com
EMP00673,Bhavya,Nair,Female,H025,D033,HR Executive,Full-Time,111299.21,2010-03-18,9810520249,bhavya.nair1@outlook.com
EMP00674,Tara,Achari,Female,H015,D019,Housekeeping Staff,Full-Time,28441.12,2015-09-21,9550952665,tara.achari77@gmail.com
EMP00675,Ravi,Reddy,Male,H002,D002,Security Staff,Full-Time,118221.18,2009-09-14,9888523571,ravi.reddy33@yahoo.com
EMP00676,Manasa,Natarajan,Female,H004,D005,Staff Nurse,Full-Time,27471.16,2014-06-28,9746720304,manasa.natarajan17@outlook.com
EMP00677,Srinivas,Bhat,Male,H006,D007,Radiology Technician,Full-Time,99068.09,2012-07-10,9588146784,srinivas.bhat54@yahoo.com
EMP00678,Haritha,Raman,Female,H017,D022,Lab Technician,Full-Time,23629.8,2013-02-04,9206362808,haritha.raman94@rediffmail.com
EMP00679,Naveen,Krishnan,Male,H013,D017,HR Executive,Full-Time,19951.27,2014-12-21,9826587441,naveen.krishnan75@yahoo.com
EMP00680,Venkatesh,Reddappa,Male,H024,D032,Accountant,Full-Time,76855.75,2006-11-30,9149027425,venkatesh.reddappa96@yahoo.com
EMP00681,Charitha,Mudaliar,M,H014,D018,Receptionist,Full-Time,73893.62,2019-01-10,9175049830,charitha.mudaliar96@rediffmail.com
EMP00682,Geetha,Menon,Female,H021,,Receptionist,Full-Time,98440.64,2013-04-11,9743989374,geetha.menon49@outlook.com
EMP00683,Manoj,Gopalakrishnan,Male,H010,D013,Lab Technician,Full-Time,42427.2,2021-11-29,9196022672,manoj.gopalakrishnan52@rediffmail.com
EMP00684,Ramesh,Subramaniam,Male,H029,D039,Lab Technician,Full-Time,35353.55,2019-04-04,9359284532,ramesh.subramaniam26@rediffmail.com
EMP00685,Tara,Menon,Female,H023,D031,Ward Boy,Full-Time,82732.14,2014-05-11,9397671697,tara.menon75@rediffmail.com
EMP00686,Indira,Chandrasekaran,M,H025,D033,Radiology Technician,Full-Time,79313.08,2005-02-17,9357271384,indira.chandrasekaran44@yahoo.com
EMP00687,Jyothi,Iyengar,Female,H018,D023,Administrator,Full-Time,32549.42,2016-07-25,9091325573,jyothi.iyengar99@yahoo.com
EMP00688,Radha,Bhat,Female,H005,D006,Security Staff,Full-Time,22775.09,2023-08-15,9892763533,radha.bhat15@gmail.com
EMP00689,Mahesh,Chandrasekaran,Male,H015,D019,Radiology Technician,Full-Time,61673.94,2012-06-11,9906947188,mahesh.chandrasekaran16@rediffmail.com
EMP00690,Manasa,Chetty,Female,H006,D007,HR Executive,Full-Time,36321.95,2020-01-17,9744054417,manasa.chetty64@rediffmail.com
EMP00691,Keerthana,Menon,Female,H005,,Administrator,Part-Time,41299.05,2020-03-28,9644107275,keerthana.menon67@gmail.com
EMP00692,Radha,Menon,Female,H005,D006,Radiology Technician,Full-Time,100770.6,2018-01-21,9399584786,radha.menon22@gmail.com
EMP00693,Girish,Naicker,Male,H007,,Receptionist,Part-Time,59087.32,2022-08-01,9734612241,girish.naicker28@rediffmail.com
EMP00694,Bhavya,Reddy,Female,H009,D012,Security Staff,Full-Time,67658.01,2008-11-04,9991366276,bhavya.reddy64@rediffmail.com
EMP00695,Rajesh,Gowda,Male,H030,D040,Housekeeping Staff,Full-Time,52128.06,2019-01-31,9465757700,rajesh.gowda67@outlook.com
EMP00696,Pooja,Iyer,Female,H009,D012,Administrator,Full-Time,87093.09,2019-04-16,9650704891,pooja.iyer74@outlook.com
EMP00697,Manoj,Varma,Male,H018,D023,Staff Nurse,Contract,19024.56,2015-08-18,9962450094,manoj.varma34@rediffmail.com
EMP00698,Devi,Varma,Female,H017,D022,Housekeeping Staff,Full-Time,66161.39,2014-01-02,9655285272,devi.varma72@rediffmail.com
EMP00699,Girish,Murthy,Male,H027,D036,Administrator,Full-Time,44856.2,2020-05-10,9817393121,girish.murthy75@gmail.com
EMP00700,Vijay,Varma,Male,H002,D002,HR Executive,Full-Time,74960.33,2006-10-15,9525784651,vijay.varma85@gmail.com
EMP00701,Uma,Chandrasekaran,Female,H023,D031,Housekeeping Staff,Full-Time,114450.91,2005-11-14,9440926620,uma.chandrasekaran25@gmail.com
EMP00702,Manasa,Reddy,Female,H024,D032,Ward Boy,Full-Time,43785.86,2019-11-23,9488185242,manasa.reddy55@yahoo.com
EMP00703,Ganesh,Panicker,Male,H030,D040,Accountant,Full-Time,85658.27,2015-01-01,9319221538,ganesh.panicker7@yahoo.com
EMP00704,Chitra,Nair,Female,H015,D019,Lab Technician,Full-Time,105900.1,2007-12-03,9817402515,chitra.nair33@outlook.com
EMP00705,Anitha,Ramanathan,Female,H028,D037,HR Executive,Full-Time,37516.69,2015-08-24,9507070966,anitha.ramanathan95@gmail.com
EMP00706,Krishnan,Chetty,F,H027,D036,Receptionist,Full-Time,69465.77,2025-01-11,9273400584,krishnan.chetty7@yahoo.com
EMP00707,Meena,Gopalakrishnan,Female,H005,D006,IT Support,Contract,48043.05,2019-03-15,9136526052,meena.gopalakrishnan28@outlook.com
EMP00708,Jayanthi,Achari,Female,H025,D033,Lab Technician,Contract,54831.71,2008-02-17,9721261913,jayanthi.achari87@yahoo.com
EMP00709,Ramya,Varma,Female,H024,D032,IT Support,Part-Time,117966.4,2019-08-21,9714989611,ramya.varma33@rediffmail.com
EMP00710,Ramya,Chandrasekaran,m,H014,D018,Accountant,Full-Time,96776.04,2010-05-03,9362958712,ramya.chandrasekaran5@yahoo.com
EMP00711,Abhinav,Iyengar,Male,H013,D017,Lab Technician,Full-Time,41755.72,2012-11-15,9160842428,abhinav.iyengar50@yahoo.com
EMP00712,Raghav,Panicker,Male,H011,D014,Radiology Technician,Full-Time,65051.1,2025-05-31,9378419521,raghav.panicker6@rediffmail.com
EMP00713,Devi,Ramanathan,Female,H005,,Lab Technician,Full-Time,116639.19,2025-10-02,9175047496,devi.ramanathan42@rediffmail.com
EMP00714,Uday,Raman,Male,H027,D036,Pharmacist,Full-Time,43221.38,2009-11-29,9705416508,uday.raman53@outlook.com
EMP00715,Chandran,Chetty,Male,H017,D022,Administrator,Full-Time,71789.17,2017-03-19,9914714936,chandran.chetty17@gmail.com
EMP00716,Harish,Ramanathan,Male,H025,,Lab Technician,Part-Time,100094.49,2005-08-23,9947870894,harish.ramanathan43@outlook.com
EMP00717,Lakshmi,Natarajan,Female,H013,D016,Ward Boy,Full-Time,25553.71,2021-04-12,9546673774,lakshmi.natarajan93@outlook.com
EMP00718,Kala,Varma,Female,H026,D035,Pharmacist,Part-Time,98915.48,2007-08-14,9206706951,kala.varma54@outlook.com
EMP00719,Nandini,Sundaram,Female,H017,D022,Administrator,Full-Time,62083.0,2022-02-17,9598922388,nandini.sundaram13@outlook.com
EMP00720,Geetha,Pillai,Female,H024,,Accountant,Full-Time,91199.76,2024-06-14,9819909585,geetha.pillai57@yahoo.com
EMP00721,Krishnan,Bhat,Male,H026,D035,Lab Technician,Full-Time,114508.88,2020-12-10,9779348666,krishnan.bhat52@yahoo.com
EMP00722,Aishwarya,Kamath,Female,H026,D034,Accountant,Part-Time,55664.54,2016-05-10,9778761481,aishwarya.kamath39@rediffmail.com
EMP00723,Ganesh,Iyengar,Male,H023,D031,Ward Boy,Full-Time,84086.37,2021-02-11,9807541712,ganesh.iyengar70@outlook.com
EMP00724,Muthu,Krishnan,f,H019,D025,Ward Boy,Full-Time,48983.83,2007-08-24,9829185957,muthu.krishnan66@outlook.com
EMP00725,Ravi,Shetty,Male,H019,D025,Security Staff,Full-Time,86144.67,2021-11-10,9036423199,ravi.shetty27@yahoo.com
EMP00726,Tara,Menon,Female,H029,D039,Lab Technician,Full-Time,53090.67,2025-02-16,9873628324,tara.menon82@gmail.com
EMP00727,Deepika,Balasubramaniam,M,H004,D005,Staff Nurse,Full-Time,118263.29,2018-09-23,9539283649,deepika.balasubramaniam73@gmail.com
EMP00728,Divya,Naicker,Female,H005,D006,Security Staff,Full-Time,110261.42,2017-11-25,9212938013,divya.naicker63@rediffmail.com
EMP00729,Uday,Nair,Male,H008,D011,IT Support,Part-Time,21159.68,2024-09-04,9543489574,uday.nair76@gmail.com
EMP00730,Ramya,Gopalakrishnan,Female,H023,D031,Radiology Technician,Full-Time,99929.46,2010-12-17,9963050901,ramya.gopalakrishnan94@rediffmail.com
EMP00731,Gopal,Rao,Male,H022,D030,Pharmacist,Full-Time,42540.05,2013-03-18,9420218686,gopal.rao15@rediffmail.com
EMP00732,Uma,Panicker,Female,H016,D021,Administrator,Full-Time,104717.71,2015-10-18,9973899104,uma.panicker14@rediffmail.com
EMP00733,Anand,Chandrasekaran,M,H005,D006,Receptionist,Full-Time,110169.1,2010-09-12,9165841870,anand.chandrasekaran29@gmail.com
EMP00734,Yogesh,Sarma,Male,H022,D030,Lab Technician,Full-Time,46960.0,2025-07-11,9267748942,yogesh.sarma73@outlook.com
EMP00735,Latha,Gopalakrishnan,Female,H014,,Lab Technician,Full-Time,70065.27,2012-11-06,9897674997,latha.gopalakrishnan26@yahoo.com
EMP00736,Manoj,Raman,m,H021,D028,Administrator,Contract,37013.34,2025-05-11,9603988716,manoj.raman62@yahoo.com
EMP00737,Latha,Subramaniam,Female,H012,D015,Administrator,Full-Time,117496.99,2010-04-17,9813599011,latha.subramaniam94@gmail.com
EMP00738,Vidya,Murthy,Female,H010,D013,Receptionist,Part-Time,55717.04,2010-10-19,9181847114,vidya.murthy7@gmail.com
EMP00739,Nithin,Natarajan,Male,H010,D013,IT Support,Contract,18619.77,2019-12-16,9446353484,nithin.natarajan26@outlook.com
EMP00740,Girish,Mudaliar,Male,H016,D021,Ward Boy,Full-Time,77013.08,2017-10-24,9909511177,girish.mudaliar99@yahoo.com
EMP00741,Charitha,Venkatesh,Female,H009,D012,Ward Boy,Contract,109826.79,2012-07-03,9392227960,charitha.venkatesh36@gmail.com
EMP00742,Ramesh,Raman,Male,H018,D023,Accountant,Full-Time,30256.74,2017-12-02,9163031875,ramesh.raman11@yahoo.com
EMP00743,Uma,Sundaram,Female,H005,D006,Receptionist,Full-Time,41092.52,2010-09-24,9876746163,uma.sundaram12@rediffmail.com
EMP00744,Manoj,Panicker,Male,H024,D032,Receptionist,Part-Time,83559.22,2005-09-03,9810067410,manoj.panicker85@outlook.com
EMP00745,Naveen,Iyengar,m,H018,D023,IT Support,Full-Time,118418.08,2019-12-18,9735802037,naveen.iyengar41@outlook.com
EMP00746,Abhinav,Balasubramaniam,Male,H004,D005,Staff Nurse,Full-Time,51042.73,2011-02-23,9157288262,abhinav.balasubramaniam78@gmail.com
EMP00747,Vani,Natarajan,Female,H022,D030,Accountant,Full-Time,27565.86,2014-11-07,9292242969,vani.natarajan31@gmail.com
EMP00748,Ramesh,Reddappa,Male,H012,D015,Radiology Technician,Contract,74563.32,2008-05-30,9402785331,ramesh.reddappa48@gmail.com
EMP00749,Lakshmi,Iyer,Female,H013,D017,Security Staff,Contract,73176.95,2013-04-11,9265534078,lakshmi.iyer58@gmail.com
EMP00750,Hema,Sundaram,Female,H015,D019,Staff Nurse,Part-Time,105725.74,2022-11-02,9707217714,hema.sundaram1@gmail.com
EMP00751,Divya,Kamath,Female,H024,,Radiology Technician,Full-Time,29777.11,2009-06-10,9967531186,divya.kamath49@rediffmail.com
EMP00752,Muthu,Naicker,Male,H027,D036,Administrator,Full-Time,32350.55,2009-11-08,9704497782,muthu.naicker19@yahoo.com
EMP00753,Girish,Venkatesh,Male,H010,D013,Lab Technician,Full-Time,46327.4,2021-09-05,9975767265,girish.venkatesh6@outlook.com
EMP00754,Geetha,Achari,Female,H023,D031,Receptionist,Full-Time,27803.76,2019-10-30,9199877328,geetha.achari57@rediffmail.com
EMP00755,Malini,Gowda,Female,H023,,Lab Technician,Full-Time,89797.93,2021-05-06,9135043183,malini.gowda23@yahoo.com
EMP00756,Ramesh,Rao,Male,H029,D039,Administrator,Full-Time,109838.2,2006-11-13,9944203786,ramesh.rao91@gmail.com
EMP00757,Nandini,Mudaliar,Female,H025,D033,Lab Technician,Full-Time,74263.31,2022-05-23,9444630806,nandini.mudaliar27@gmail.com
EMP00758,Devi,Ramanathan,Female,H004,D005,HR Executive,Part-Time,94432.88,2022-04-15,9009179932,devi.ramanathan30@yahoo.com
EMP00759,Anitha,Gopalakrishnan,Female,H005,D006,Radiology Technician,Full-Time,27679.5,2006-01-04,9852433946,anitha.gopalakrishnan51@rediffmail.com
EMP00760,Tarun,Reddappa,Male,H013,D017,Pharmacist,Full-Time,117992.99,2024-04-30,9444376787,tarun.reddappa80@yahoo.com
EMP00761,Uma,Sundaram,Female,H002,D002,Radiology Technician,Full-Time,35269.56,2005-11-16,9792868545,uma.sundaram67@yahoo.com
EMP00762,Uday,Venkatesh,Male,H005,D006,Pharmacist,Full-Time,87625.09,2014-04-08,9639728604,uday.venkatesh48@yahoo.com
EMP00763,Ramya,Achari,Female,H027,,Accountant,Contract,19038.92,2018-08-03,9901764851,ramya.achari49@rediffmail.com
EMP00764,Geetha,Subramaniam,Female,H018,D023,Staff Nurse,Full-Time,49807.19,2013-04-14,9407085072,geetha.subramaniam77@gmail.com
EMP00765,Vijay,Pillai,Male,H018,D023,Housekeeping Staff,Full-Time,98054.69,2022-05-06,9383514129,vijay.pillai22@yahoo.com
EMP00766,Jayanthi,Gowda,m,H004,D005,IT Support,Full-Time,76955.06,2011-07-26,9198921917,jayanthi.gowda47@yahoo.com
EMP00767,Sandeep,Krishnan,Male,H005,D006,Receptionist,Full-Time,39886.24,2018-08-11,9647625298,sandeep.krishnan46@yahoo.com
EMP00768,Keerthana,Bhat,Female,H016,D021,Administrator,Full-Time,46391.15,2020-10-31,9833498587,keerthana.bhat5@yahoo.com
EMP00769,Karthik,Naicker,Male,H004,D005,Administrator,Full-Time,31105.51,2009-06-16,9612922676,karthik.naicker63@outlook.com
EMP00770,Gopal,Sundaram,Male,H028,D038,Receptionist,Full-Time,36003.22,2012-03-27,9595811790,gopal.sundaram22@yahoo.com
EMP00771,Sathish,Bhat,Male,H009,D012,IT Support,Part-Time,101519.92,2022-07-13,9333428240,sathish.bhat95@gmail.com
EMP00772,Uday,Chetty,Male,H012,D015,Administrator,Part-Time,98315.51,2011-07-12,9248912751,uday.chetty35@yahoo.com
EMP00773,Abhinav,Menon,Male,H008,D010,HR Executive,Full-Time,28600.18,2012-05-29,9686408747,abhinav.menon69@gmail.com
EMP00774,Raghav,Chandrasekaran,Male,H010,D013,Radiology Technician,Contract,18608.84,2017-10-10,9261444284,raghav.chandrasekaran68@rediffmail.com
EMP00775,Sandeep,Achari,Male,H002,D002,Accountant,Full-Time,65732.43,2005-06-16,9688852306,sandeep.achari21@gmail.com
EMP00776,Devi,Chandrasekaran,Female,H006,D007,Accountant,Full-Time,62942.16,2021-11-07,9915674249,devi.chandrasekaran98@rediffmail.com
EMP00777,Aishwarya,Naidu,f,H021,D028,Accountant,Part-Time,112534.47,2022-10-01,9359515861,aishwarya.naidu31@gmail.com
EMP00778,Radha,Panicker,Female,H025,D033,Ward Boy,Full-Time,58129.93,2014-02-02,9810172856,radha.panicker89@gmail.com
EMP00779,Keerthana,Balasubramaniam,Female,H011,,Receptionist,Full-Time,81917.53,2008-12-17,9451791133,keerthana.balasubramaniam5@gmail.com
EMP00780,Ishwarya,Sundaram,Female,H004,,Staff Nurse,Full-Time,56820.32,2009-12-18,9780157104,ishwarya.sundaram24@gmail.com
EMP00781,Bhavani,Achari,Female,H025,,Radiology Technician,Full-Time,49169.63,2018-07-21,9788714749,bhavani.achari28@outlook.com
EMP00782,Malini,Kamath,Female,H005,D006,Administrator,Part-Time,78360.93,2022-03-02,9483420833,malini.kamath91@rediffmail.com
EMP00783,Geetha,Naicker,Female,H005,,HR Executive,Full-Time,39214.69,2011-09-08,9187165413,geetha.naicker57@outlook.com
EMP00784,Latha,Pillai,m,H006,D007,IT Support,Part-Time,33058.97,2017-08-09,9991191691,latha.pillai6@yahoo.com
EMP00785,Hema,Venkatesh,Female,H018,D023,HR Executive,Contract,101661.97,2017-01-09,9459584279,hema.venkatesh10@rediffmail.com
EMP00786,Manasa,Balasubramaniam,Female,H001,D001,Administrator,Full-Time,38813.67,2012-06-07,9336578841,manasa.balasubramaniam49@outlook.com
EMP00787,Vijay,Venkatesh,Male,H002,D002,Ward Boy,Full-Time,39454.99,2025-02-25,9272004908,vijay.venkatesh16@yahoo.com
EMP00788,Ganesh,Subramaniam,Male,H001,D001,Security Staff,Full-Time,99055.23,2011-06-29,9152925910,ganesh.subramaniam1@yahoo.com
EMP00789,Muthu,Bhat,Male,H002,D002,Receptionist,Full-Time,57879.5,2006-05-09,9991764667,muthu.bhat2@outlook.com
EMP00790,Bhavani,Sarma,Female,H017,D022,IT Support,Full-Time,118770.26,2016-02-12,9729319291,bhavani.sarma44@yahoo.com
EMP00791,Devi,Raman,Female,H023,D031,Staff Nurse,Full-Time,65344.89,2012-10-22,9956757516,devi.raman68@yahoo.com
EMP00792,Chandran,Venkatesh,M,H018,D023,Lab Technician,Full-Time,40294.79,2009-04-11,9192118038,chandran.venkatesh43@gmail.com
EMP00793,Balaji,Pillai,Male,H012,D015,Radiology Technician,Part-Time,77871.84,2018-02-17,9182341576,balaji.pillai87@outlook.com
EMP00794,Senthil,Subramaniam,Male,H015,D020,Administrator,Contract,54294.35,2017-05-25,9531702346,senthil.subramaniam81@outlook.com
EMP00795,Gopal,Balasubramaniam,Male,H005,D006,Staff Nurse,Full-Time,99870.54,2018-12-08,9104761877,gopal.balasubramaniam10@gmail.com
EMP00796,Aishwarya,Chetty,M,H023,D031,Ward Boy,Part-Time,78016.74,2018-04-14,9976252000,aishwarya.chetty82@rediffmail.com
EMP00797,Charitha,Hegde,Female,H017,D022,Accountant,Full-Time,25578.16,2018-09-26,9208796572,charitha.hegde48@yahoo.com
EMP00798,Vidya,Iyengar,Female,H006,D007,Accountant,Part-Time,57587.68,2013-05-22,9116472305,vidya.iyengar57@gmail.com
EMP00799,Chandran,Mudaliar,Male,H026,D035,Housekeeping Staff,Full-Time,84139.28,2017-05-09,9878179668,chandran.mudaliar91@yahoo.com
EMP00800,Bhavya,Gowda,M,H028,D038,Housekeeping Staff,Full-Time,42261.41,2005-10-10,9021802435,bhavya.gowda2@gmail.com
EMP00801,Harish,Panicker,Male,H002,D002,Lab Technician,Full-Time,64260.92,2022-05-20,9184052216,harish.panicker44@gmail.com
EMP00802,Karthik,Raman,Male,H027,D036,Ward Boy,Full-Time,53164.89,2021-07-21,9944017170,karthik.raman51@rediffmail.com
EMP00803,Dinesh,Shetty,Male,H009,,Pharmacist,Full-Time,38357.95,2018-11-28,9586934859,dinesh.shetty20@rediffmail.com
EMP00804,Indira,Hegde,Female,H020,D027,Receptionist,Full-Time,49761.61,2024-10-18,9251700663,indira.hegde70@outlook.com
EMP00805,Ashok,Bhat,Male,H025,,Ward Boy,Full-Time,59841.19,2019-07-01,9320863457,ashok.bhat93@gmail.com
EMP00806,Charitha,Raman,Female,H030,,Accountant,Full-Time,47408.75,2023-04-16,9499180027,charitha.raman25@gmail.com
EMP00807,Vijay,Nair,Male,H014,D018,Staff Nurse,Contract,63685.43,2019-08-26,9244810523,vijay.nair27@yahoo.com
EMP00808,Keerthana,Mudaliar,Female,H029,,Administrator,Full-Time,34507.76,2005-07-10,9948911822,keerthana.mudaliar24@yahoo.com
EMP00809,Venkatesh,Hegde,Male,H005,D006,Ward Boy,Contract,36001.62,2014-02-18,9663907851,venkatesh.hegde97@gmail.com
EMP00810,Jayanthi,Hegde,Female,H008,D011,Accountant,Full-Time,107037.78,2024-09-18,9933996789,jayanthi.hegde40@rediffmail.com
EMP00811,Pradeep,Chetty,Male,H029,D039,Housekeeping Staff,Full-Time,42991.86,2020-10-08,9490134981,pradeep.chetty39@yahoo.com
EMP00812,Suresh,Ramanathan,Male,H019,D024,Receptionist,Full-Time,79090.7,2011-03-26,9746073033,suresh.ramanathan37@outlook.com
EMP00813,Hema,Krishnan,F,H023,D031,Lab Technician,Contract,78579.94,2008-01-14,9228626276,hema.krishnan34@outlook.com
EMP00814,Mahesh,Ramanathan,Male,H025,D033,HR Executive,Full-Time,44189.56,2014-07-31,9393610858,mahesh.ramanathan62@rediffmail.com
EMP00815,Lokesh,Natarajan,Male,H019,D025,HR Executive,Part-Time,118402.78,2017-09-19,9950744272,lokesh.natarajan80@yahoo.com
EMP00816,Aishwarya,Hegde,Female,H028,,Staff Nurse,Full-Time,28583.96,2023-09-02,9260530115,aishwarya.hegde22@yahoo.com
EMP00817,Deepa,Kamath,Female,H017,D022,Pharmacist,Full-Time,37076.51,2024-12-06,9605124005,deepa.kamath48@rediffmail.com
EMP00818,Tara,Menon,Female,H011,,Security Staff,Full-Time,95913.89,2013-09-19,9937364846,tara.menon74@yahoo.com
EMP00819,Jayanthi,Ramanathan,Female,H004,D005,Accountant,Full-Time,92042.43,2018-08-31,9044272373,jayanthi.ramanathan71@yahoo.com
EMP00820,Indira,Gowda,Female,H018,D023,Receptionist,Part-Time,79108.15,2014-09-29,9905076934,indira.gowda36@gmail.com
EMP00821,Balaji,Bhat,Male,H022,D029,IT Support,Part-Time,112857.43,2015-12-27,9324464218,balaji.bhat76@rediffmail.com
EMP00822,Krishnan,Sundaram,F,H020,D027,Administrator,Full-Time,97697.76,2021-09-05,9385810942,krishnan.sundaram74@gmail.com
EMP00823,Ravi,Naidu,Male,H029,D039,Administrator,Full-Time,112756.71,2009-08-16,9733005683,ravi.naidu97@rediffmail.com
EMP00824,Kiran,Sundaram,Male,H030,D040,Receptionist,Part-Time,47176.31,2010-02-19,9863360021,kiran.sundaram20@yahoo.com
EMP00825,Tara,Achari,Female,H008,D011,Security Staff,Part-Time,106979.11,2008-08-30,9022713691,tara.achari7@gmail.com
EMP00826,Ashok,Hegde,Male,H023,D031,HR Executive,Full-Time,65172.59,2024-06-12,9676776922,ashok.hegde4@gmail.com
EMP00827,Deepa,Krishnan,M,H014,D018,Administrator,Contract,110328.88,2021-08-12,9232462395,deepa.krishnan71@rediffmail.com
EMP00828,Gopal,Achari,Male,H006,D007,Administrator,Full-Time,71414.76,2025-07-13,9044028681,gopal.achari43@rediffmail.com
EMP00829,Sathish,Varma,Male,H027,,Administrator,Full-Time,114662.03,2006-11-12,9886105495,sathish.varma65@gmail.com
EMP00830,Varun,Panicker,Male,H003,D004,Receptionist,Full-Time,32855.5,2021-10-24,9731998413,varun.panicker27@yahoo.com
EMP00831,Vidya,Rao,Female,H012,D015,Ward Boy,Part-Time,83127.15,2010-12-28,9425653867,vidya.rao30@outlook.com
EMP00832,Pooja,Reddappa,m,H013,D017,Accountant,Full-Time,67958.82,2011-06-22,9959207703,pooja.reddappa64@outlook.com
EMP00833,Usha,Ramanathan,Female,H005,D006,Lab Technician,Full-Time,97836.87,2012-04-02,9635134083,usha.ramanathan73@rediffmail.com
EMP00834,Nandini,Achari,Female,H027,D036,Housekeeping Staff,Full-Time,118259.07,2006-08-09,9461721062,nandini.achari98@gmail.com
EMP00835,Suresh,Achari,f,H016,D021,HR Executive,Part-Time,67587.77,2019-07-27,9005535740,suresh.achari44@rediffmail.com
EMP00836,Krishnan,Sarma,f,H030,D040,Lab Technician,Full-Time,107631.04,2008-05-20,9432479178,krishnan.sarma12@rediffmail.com
EMP00837,Pooja,Chetty,Female,H004,D005,Staff Nurse,Full-Time,101503.59,2005-02-23,9664335550,pooja.chetty4@yahoo.com
EMP00838,Rajesh,Sarma,Male,H015,D020,HR Executive,Part-Time,34116.05,2017-10-02,9784818029,rajesh.sarma11@yahoo.com
EMP00839,Charitha,Balasubramaniam,Female,H019,D024,Security Staff,Full-Time,94613.29,2011-05-01,9558951921,charitha.balasubramaniam47@rediffmail.com
EMP00840,Bhavani,Balasubramaniam,Female,H021,D028,IT Support,Part-Time,93621.25,2015-08-15,9655610113,bhavani.balasubramaniam82@gmail.com
EMP00841,Kiran,Iyer,Male,H017,D022,Pharmacist,Full-Time,56524.98,2010-07-16,9594252262,kiran.iyer73@gmail.com
EMP00842,Tara,Krishnan,Female,H015,D019,Staff Nurse,Full-Time,99415.69,2005-02-17,9304797964,tara.krishnan10@outlook.com
EMP00843,Vidya,Iyengar,Female,H015,D020,Housekeeping Staff,Full-Time,91734.64,2024-07-01,9868098730,vidya.iyengar85@outlook.com
EMP00844,Ramesh,Naicker,Male,H010,D013,Security Staff,Full-Time,37230.25,2012-06-12,9638736819,ramesh.naicker22@rediffmail.com
EMP00845,Deepika,Mudaliar,Female,H007,D009,Lab Technician,Full-Time,112158.41,2021-04-02,9971917454,deepika.mudaliar18@yahoo.com
EMP00846,Priya,Sundaram,Female,H016,D021,Administrator,Contract,46045.25,2008-10-19,9387683485,priya.sundaram66@outlook.com
EMP00847,Pradeep,Mudaliar,Male,H014,D018,Receptionist,Full-Time,92163.98,2024-08-21,9663636938,pradeep.mudaliar29@yahoo.com
EMP00848,Ishwarya,Gowda,Female,H019,D025,HR Executive,Contract,68772.62,2005-05-27,9950164747,ishwarya.gowda61@yahoo.com
EMP00849,Manoj,Natarajan,Male,H010,D013,Security Staff,Full-Time,52956.31,2006-01-20,9241057320,manoj.natarajan86@rediffmail.com
EMP00850,Yamuna,Iyengar,Female,H023,D031,Security Staff,Full-Time,51880.85,2011-09-07,9827383524,yamuna.iyengar25@outlook.com
EMP00851,Karthik,Sundaram,F,H001,D001,Housekeeping Staff,Full-Time,23642.38,2008-11-20,9250074912,karthik.sundaram65@rediffmail.com
EMP00852,Sandhya,Shetty,Female,H030,D040,Ward Boy,Full-Time,35786.71,2009-03-28,9821867509,sandhya.shetty69@yahoo.com
EMP00853,Uday,Sarma,Male,H027,D036,Radiology Technician,Full-Time,31904.26,2019-03-26,9349214392,uday.sarma20@gmail.com
EMP00854,Haritha,Chetty,Female,H005,D006,Staff Nurse,Full-Time,29511.9,2010-10-13,9244064328,haritha.chetty43@gmail.com
EMP00855,Devi,Naidu,f,H018,D023,Housekeeping Staff,Full-Time,32094.55,2019-06-10,9714450503,devi.naidu81@gmail.com
EMP00856,Aishwarya,Rao,m,H001,D001,Security Staff,Full-Time,112435.79,2023-08-16,9194222059,aishwarya.rao95@rediffmail.com
EMP00857,Tara,Hegde,Female,H005,D006,Radiology Technician,Full-Time,56025.74,2013-07-21,9557707048,tara.hegde37@yahoo.com
EMP00858,Manoj,Rao,Male,H028,D038,HR Executive,Contract,117970.72,2017-09-13,9707098254,manoj.rao19@gmail.com
EMP00859,Jyothi,Subramaniam,Female,H016,D021,Pharmacist,Full-Time,74486.58,2025-12-16,9738649709,jyothi.subramaniam45@gmail.com
EMP00860,Divya,Murthy,Female,H029,,Pharmacist,Full-Time,33215.8,2024-03-31,9668437428,divya.murthy9@yahoo.com
EMP00861,Manoj,Krishnan,Male,H027,D036,Administrator,Full-Time,46832.63,2017-03-24,9471929620,manoj.krishnan76@outlook.com
EMP00862,Geetha,Pillai,Female,H027,,Security Staff,Part-Time,24872.97,2024-03-20,9809875253,geetha.pillai66@outlook.com
EMP00863,Sandhya,Varma,Female,H001,D001,Pharmacist,Contract,113805.41,2016-08-20,9275421195,sandhya.varma76@outlook.com
EMP00864,Bhavya,Kamath,Female,H006,,IT Support,Full-Time,46306.11,2025-11-17,9482873506,bhavya.kamath20@gmail.com
EMP00865,Keerthana,Pillai,Female,H013,D017,Administrator,Part-Time,115018.31,2006-02-09,9907425673,keerthana.pillai17@yahoo.com
EMP00866,Elango,Sundaram,F,H015,D020,Administrator,Full-Time,48428.26,2005-05-02,9609321541,elango.sundaram66@rediffmail.com
EMP00867,Keerthana,Mudaliar,M,H006,D007,Administrator,Full-Time,52233.31,2011-12-10,9879170203,keerthana.mudaliar62@gmail.com
EMP00868,Deepika,Chetty,Female,H028,D037,Ward Boy,Part-Time,54296.65,2014-04-28,9701809523,deepika.chetty32@gmail.com
EMP00869,Manoj,Krishnan,Male,H002,D002,HR Executive,Contract,18861.68,2012-04-23,9561271947,manoj.krishnan49@yahoo.com
EMP00870,Nithin,Naidu,Male,H008,D011,Staff Nurse,Full-Time,112612.01,2014-06-22,9643083380,nithin.naidu13@rediffmail.com
EMP00871,Gayathri,Sundaram,Female,H022,D030,Staff Nurse,Full-Time,27776.94,2020-06-27,9953991705,gayathri.sundaram95@rediffmail.com
EMP00872,Keerthana,Naidu,Female,H018,,Accountant,Full-Time,80173.99,2011-05-04,9905711922,keerthana.naidu44@outlook.com
EMP00873,Uday,Hegde,Male,H008,,Housekeeping Staff,Full-Time,75767.36,2017-01-28,9567608910,uday.hegde36@yahoo.com
EMP00874,Jayanthi,Gopalakrishnan,Female,H025,D033,Security Staff,Full-Time,74018.16,2020-02-27,9551991813,jayanthi.gopalakrishnan16@yahoo.com
EMP00875,Yogesh,Pillai,Male,H015,D019,Administrator,Part-Time,28082.29,2007-04-20,9520228461,yogesh.pillai78@rediffmail.com
EMP00876,Deepak,Mudaliar,Male,H019,D024,Pharmacist,Part-Time,80466.09,2018-03-05,9169700277,deepak.mudaliar75@outlook.com
EMP00877,Ramesh,Chandrasekaran,Male,H010,D013,Staff Nurse,Full-Time,22368.58,2018-08-07,9131254529,ramesh.chandrasekaran29@gmail.com
EMP00878,Ganesh,Chandrasekaran,Male,H013,,Pharmacist,Full-Time,115936.37,2014-01-16,9994156619,ganesh.chandrasekaran54@outlook.com
EMP00879,Usha,Murthy,Female,H005,D006,Ward Boy,Full-Time,43449.29,2013-05-08,9073120073,usha.murthy94@rediffmail.com
EMP00880,Kala,Iyer,Female,H019,D025,IT Support,Full-Time,24326.06,2020-10-09,9836831781,kala.iyer64@rediffmail.com
EMP00881,Krishnan,Ramanathan,Male,H028,D037,Staff Nurse,Part-Time,108026.85,2015-07-26,9635809044,krishnan.ramanathan22@rediffmail.com
EMP00882,Ganesh,Rao,Male,H005,D006,Accountant,Full-Time,107513.21,2007-10-17,9867368393,ganesh.rao88@gmail.com
EMP00883,Kiran,Murthy,Male,H006,D007,Housekeeping Staff,Part-Time,44980.5,2014-06-13,9089266318,kiran.murthy6@outlook.com
EMP00884,Nithin,Iyer,Male,H021,D028,HR Executive,Full-Time,47970.2,2023-10-31,9276649779,nithin.iyer96@gmail.com
EMP00885,Nithin,Balasubramaniam,Male,H004,D005,Receptionist,Full-Time,41928.06,2019-01-22,9624021657,nithin.balasubramaniam67@rediffmail.com
EMP00886,Devi,Natarajan,Female,H013,D017,Accountant,Full-Time,57752.9,2016-06-29,9850860944,devi.natarajan35@yahoo.com
EMP00887,Ravi,Shetty,Male,H006,,Accountant,Full-Time,86268.4,2020-12-10,9012761804,ravi.shetty55@yahoo.com
EMP00888,Yamuna,Subramaniam,Female,H004,D005,Housekeeping Staff,Full-Time,74489.66,2014-01-08,9715602443,yamuna.subramaniam6@rediffmail.com
EMP00889,Senthil,Hegde,Male,H012,D015,Security Staff,Full-Time,42990.1,2018-09-19,9190853684,senthil.hegde83@outlook.com
EMP00890,Elango,Iyengar,Male,H028,D037,Pharmacist,Full-Time,28025.8,2007-06-29,9809364058,elango.iyengar47@yahoo.com
EMP00891,Kala,Nair,Female,H009,D012,IT Support,Full-Time,32561.39,2020-07-03,9300027060,kala.nair14@outlook.com
EMP00892,Priya,Reddy,Female,H010,D013,Ward Boy,Contract,72166.21,2014-08-29,9831584440,priya.reddy23@rediffmail.com
EMP00893,Anitha,Hegde,Female,H006,D007,HR Executive,Full-Time,103849.84,2015-09-02,9607419829,anitha.hegde17@gmail.com
EMP00894,Vinod,Nair,Male,H015,D019,Pharmacist,Part-Time,48230.18,2016-11-25,9875275313,vinod.nair73@outlook.com
EMP00895,Pooja,Reddappa,Female,H016,D021,Radiology Technician,Part-Time,65653.36,2021-12-17,9734777826,pooja.reddappa3@rediffmail.com
EMP00896,Malini,Chandrasekaran,Female,H015,D019,Accountant,Part-Time,41430.08,2020-08-21,9490414994,malini.chandrasekaran69@gmail.com
EMP00897,Geetha,Krishnan,Female,H008,D010,Receptionist,Full-Time,60459.03,2009-01-19,9441004243,geetha.krishnan89@outlook.com
EMP00898,Balaji,Kamath,Male,H002,D002,Security Staff,Part-Time,115329.39,2020-09-28,9563680020,balaji.kamath60@yahoo.com
EMP00899,Keerthana,Pillai,Female,H026,D035,HR Executive,Full-Time,107213.77,2010-09-11,9651725697,keerthana.pillai30@gmail.com
EMP00900,Tara,Krishnan,Female,H015,D020,Housekeeping Staff,Full-Time,78523.62,2022-06-07,9955160090,tara.krishnan32@rediffmail.com
EMP00901,Malini,Iyengar,Female,H030,D040,IT Support,Contract,112054.93,2024-06-16,9226796160,malini.iyengar55@gmail.com
EMP00902,Devi,Krishnan,Female,H007,D008,Staff Nurse,Full-Time,93402.3,2021-07-30,9647475520,devi.krishnan23@rediffmail.com
EMP00903,Uday,Achari,Male,H003,D003,Lab Technician,Full-Time,54101.01,2018-06-16,9855923496,uday.achari66@gmail.com
EMP00904,Uma,Bhat,F,H013,D016,HR Executive,Part-Time,98999.65,2018-03-10,9389968579,uma.bhat40@rediffmail.com
EMP00905,Malini,Menon,Female,H023,D031,Accountant,Full-Time,18769.72,2013-10-12,9247236127,malini.menon59@yahoo.com
EMP00906,Nithin,Varma,Male,H003,D004,IT Support,Full-Time,114395.03,2011-07-15,9443916505,nithin.varma61@gmail.com
EMP00907,Elango,Gopalakrishnan,Male,H016,D021,Accountant,Part-Time,86074.87,2014-12-24,9075890730,elango.gopalakrishnan4@rediffmail.com
EMP00908,Suresh,Murthy,Male,H021,D028,Security Staff,Full-Time,101436.16,2015-10-21,9465513592,suresh.murthy78@rediffmail.com
EMP00909,Aishwarya,Krishnan,Female,H010,D013,Lab Technician,Full-Time,92665.91,2012-02-04,9462874017,aishwarya.krishnan20@rediffmail.com
EMP00910,Latha,Panicker,f,H002,D002,Receptionist,Full-Time,52459.1,2019-06-11,9874685165,latha.panicker23@outlook.com
EMP00911,Gayathri,Chetty,Female,H029,D039,Accountant,Part-Time,118933.29,2020-07-23,9952120702,gayathri.chetty1@outlook.com
EMP00912,Lakshmi,Hegde,Female,H014,D018,HR Executive,Full-Time,83469.8,2022-09-06,9596772012,lakshmi.hegde42@gmail.com
EMP00913,Hema,Panicker,Female,H014,D018,Security Staff,Part-Time,102966.28,2014-06-18,9395062973,hema.panicker28@yahoo.com
EMP00914,Karthik,Krishnan,Male,H002,D002,Receptionist,Full-Time,49400.32,2012-08-02,9360315989,karthik.krishnan76@rediffmail.com
EMP00915,Nandini,Nair,Female,H015,D019,HR Executive,Full-Time,21866.79,2007-02-22,9810500179,nandini.nair35@outlook.com
EMP00916,Ramya,Gowda,Female,H011,D014,Receptionist,Full-Time,110927.8,2017-02-28,9186289411,ramya.gowda52@rediffmail.com
EMP00917,Naveen,Sarma,Male,H012,D015,Lab Technician,Full-Time,40994.53,2007-05-12,9303032719,naveen.sarma78@outlook.com
EMP00918,Geetha,Hegde,Female,H003,D004,Ward Boy,Part-Time,78638.55,2006-02-22,9879788232,geetha.hegde13@rediffmail.com
EMP00919,Pradeep,Murthy,Male,H023,D031,Lab Technician,Full-Time,73230.55,2021-09-29,9283721176,pradeep.murthy75@gmail.com
EMP00920,Vani,Gowda,Female,H005,D006,Ward Boy,Full-Time,92300.74,2008-08-28,9889330177,vani.gowda2@outlook.com
EMP00921,Shobha,Reddappa,Female,H003,D004,Lab Technician,Full-Time,75107.99,2020-04-03,9576128201,shobha.reddappa1@outlook.com
EMP00922,Krishnan,Raman,Male,H016,D021,Lab Technician,Contract,87197.23,2014-07-08,9482126543,krishnan.raman1@outlook.com
EMP00923,Aishwarya,Sarma,Female,H021,D028,Radiology Technician,Full-Time,83661.46,2024-03-09,9666784523,aishwarya.sarma29@yahoo.com
EMP00924,Mohan,Chetty,f,H012,D015,Lab Technician,Full-Time,28424.17,2023-10-09,9066824800,mohan.chetty2@outlook.com
EMP00925,Indira,Krishnan,Female,H028,,IT Support,Part-Time,78587.05,2022-02-08,9371922010,indira.krishnan52@gmail.com
EMP00926,Suresh,Nair,Male,H027,D036,HR Executive,Part-Time,60576.25,2016-03-22,9315405488,suresh.nair12@yahoo.com
EMP00927,Jayanthi,Natarajan,Female,H005,D006,Pharmacist,Full-Time,25989.55,2010-07-08,9822387773,jayanthi.natarajan46@gmail.com
EMP00928,Suresh,Panicker,m,H010,D013,Radiology Technician,Full-Time,43391.43,2007-07-20,9323283356,suresh.panicker47@outlook.com
EMP00929,Haritha,Naicker,Female,H017,D022,Administrator,Full-Time,28544.85,2021-09-30,9039079654,haritha.naicker54@gmail.com
EMP00930,Gayathri,Varma,Female,H016,D021,Security Staff,Full-Time,47689.33,2014-04-07,9188027184,gayathri.varma83@rediffmail.com
EMP00931,Jyothi,Gowda,Female,H008,D010,Staff Nurse,Full-Time,103551.2,2008-01-25,9044219647,jyothi.gowda18@yahoo.com
EMP00932,Chitra,Panicker,Female,H004,D005,Receptionist,Full-Time,57391.61,2015-10-19,9504180843,chitra.panicker10@outlook.com
EMP00933,Girish,Kamath,Male,H022,D029,Administrator,Part-Time,63860.16,2018-04-22,9378721455,girish.kamath60@yahoo.com
EMP00934,Varun,Nair,Male,H027,D036,Lab Technician,Full-Time,117879.07,2024-02-21,9826424000,varun.nair22@yahoo.com
EMP00935,Gopal,Achari,Male,H005,D006,Security Staff,Full-Time,58190.56,2014-11-04,9541047739,gopal.achari36@rediffmail.com
EMP00936,Suresh,Subramaniam,Male,H019,D025,Accountant,Part-Time,96913.02,2025-09-03,9918005375,suresh.subramaniam40@yahoo.com
EMP00937,Kavya,Reddy,Female,H005,D006,Housekeeping Staff,Part-Time,27299.99,2025-02-14,9383055145,kavya.reddy47@gmail.com
EMP00938,Indira,Nair,Female,H015,D019,Pharmacist,Full-Time,67307.59,2007-05-08,9534831336,indira.nair87@rediffmail.com
EMP00939,Bhavya,Varma,Female,H001,D001,Pharmacist,Contract,99100.99,2011-01-12,9967049652,bhavya.varma40@gmail.com
EMP00940,Srinivas,Naidu,Male,H011,,Accountant,Full-Time,41584.65,2005-09-23,9460894098,srinivas.naidu98@gmail.com
EMP00941,Pradeep,Nair,Male,H029,D039,Lab Technician,Full-Time,115540.43,2008-07-25,9386304637,pradeep.nair14@rediffmail.com
EMP00942,Jyothi,Kamath,Female,H007,D008,Administrator,Full-Time,110645.03,2022-11-08,9028191516,jyothi.kamath88@outlook.com
EMP00943,Divya,Gowda,Female,H013,D016,Receptionist,Part-Time,81759.16,2021-05-26,9257353852,divya.gowda38@gmail.com
EMP00944,Deepak,Mudaliar,Male,H030,D040,Staff Nurse,Full-Time,96101.04,2009-09-21,9747519045,deepak.mudaliar29@gmail.com
EMP00945,Sangeetha,Kamath,Female,H030,D040,Receptionist,Full-Time,88127.3,2011-07-23,9050367526,sangeetha.kamath17@outlook.com
EMP00946,Anand,Sarma,Male,H005,D006,Receptionist,Full-Time,24280.43,2009-08-16,9425238997,anand.sarma1@rediffmail.com
EMP00947,Srinivas,Shetty,Male,H003,D004,Housekeeping Staff,Part-Time,119758.17,2021-10-21,9545280592,srinivas.shetty29@outlook.com
EMP00948,Jayanthi,Sarma,Female,H002,D002,Lab Technician,Full-Time,114470.93,2017-12-24,9895317463,jayanthi.sarma29@yahoo.com
EMP00949,Meena,Hegde,Female,H012,D015,Ward Boy,Full-Time,22341.0,2018-02-17,9587568927,meena.hegde56@gmail.com
EMP00950,Gayathri,Sundaram,Female,H019,D024,Radiology Technician,Full-Time,95415.97,2014-01-18,9828221733,gayathri.sundaram50@rediffmail.com
EMP00951,Vinod,Iyengar,Male,H029,D039,Administrator,Contract,49769.47,2008-04-10,9177194183,vinod.iyengar15@outlook.com
EMP00952,Tara,Shetty,Female,H011,D014,Ward Boy,Full-Time,83465.14,2010-07-09,9054343752,tara.shetty62@outlook.com
EMP00953,Bhavya,Iyengar,Female,H010,D013,Housekeeping Staff,Full-Time,96670.25,2015-04-30,9268632070,bhavya.iyengar76@gmail.com
EMP00954,Jyothi,Reddy,Female,H024,D032,HR Executive,Full-Time,26463.45,2016-04-27,9980022861,jyothi.reddy18@outlook.com
EMP00955,Geetha,Kamath,Female,H009,D012,Security Staff,Full-Time,118020.27,2007-07-20,9865475603,geetha.kamath26@yahoo.com
EMP00956,Vani,Iyer,Female,H013,D016,Ward Boy,Contract,53768.54,2010-06-29,9444068624,vani.iyer64@outlook.com
EMP00957,Manoj,Gowda,Male,H030,D040,Staff Nurse,Full-Time,98857.72,2016-02-19,9311181923,manoj.gowda83@outlook.com
EMP00958,Nandini,Murthy,Female,H004,D005,Ward Boy,Full-Time,21536.63,2012-05-11,9219503169,nandini.murthy18@outlook.com
EMP00959,Jayanthi,Panicker,Female,H021,D028,Security Staff,Full-Time,56110.53,2007-07-11,9330451663,jayanthi.panicker12@gmail.com
EMP00960,Jyothi,Panicker,Female,H017,,Receptionist,Full-Time,99533.55,2019-07-18,9339986693,jyothi.panicker59@outlook.com
EMP00961,Girish,Iyer,Male,H027,D036,Housekeeping Staff,Full-Time,56042.18,2007-10-22,9047124237,girish.iyer46@outlook.com
EMP00962,Rajesh,Chandrasekaran,Male,H005,D006,Ward Boy,Full-Time,97776.16,2016-03-07,9321461890,rajesh.chandrasekaran1@yahoo.com
EMP00963,Nandini,Reddy,Female,H025,D033,Pharmacist,Full-Time,73177.7,2018-05-06,9745752857,nandini.reddy38@gmail.com
EMP00964,Chitra,Murthy,Female,H008,,Pharmacist,Full-Time,29228.62,2009-06-19,9817731551,chitra.murthy96@gmail.com
EMP00965,Vijay,Menon,Male,H030,D040,Radiology Technician,Full-Time,33738.51,2013-07-14,9094640081,vijay.menon54@rediffmail.com
EMP00966,Ravi,Reddy,Male,H004,D005,Lab Technician,Contract,66201.0,2011-08-14,9450936947,ravi.reddy50@rediffmail.com
EMP00967,Vinod,Menon,m,H004,D005,Receptionist,Full-Time,48368.33,2009-07-10,9281596142,vinod.menon23@yahoo.com
EMP00968,Deepika,Gopalakrishnan,M,H002,D002,Receptionist,Part-Time,22565.85,2021-03-05,9294659092,deepika.gopalakrishnan54@rediffmail.com
EMP00969,Keerthana,Naidu,Female,H005,D006,Housekeeping Staff,Full-Time,25016.77,2025-01-11,9211455822,keerthana.naidu86@yahoo.com
EMP00970,Pradeep,Bhat,Male,H009,D012,HR Executive,Full-Time,43687.7,2016-08-12,9682253061,pradeep.bhat52@outlook.com
EMP00971,Raghav,Chetty,Male,H002,D002,Radiology Technician,Full-Time,100132.05,2022-11-27,9091693970,raghav.chetty31@gmail.com
EMP00972,Deepa,Bhat,Female,H006,D007,Pharmacist,Contract,63120.97,2013-07-17,9592851459,deepa.bhat88@outlook.com
EMP00973,Srinivas,Varma,m,H016,D021,Radiology Technician,Full-Time,111726.27,2020-12-13,9849454138,srinivas.varma53@rediffmail.com
EMP00974,Ganesh,Raman,M,H007,D008,Pharmacist,Full-Time,18947.79,2007-07-14,9529076629,ganesh.raman80@yahoo.com
EMP00975,Meena,Ramanathan,Female,H014,D018,Accountant,Full-Time,86197.39,2007-10-14,9414205101,meena.ramanathan93@rediffmail.com
EMP00976,Prakash,Naicker,Male,H017,D022,Radiology Technician,Contract,58051.77,2015-10-27,9631440849,prakash.naicker27@rediffmail.com
EMP00977,Keerthana,Naidu,f,H008,D010,Lab Technician,Full-Time,45800.46,2020-08-16,9020614146,keerthana.naidu63@rediffmail.com
EMP00978,Divya,Ramanathan,Female,H003,,HR Executive,Full-Time,54763.52,2023-02-03,9269733176,divya.ramanathan31@yahoo.com
EMP00979,Arun,Chandrasekaran,Male,H009,D012,Security Staff,Contract,60215.26,2022-09-15,9650399702,arun.chandrasekaran62@rediffmail.com
EMP00980,Manasa,Menon,Female,H030,D040,HR Executive,Full-Time,96552.3,2020-06-07,9846898580,manasa.menon51@yahoo.com
EMP00981,Karthik,Menon,Male,H005,D006,IT Support,Contract,53767.98,2016-12-24,9877372157,karthik.menon51@outlook.com
EMP00982,Bhavani,Iyer,Female,H002,D002,Radiology Technician,Part-Time,114190.7,2007-05-22,9249824568,bhavani.iyer33@gmail.com
EMP00983,Kavya,Pillai,Female,H001,D001,Radiology Technician,Full-Time,45911.35,2018-09-20,9262857853,kavya.pillai6@yahoo.com
EMP00984,Tarun,Pillai,Male,H017,D022,Security Staff,Contract,112267.41,2009-07-07,9975277850,tarun.pillai62@rediffmail.com
EMP00985,Naveen,Chandrasekaran,Male,H026,D035,Security Staff,Part-Time,29758.59,2022-08-10,9251992020,naveen.chandrasekaran33@gmail.com
EMP00986,Geetha,Venkatesh,Female,H001,D001,Radiology Technician,Part-Time,45004.7,2020-11-05,9966463815,geetha.venkatesh37@outlook.com
EMP00987,Kiran,Sarma,Male,H017,D022,HR Executive,Part-Time,76770.11,2023-01-25,9489840648,kiran.sarma98@gmail.com
EMP00988,Venkatesh,Mudaliar,Male,H008,,Accountant,Full-Time,23678.16,2005-07-25,9799134435,venkatesh.mudaliar67@rediffmail.com
EMP00989,Mahesh,Bhat,Male,H005,D006,HR Executive,Contract,99437.46,2018-03-16,9384716159,mahesh.bhat12@gmail.com
EMP00990,Krishnan,Naidu,f,H024,,IT Support,Full-Time,105322.87,2005-07-15,9951716844,krishnan.naidu44@rediffmail.com
EMP00991,Arun,Sarma,Male,H008,D011,Lab Technician,Full-Time,46919.5,2009-03-16,9250039927,arun.sarma57@gmail.com
EMP00992,Rajesh,Chetty,Male,H007,D009,Ward Boy,Full-Time,100206.37,2009-04-08,9207483097,rajesh.chetty42@yahoo.com
EMP00993,Indira,Reddy,Female,H028,D037,Housekeeping Staff,Part-Time,24935.05,2016-04-18,9313939286,indira.reddy2@yahoo.com
EMP00994,Kavya,Subramaniam,Female,H020,D027,Receptionist,Full-Time,57211.28,2011-04-15,9444656025,kavya.subramaniam43@gmail.com
EMP00995,Sangeetha,Shetty,Female,H029,D039,Staff Nurse,Full-Time,24002.29,2024-12-27,9745883598,sangeetha.shetty72@outlook.com
EMP00996,Deepak,Rao,Male,H021,D028,Receptionist,Full-Time,85335.53,2020-12-15,9133349482,deepak.rao6@yahoo.com
EMP00997,Venkatesh,Krishnan,Male,H009,D012,Staff Nurse,Full-Time,88589.62,2018-11-26,9428099355,venkatesh.krishnan57@rediffmail.com
EMP00998,Deepak,Kamath,Male,H012,,Accountant,Contract,77970.61,2020-05-23,9126421125,deepak.kamath99@outlook.com
EMP00999,Pradeep,Rao,Male,H015,D020,HR Executive,Full-Time,91136.37,2007-12-13,9503324765,pradeep.rao47@yahoo.com
EMP01000,Rajesh,Mudaliar,Male,H014,D018,Housekeeping Staff,Full-Time,25720.03,2007-05-20,9344799107,rajesh.mudaliar27@outlook.com
EMP01001,Latha,Subramaniam,Female,H024,D032,Housekeeping Staff,Part-Time,79383.78,2007-08-15,9487734553,latha.subramaniam21@outlook.com
EMP01002,Lokesh,Achari,Male,H020,,Housekeeping Staff,Full-Time,20112.49,2014-08-03,9939267621,lokesh.achari52@yahoo.com
EMP01003,Suresh,Naicker,Male,H021,D028,Radiology Technician,Full-Time,85805.6,2012-12-03,9241776946,suresh.naicker80@yahoo.com
EMP01004,Deepika,Reddappa,Female,H005,,Security Staff,Full-Time,47159.25,2005-04-04,9837536493,deepika.reddappa52@yahoo.com
EMP01005,Varun,Gopalakrishnan,f,H020,D026,Radiology Technician,Full-Time,62913.66,2012-05-02,9102585992,varun.gopalakrishnan75@rediffmail.com
EMP01006,Uma,Kamath,M,H022,D029,Accountant,Full-Time,52082.24,2014-05-09,9756933848,uma.kamath15@yahoo.com
EMP01007,Ramesh,Chandrasekaran,Male,H018,D023,Security Staff,Full-Time,30431.93,2016-05-07,9236249064,ramesh.chandrasekaran45@rediffmail.com
EMP01008,Naveen,Gopalakrishnan,Male,H001,D001,Administrator,Full-Time,98570.25,2022-07-04,9129861393,naveen.gopalakrishnan75@rediffmail.com
EMP01009,Pradeep,Naidu,Male,H019,D025,Housekeeping Staff,Part-Time,99272.7,2008-02-18,9601006499,pradeep.naidu45@outlook.com
EMP01010,Meena,Gowda,Female,H013,,Radiology Technician,Full-Time,116237.6,2022-02-21,9953598780,meena.gowda93@yahoo.com
EMP01011,Prakash,Sundaram,Male,H002,D002,Receptionist,Full-Time,88251.33,2014-11-27,9131196328,prakash.sundaram26@yahoo.com
EMP01012,Usha,Rao,Female,H026,D034,Administrator,Part-Time,57434.63,2021-05-01,9811801159,usha.rao13@yahoo.com
EMP01013,Sathish,Murthy,Male,H004,D005,Administrator,Contract,100483.27,2022-12-01,9548450500,sathish.murthy80@outlook.com
EMP01014,Varun,Naidu,Male,H005,D006,IT Support,Full-Time,42290.52,2010-10-03,9671547113,varun.naidu72@outlook.com
EMP01015,Malini,Pillai,Female,H016,D021,Lab Technician,Full-Time,48104.4,2025-06-01,9954046778,malini.pillai58@outlook.com
EMP01016,Deepak,Pillai,Male,H008,D010,Receptionist,Full-Time,91743.07,2020-01-14,9594469181,deepak.pillai5@outlook.com
EMP01017,Sandeep,Iyengar,Male,H005,D006,Receptionist,Full-Time,111615.38,2021-10-26,9917730511,sandeep.iyengar87@yahoo.com
EMP01018,Anitha,Natarajan,Female,H015,D020,Staff Nurse,Full-Time,111787.8,2007-11-05,9544643049,anitha.natarajan96@gmail.com
EMP01019,Anand,Sundaram,Male,H005,D006,Pharmacist,Contract,18773.08,2011-12-10,9162308317,anand.sundaram80@rediffmail.com
EMP01020,Dinesh,Mudaliar,Male,H005,D006,Pharmacist,Full-Time,108419.83,2007-09-20,9200374942,dinesh.mudaliar26@yahoo.com
EMP01021,Harish,Reddappa,Male,H002,D002,HR Executive,Full-Time,80749.97,2019-01-31,9547564476,harish.reddappa25@outlook.com
EMP01022,Aishwarya,Sarma,Female,H028,D037,Lab Technician,Part-Time,50778.0,2021-12-03,9205636143,aishwarya.sarma32@rediffmail.com
EMP01023,Vijay,Pillai,Male,H010,D013,IT Support,Contract,48538.91,2013-07-19,9824817687,vijay.pillai85@yahoo.com
EMP01024,Rajesh,Menon,Male,H027,D036,Security Staff,Full-Time,62382.94,2016-12-12,9827739322,rajesh.menon39@rediffmail.com
EMP01025,Jayanthi,Achari,Female,H013,D017,Lab Technician,Full-Time,93700.79,2009-07-11,9493970186,jayanthi.achari18@gmail.com
EMP01026,Mahesh,Bhat,Male,H022,D030,HR Executive,Full-Time,47524.83,2018-09-23,9241076617,mahesh.bhat63@yahoo.com
EMP01027,Mohan,Reddappa,Male,H001,,HR Executive,Full-Time,56842.57,2019-05-30,9977194606,mohan.reddappa98@rediffmail.com
EMP01028,Aishwarya,Gowda,Female,H007,D009,Housekeeping Staff,Full-Time,101964.55,2022-01-19,9802491547,aishwarya.gowda6@yahoo.com
EMP01029,Ganesh,Kamath,Male,H027,D036,Accountant,Part-Time,48888.11,2008-06-01,9245908226,ganesh.kamath62@outlook.com
EMP01030,Anitha,Rao,Female,H027,,Lab Technician,Full-Time,74763.55,2010-03-14,9192929480,anitha.rao18@yahoo.com
EMP01031,Priya,Sundaram,Female,H012,D015,HR Executive,Full-Time,85331.02,2017-05-29,9678739148,priya.sundaram86@outlook.com
EMP01032,Srinivas,Iyengar,Male,H029,D039,Radiology Technician,Full-Time,40012.05,2022-03-20,9271110936,srinivas.iyengar24@yahoo.com
EMP01033,Ganesh,Raman,Male,H021,D028,HR Executive,Full-Time,33642.63,2015-08-13,9342606649,ganesh.raman86@outlook.com
EMP01034,Gopal,Shetty,F,H005,,IT Support,Full-Time,72014.2,2016-09-17,9506352491,gopal.shetty49@gmail.com
EMP01035,Mohan,Ramanathan,f,H005,D006,Lab Technician,Full-Time,80138.14,2006-07-08,9866966407,mohan.ramanathan2@yahoo.com
EMP01036,Mahesh,Reddy,Male,H017,D022,Staff Nurse,Full-Time,64082.03,2014-05-26,9486198532,mahesh.reddy94@gmail.com
EMP01037,Vidya,Iyengar,Female,H015,D020,Receptionist,Full-Time,96983.18,2009-12-29,9622177210,vidya.iyengar23@gmail.com
EMP01038,Anand,Panicker,F,H018,D023,HR Executive,Full-Time,33664.63,2010-10-26,9076144136,anand.panicker85@outlook.com
EMP01039,Lokesh,Ramanathan,Male,H015,D020,IT Support,Part-Time,110419.13,2011-12-09,9788284023,lokesh.ramanathan1@outlook.com
EMP01040,Ravi,Hegde,Male,H007,D008,Lab Technician,Full-Time,110638.95,2017-02-10,9308867463,ravi.hegde39@outlook.com
EMP01041,Vinod,Gowda,Male,H002,,HR Executive,Contract,65665.95,2005-04-27,9787263262,vinod.gowda64@gmail.com
EMP01042,Vijay,Varma,m,H026,D034,Ward Boy,Part-Time,56703.99,2017-09-04,9147907966,vijay.varma79@yahoo.com
EMP01043,Malini,Kamath,Female,H003,D004,Housekeeping Staff,Full-Time,81118.7,2011-02-28,9171817791,malini.kamath13@gmail.com
EMP01044,Indira,Ramanathan,Female,H007,D008,HR Executive,Full-Time,79115.89,2009-01-10,9274970164,indira.ramanathan34@gmail.com
EMP01045,Usha,Ramanathan,Female,H024,D032,Receptionist,Full-Time,51881.84,2019-09-28,9288553834,usha.ramanathan25@outlook.com
EMP01046,Anitha,Varma,Female,H011,D014,Housekeeping Staff,Full-Time,78480.56,2021-09-15,9955202575,anitha.varma45@outlook.com
EMP01047,Dinesh,Naidu,Male,H027,D036,HR Executive,Full-Time,63861.97,2008-10-08,9219641747,dinesh.naidu60@outlook.com
EMP01048,Deepika,Naicker,Female,H001,D001,Accountant,Full-Time,97309.55,2022-11-18,9767998293,deepika.naicker65@outlook.com
EMP01049,Muthu,Bhat,Male,H010,D013,Ward Boy,Full-Time,113923.65,2016-11-21,9246966124,muthu.bhat52@gmail.com
EMP01050,Suresh,Shetty,Male,H014,D018,Radiology Technician,Full-Time,108200.71,2011-12-26,9220860963,suresh.shetty29@yahoo.com
EMP01051,Naveen,Ramanathan,Male,H024,D032,Housekeeping Staff,Part-Time,118357.05,2009-02-09,9092535333,naveen.ramanathan76@gmail.com
EMP01052,Meena,Panicker,Female,H004,D005,Radiology Technician,Full-Time,54138.88,2014-12-17,9203755818,meena.panicker63@yahoo.com
EMP01053,Charitha,Naicker,Female,H017,,Administrator,Full-Time,26667.28,2007-04-02,9017422419,charitha.naicker11@outlook.com
EMP01054,Girish,Naidu,Male,H007,,Pharmacist,Full-Time,110975.38,2018-02-03,9092662739,girish.naidu11@yahoo.com
EMP01055,Sathish,Pillai,Male,H015,D020,Lab Technician,Full-Time,70356.49,2025-08-23,9287232828,sathish.pillai34@gmail.com
EMP01056,Kavya,Kamath,Female,H023,D031,Ward Boy,Full-Time,21015.88,2014-03-22,9357899852,kavya.kamath90@outlook.com
EMP01057,Raghav,Chandrasekaran,Male,H017,D022,Accountant,Part-Time,109985.34,2011-11-24,9599232247,raghav.chandrasekaran34@rediffmail.com
EMP01058,Malini,Nair,Female,H005,D006,Ward Boy,Full-Time,118102.26,2013-04-21,9657293444,malini.nair38@outlook.com
EMP01059,Shobha,Varma,Female,H008,D011,Radiology Technician,Full-Time,20417.53,2020-09-10,9275349119,shobha.varma6@rediffmail.com
EMP01060,Manasa,Nair,M,H014,D018,Staff Nurse,Full-Time,102631.21,2012-03-16,9545419275,manasa.nair98@gmail.com
EMP01061,Anitha,Raman,Female,H010,,Radiology Technician,Full-Time,23904.93,2022-03-22,9850091977,anitha.raman55@yahoo.com
EMP01062,Malini,Balasubramaniam,Female,H001,D001,Ward Boy,Full-Time,103520.24,2020-01-09,9415885107,malini.balasubramaniam3@rediffmail.com
EMP01063,Sandhya,Natarajan,Female,H006,D007,Radiology Technician,Part-Time,81012.82,2015-08-02,9909607968,sandhya.natarajan40@yahoo.com
EMP01064,Karthik,Gopalakrishnan,Male,H021,D028,Radiology Technician,Part-Time,36320.68,2015-09-06,9461576071,karthik.gopalakrishnan4@yahoo.com
EMP01065,Lakshmi,Rao,Female,H015,D019,Security Staff,Part-Time,62552.9,2022-03-25,9505362428,lakshmi.rao46@gmail.com
EMP01066,Balaji,Reddy,Male,H008,D011,Radiology Technician,Full-Time,56173.55,2016-11-20,9013586547,balaji.reddy61@rediffmail.com
EMP01067,Elango,Subramaniam,Male,H012,D015,Receptionist,Full-Time,84178.5,2020-07-10,9316507143,elango.subramaniam35@outlook.com
EMP01068,Ramya,Iyer,Female,H025,D033,IT Support,Contract,80674.85,2007-01-11,9774561130,ramya.iyer66@yahoo.com
EMP01069,Charitha,Gowda,Female,H015,D019,Administrator,Full-Time,85440.74,2025-02-12,9628911260,charitha.gowda33@gmail.com
EMP01070,Tarun,Iyer,Male,H018,,Pharmacist,Full-Time,47192.77,2013-08-02,9282429064,tarun.iyer30@yahoo.com
EMP01071,Gopal,Varma,Male,H007,D008,Security Staff,Full-Time,106580.31,2024-06-04,9163307354,gopal.varma71@gmail.com
EMP01072,Pradeep,Gopalakrishnan,Male,H005,D006,Accountant,Contract,88565.68,2013-02-10,9688400926,pradeep.gopalakrishnan46@gmail.com
EMP01073,Radha,Sundaram,Female,H029,D039,Receptionist,Part-Time,99530.31,2017-09-22,9670002361,radha.sundaram35@gmail.com
EMP01074,Jyothi,Pillai,Female,H018,,Pharmacist,Part-Time,109545.86,2022-08-06,9627580447,jyothi.pillai31@yahoo.com
EMP01075,Ramya,Mudaliar,Female,H028,D037,Pharmacist,Full-Time,77032.68,2018-06-08,9105947947,ramya.mudaliar36@outlook.com
EMP01076,Mahesh,Iyer,Male,H007,D008,Staff Nurse,Full-Time,48738.56,2014-12-18,9496453769,mahesh.iyer46@outlook.com
EMP01077,Karthik,Murthy,Male,H025,D033,IT Support,Full-Time,49398.0,2013-05-11,9013879021,karthik.murthy67@outlook.com
EMP01078,Anitha,Natarajan,Female,H030,D040,Security Staff,Full-Time,103518.34,2016-05-17,9443192923,anitha.natarajan92@gmail.com
EMP01079,Ramya,Sundaram,Female,H028,D038,Administrator,Full-Time,73368.02,2019-04-11,9792789415,ramya.sundaram16@gmail.com
EMP01080,Mahesh,Venkatesh,Male,H011,D014,Receptionist,Contract,102127.31,2022-05-03,9111510572,mahesh.venkatesh31@yahoo.com
EMP01081,Krishnan,Hegde,Male,H005,D006,Pharmacist,Full-Time,43987.16,2011-01-09,9801371338,krishnan.hegde25@gmail.com
EMP01082,Lokesh,Rao,Male,H026,D035,Ward Boy,Full-Time,32717.77,2015-12-20,9137273785,lokesh.rao8@rediffmail.com
EMP01083,Suresh,Krishnan,Male,H004,D005,Pharmacist,Full-Time,65643.1,2008-01-03,9081460228,suresh.krishnan24@rediffmail.com
EMP01084,Ishwarya,Achari,Female,H004,D005,HR Executive,Full-Time,43919.88,2013-12-14,9866425895,ishwarya.achari27@outlook.com
EMP01085,Kavya,Ramanathan,m,H021,D028,Radiology Technician,Part-Time,71955.88,2020-09-14,9757243868,kavya.ramanathan83@outlook.com
EMP01086,Lokesh,Krishnan,Male,H009,D012,Housekeeping Staff,Contract,112720.35,2006-07-02,9676604872,lokesh.krishnan12@gmail.com
EMP01087,Charitha,Murthy,Female,H029,D039,Ward Boy,Full-Time,68146.93,2007-07-08,9929968447,charitha.murthy38@outlook.com
EMP01088,Rajesh,Gowda,Male,H017,,Accountant,Full-Time,102805.93,2005-02-06,9982286363,rajesh.gowda36@rediffmail.com
EMP01089,Srinivas,Sundaram,Male,H010,,Lab Technician,Full-Time,107465.92,2006-12-01,9629038455,srinivas.sundaram78@gmail.com
EMP01090,Yamuna,Naidu,Female,H021,,Security Staff,Full-Time,108578.49,2011-10-06,9461681439,yamuna.naidu86@gmail.com
EMP01091,Ishwarya,Sarma,Female,H005,D006,Radiology Technician,Full-Time,44958.98,2008-07-11,9383758446,ishwarya.sarma65@gmail.com
EMP01092,Meena,Murthy,Female,H027,D036,Accountant,Part-Time,81456.58,2017-01-11,9030330755,meena.murthy78@gmail.com
EMP01093,Deepika,Gopalakrishnan,Female,H007,D009,Housekeeping Staff,Part-Time,19851.43,2024-04-07,9288539616,deepika.gopalakrishnan54@gmail.com
EMP01094,Venkatesh,Shetty,Male,H005,D006,Radiology Technician,Contract,40973.79,2005-06-25,9948906353,venkatesh.shetty64@rediffmail.com
EMP01095,Harish,Shetty,Male,H014,D018,Pharmacist,Full-Time,44080.94,2011-10-01,9063592643,harish.shetty64@rediffmail.com
EMP01096,Ramesh,Chetty,m,H002,,Administrator,Full-Time,45945.93,2019-08-06,9751361862,ramesh.chetty60@gmail.com
EMP01097,Vani,Gopalakrishnan,Female,H004,D005,Pharmacist,Full-Time,44178.97,2010-10-24,9207283523,vani.gopalakrishnan29@yahoo.com
EMP01098,Kavya,Subramaniam,Female,H001,D001,HR Executive,Full-Time,18871.58,2006-04-12,9329623754,kavya.subramaniam84@outlook.com
EMP01099,Manoj,Panicker,Male,H004,D005,HR Executive,Full-Time,58933.04,2020-02-29,9508984843,manoj.panicker23@outlook.com
EMP01100,Yamuna,Naidu,Female,H015,D020,Lab Technician,Part-Time,53817.49,2025-01-28,9421437272,yamuna.naidu90@yahoo.com
EMP01101,Vani,Subramaniam,Female,H014,D018,Pharmacist,Full-Time,37024.14,2020-11-03,9297672862,vani.subramaniam79@gmail.com
EMP01102,Malini,Chandrasekaran,Female,H026,D034,HR Executive,Contract,22183.21,2023-11-06,9923318893,malini.chandrasekaran81@rediffmail.com
EMP01103,Pradeep,Subramaniam,Male,H029,,Staff Nurse,Contract,40774.13,2024-11-17,9199088173,pradeep.subramaniam9@yahoo.com
EMP01104,Jyothi,Sundaram,Female,H003,D003,Pharmacist,Full-Time,114957.46,2015-04-07,9825745772,jyothi.sundaram99@rediffmail.com
EMP01105,Deepa,Iyer,Female,H003,D003,Administrator,Full-Time,80481.83,2023-06-09,9552843552,deepa.iyer54@rediffmail.com
EMP01106,Usha,Subramaniam,Female,H012,,Pharmacist,Full-Time,109034.98,2021-06-11,9852175123,usha.subramaniam29@rediffmail.com
EMP01107,Venkatesh,Achari,Male,H019,D024,Radiology Technician,Full-Time,21229.36,2010-07-27,9276107789,venkatesh.achari46@gmail.com
EMP01108,Ravi,Naicker,Male,H025,D033,Administrator,Full-Time,62897.1,2024-03-25,9322146292,ravi.naicker2@gmail.com
EMP01109,Balaji,Naidu,Male,H027,D036,Accountant,Full-Time,32346.34,2016-07-04,9718945873,balaji.naidu75@rediffmail.com
EMP01110,Pooja,Ramanathan,Female,H001,D001,Radiology Technician,Part-Time,36288.17,2021-12-14,9971034413,pooja.ramanathan15@outlook.com
EMP01111,Priya,Iyengar,Female,H005,D006,HR Executive,Full-Time,98558.75,2013-02-16,9343754601,priya.iyengar18@gmail.com
EMP01112,Haritha,Naidu,Female,H008,,Administrator,Contract,106667.99,2021-09-07,9924786086,haritha.naidu86@outlook.com
EMP01113,Vani,Ramanathan,Female,H014,D018,Housekeeping Staff,Part-Time,68866.18,2008-01-11,9869986666,vani.ramanathan26@gmail.com
EMP01114,Chitra,Reddy,Female,H002,D002,HR Executive,Full-Time,33925.07,2017-02-05,9215537881,chitra.reddy98@outlook.com
EMP01115,Krishnan,Raman,Male,H017,D022,Radiology Technician,Full-Time,47077.11,2025-03-24,9379740971,krishnan.raman53@yahoo.com
EMP01116,Geetha,Gopalakrishnan,Female,H014,,Receptionist,Full-Time,113902.42,2017-06-20,9852922042,geetha.gopalakrishnan84@rediffmail.com
EMP01117,Uday,Kamath,Male,H009,D012,Ward Boy,Full-Time,119709.14,2025-04-10,9712020886,uday.kamath70@rediffmail.com
EMP01118,Sathish,Reddappa,Male,H017,,Receptionist,Full-Time,24382.34,2018-01-31,9225016669,sathish.reddappa7@yahoo.com
EMP01119,Pradeep,Pillai,Male,H011,D014,Housekeeping Staff,Contract,22151.68,2012-07-30,9256900196,pradeep.pillai3@outlook.com
EMP01120,Usha,Panicker,Female,H022,D030,Security Staff,Full-Time,54159.85,2006-07-06,9548894764,usha.panicker13@outlook.com
EMP01121,Nithin,Murthy,Male,H005,D006,Administrator,Full-Time,42829.58,2007-07-24,9033787594,nithin.murthy36@rediffmail.com
EMP01122,Vijay,Krishnan,Male,H005,D006,Receptionist,Contract,66302.33,2025-03-16,9853552278,vijay.krishnan68@gmail.com
EMP01123,Geetha,Bhat,Female,H004,D005,Radiology Technician,Contract,81237.71,2006-05-21,9823813983,geetha.bhat37@rediffmail.com
EMP01124,Anitha,Chandrasekaran,Female,H026,D035,Accountant,Contract,54446.25,2015-09-30,9299347188,anitha.chandrasekaran30@gmail.com
EMP01125,Chitra,Balasubramaniam,Female,H026,,Radiology Technician,Full-Time,96759.48,2012-05-05,9645163351,chitra.balasubramaniam67@outlook.com
EMP01126,Anitha,Sundaram,f,H011,D014,Security Staff,Full-Time,26047.48,2016-09-22,9733171394,anitha.sundaram79@rediffmail.com
EMP01127,Harish,Balasubramaniam,Male,H025,D033,Staff Nurse,Full-Time,83861.77,2025-11-20,9666147634,harish.balasubramaniam76@outlook.com
EMP01128,Ramya,Gopalakrishnan,Female,H025,D033,Security Staff,Full-Time,116613.06,2018-12-20,9053046218,ramya.gopalakrishnan18@gmail.com
EMP01129,Sandhya,Chetty,m,H018,D023,Radiology Technician,Full-Time,49581.14,2016-05-29,9305333025,sandhya.chetty4@outlook.com
EMP01130,Abhinav,Subramaniam,Male,H010,D013,Receptionist,Full-Time,26125.27,2022-12-29,9424400261,abhinav.subramaniam2@outlook.com
EMP01131,Jyothi,Bhat,Female,H026,D035,Radiology Technician,Full-Time,72200.55,2014-07-06,9810358609,jyothi.bhat52@yahoo.com
EMP01132,Lokesh,Reddy,f,H018,D023,Lab Technician,Full-Time,61511.93,2020-09-16,9822664956,lokesh.reddy22@rediffmail.com
EMP01133,Manasa,Krishnan,Female,H003,D003,HR Executive,Full-Time,60035.9,2016-08-18,9479100311,manasa.krishnan48@gmail.com
EMP01134,Pooja,Natarajan,Female,H029,D039,Administrator,Full-Time,70808.27,2008-08-19,9532486122,pooja.natarajan44@gmail.com
EMP01135,Anand,Menon,Male,H021,D028,Lab Technician,Full-Time,19890.92,2025-02-22,9016276845,anand.menon39@rediffmail.com
EMP01136,Kiran,Sarma,Male,H028,,Pharmacist,Part-Time,52251.74,2010-12-26,9771679185,kiran.sarma40@gmail.com
EMP01137,Raghav,Reddappa,Male,H021,D028,Staff Nurse,Full-Time,31770.33,2021-11-03,9981603572,raghav.reddappa72@outlook.com
EMP01138,Geetha,Panicker,Female,H008,D010,Radiology Technician,Full-Time,68016.06,2012-05-15,9000289854,geetha.panicker49@outlook.com
EMP01139,Deepak,Nair,F,H018,D023,Radiology Technician,Full-Time,74711.13,2008-09-11,9467045481,deepak.nair34@gmail.com
EMP01140,Radha,Pillai,f,H002,D002,Administrator,Contract,91880.23,2016-10-25,9745170448,radha.pillai36@outlook.com
EMP01141,Kala,Varma,Female,H007,D008,IT Support,Part-Time,56319.76,2022-02-26,9192652332,kala.varma46@yahoo.com
EMP01142,Raghav,Rao,Male,H005,D006,Administrator,Contract,51651.14,2018-09-01,9004088015,raghav.rao69@rediffmail.com
EMP01143,Srinivas,Gopalakrishnan,Male,H018,,Receptionist,Part-Time,46541.4,2025-07-11,9919682887,srinivas.gopalakrishnan97@yahoo.com
EMP01144,Malini,Panicker,Female,H025,D033,Ward Boy,Full-Time,70779.91,2010-08-03,9291558491,malini.panicker70@rediffmail.com
EMP01145,Vinod,Naicker,Male,H016,D021,Staff Nurse,Full-Time,64685.44,2006-07-06,9425477733,vinod.naicker95@outlook.com
EMP01146,Pradeep,Panicker,Male,H026,,Security Staff,Full-Time,106093.83,2007-03-07,9286080130,pradeep.panicker44@rediffmail.com
EMP01147,Bhavani,Murthy,Female,H021,D028,Housekeeping Staff,Full-Time,62484.1,2010-06-17,9079443593,bhavani.murthy52@outlook.com
EMP01148,Indira,Sarma,M,H003,D004,Housekeeping Staff,Full-Time,52388.8,2023-12-19,9287406077,indira.sarma55@yahoo.com
EMP01149,Charitha,Nair,Female,H026,D034,Lab Technician,Full-Time,47263.45,2020-05-01,9230419057,charitha.nair91@outlook.com
EMP01150,Priya,Reddappa,Female,H001,D001,Security Staff,Full-Time,47738.46,2014-03-15,9619086328,priya.reddappa45@gmail.com
EMP01151,Priya,Chetty,Female,H018,D023,Accountant,Full-Time,87755.04,2005-05-23,9338169395,priya.chetty5@yahoo.com
EMP01152,Karthik,Chetty,Male,H027,D036,Ward Boy,Part-Time,103341.61,2011-11-17,9095018539,karthik.chetty12@gmail.com
EMP01153,Bhavya,Reddy,Female,H007,D008,Staff Nurse,Full-Time,96959.09,2018-02-03,9912703237,bhavya.reddy53@gmail.com
EMP01154,Manasa,Naidu,f,H005,D006,Lab Technician,Full-Time,76832.82,2016-08-23,9209657818,manasa.naidu21@outlook.com
EMP01155,Divya,Chandrasekaran,Female,H024,D032,IT Support,Contract,38480.59,2015-01-07,9600142758,divya.chandrasekaran94@rediffmail.com
EMP01156,Anitha,Naicker,Female,H028,D038,Ward Boy,Full-Time,81062.11,2021-05-15,9505810140,anitha.naicker36@gmail.com
EMP01157,Indira,Menon,Female,H030,D040,HR Executive,Full-Time,36831.8,2025-01-08,9804898091,indira.menon50@rediffmail.com
EMP01158,Latha,Naicker,Female,H028,D038,Ward Boy,Full-Time,24762.66,2018-03-27,9811589973,latha.naicker84@gmail.com
EMP01159,Divya,Naidu,Female,H005,D006,Security Staff,Full-Time,86418.96,2023-08-05,9122607451,divya.naidu65@outlook.com
EMP01160,Radha,Reddy,F,H016,D021,Staff Nurse,Full-Time,109294.26,2019-03-23,9192404719,radha.reddy95@yahoo.com
EMP01161,Varun,Reddy,Male,H001,D001,HR Executive,Contract,62879.12,2009-12-28,9114176569,varun.reddy17@yahoo.com
EMP01162,Jyothi,Panicker,Female,H005,,HR Executive,Full-Time,77951.73,2017-08-10,9297555356,jyothi.panicker58@rediffmail.com
EMP01163,Ganesh,Gowda,Male,H023,D031,Administrator,Full-Time,30269.29,2019-09-02,9443360955,ganesh.gowda33@gmail.com
EMP01164,Chandran,Ramanathan,Male,H003,D004,IT Support,Full-Time,81781.63,2017-02-14,9627908030,chandran.ramanathan66@gmail.com
EMP01165,Raghav,Gopalakrishnan,Male,H004,,Lab Technician,Part-Time,90462.1,2010-02-01,9361051635,raghav.gopalakrishnan3@outlook.com
EMP01166,Devi,Venkatesh,Female,H004,D005,Security Staff,Full-Time,20689.35,2022-05-11,9885816608,devi.venkatesh22@yahoo.com
EMP01167,Pooja,Naidu,Female,H021,,Housekeeping Staff,Part-Time,61811.31,2016-05-18,9857889304,pooja.naidu4@outlook.com
EMP01168,Ganesh,Gopalakrishnan,Male,H017,,Ward Boy,Part-Time,97806.99,2006-05-10,9091973923,ganesh.gopalakrishnan38@outlook.com
EMP01169,Yamuna,Pillai,Female,H002,D002,Staff Nurse,Full-Time,22531.6,2016-10-10,9748208402,yamuna.pillai28@outlook.com
EMP01170,Kavya,Chetty,Female,H030,D040,Housekeeping Staff,Full-Time,67276.7,2023-02-26,9509634571,kavya.chetty8@gmail.com
EMP01171,Senthil,Subramaniam,Male,H014,D018,IT Support,Full-Time,76134.28,2011-02-27,9026042308,senthil.subramaniam50@outlook.com
EMP01172,Vijay,Menon,Male,H026,D034,Receptionist,Full-Time,20721.44,2005-03-10,9921465142,vijay.menon8@rediffmail.com
EMP01173,Shobha,Chandrasekaran,Female,H022,,Housekeeping Staff,Full-Time,118329.61,2013-04-18,9296999828,shobha.chandrasekaran32@outlook.com
EMP01174,Shobha,Krishnan,Female,H001,D001,IT Support,Full-Time,102109.54,2024-05-15,9128384942,shobha.krishnan56@outlook.com
EMP01175,Indira,Naidu,Female,H017,D022,Administrator,Full-Time,42230.85,2023-12-08,9715772842,indira.naidu59@rediffmail.com
EMP01176,Malini,Reddy,M,H028,D037,Receptionist,Part-Time,101472.44,2013-12-19,9130890341,malini.reddy85@outlook.com
EMP01177,Geetha,Panicker,Female,H022,D029,Accountant,Full-Time,107058.46,2023-12-22,9631697540,geetha.panicker10@yahoo.com
EMP01178,Mahesh,Sarma,Male,H018,D023,Security Staff,Full-Time,36482.09,2010-08-13,9152858455,mahesh.sarma43@gmail.com
EMP01179,Karthik,Chetty,Male,H017,D022,Receptionist,Full-Time,48053.6,2015-06-22,9688591486,karthik.chetty35@yahoo.com
EMP01180,Nandini,Chetty,Female,H002,D002,Accountant,Full-Time,29531.29,2025-10-15,9983080356,nandini.chetty15@yahoo.com
EMP01181,Malini,Sarma,Female,H005,D006,Housekeeping Staff,Full-Time,72637.73,2011-10-18,9486356415,malini.sarma71@outlook.com
EMP01182,Bhavani,Menon,Female,H029,,Administrator,Full-Time,74647.19,2007-05-17,9798945987,bhavani.menon63@rediffmail.com
EMP01183,Suresh,Mudaliar,Male,H021,,Housekeeping Staff,Full-Time,95915.28,2006-05-25,9791096686,suresh.mudaliar28@gmail.com
EMP01184,Sandhya,Sarma,Female,H008,D011,Ward Boy,Full-Time,54184.52,2014-10-01,9225849893,sandhya.sarma19@yahoo.com
EMP01185,Mahesh,Iyengar,Male,H015,D020,Administrator,Full-Time,28075.6,2005-10-05,9964691855,mahesh.iyengar93@rediffmail.com
EMP01186,Nithin,Gopalakrishnan,Male,H019,D025,Staff Nurse,Full-Time,102047.24,2019-05-30,9631037790,nithin.gopalakrishnan54@yahoo.com
EMP01187,Vijay,Sarma,Male,H012,D015,Lab Technician,Contract,18066.96,2014-10-04,9267266764,vijay.sarma37@rediffmail.com
EMP01188,Girish,Chandrasekaran,Male,H026,D034,Security Staff,Full-Time,51406.62,2014-04-13,9864609872,girish.chandrasekaran7@gmail.com
EMP01189,Usha,Gopalakrishnan,Female,H013,D016,Lab Technician,Full-Time,62841.97,2023-11-07,9396965710,usha.gopalakrishnan11@outlook.com
EMP01190,Indira,Kamath,Female,H007,D008,Ward Boy,Full-Time,82966.98,2005-10-04,9007496044,indira.kamath46@outlook.com
EMP01191,Harish,Varma,Male,H013,D017,Lab Technician,Part-Time,56203.23,2015-04-07,9976160163,harish.varma18@outlook.com
EMP01192,Raghav,Chetty,Male,H012,D015,HR Executive,Contract,118854.95,2015-05-24,9912295075,raghav.chetty62@yahoo.com
EMP01193,Sangeetha,Kamath,Female,H013,D017,Administrator,Full-Time,88256.89,2025-12-29,9114994619,sangeetha.kamath93@gmail.com
EMP01194,Sandhya,Kamath,Female,H028,D038,Receptionist,Full-Time,68121.57,2025-06-28,9418036663,sandhya.kamath10@outlook.com
EMP01195,Lakshmi,Reddappa,Female,H027,D036,Ward Boy,Full-Time,119131.94,2017-01-13,9159411735,lakshmi.reddappa10@yahoo.com
EMP01196,Raghav,Shetty,Male,H017,D022,Radiology Technician,Contract,84461.93,2012-12-27,9722706864,raghav.shetty8@rediffmail.com
EMP01197,Ramya,Reddy,Female,H023,D031,IT Support,Full-Time,98376.75,2006-08-01,9776708614,ramya.reddy63@yahoo.com
EMP01198,Naveen,Sundaram,Male,H008,D010,Lab Technician,Full-Time,75405.13,2014-11-05,9427044411,naveen.sundaram53@rediffmail.com
EMP01199,Lakshmi,Bhat,Female,H022,D029,Accountant,Part-Time,79714.46,2022-07-09,9602952164,lakshmi.bhat94@yahoo.com
EMP01200,Anitha,Nair,Female,H001,D001,Accountant,Full-Time,38760.23,2025-01-11,9914069398,anitha.nair21@yahoo.com
